meta_column,label_value,score_group,mean_score,count,log_count,sample
scAB,Other,Neg_ctrl_1,0.0809318370049922,30476,4.48397221504393,Sample_100_GSE162228
scAB,Other,Neg_ctrl_2,0.142229340346628,30476,4.48397221504393,Sample_100_GSE162228
scAB,Other,Neg_ctrl_3,-0.0355375900706059,30476,4.48397221504393,Sample_100_GSE162228
scAB,Other,Neg_ctrl_4,0.286232099921894,30476,4.48397221504393,Sample_100_GSE162228
scAB,Other,Neg_ctrl_5,0.0686258322495724,30476,4.48397221504393,Sample_100_GSE162228
scAB,Other,Neg_ctrl_6,0.213381855754861,30476,4.48397221504393,Sample_100_GSE162228
scAB,Other,Neg_ctrl_7,0.310738127970114,30476,4.48397221504393,Sample_100_GSE162228
scAB,Other,Neg_ctrl_8,0.160774359866162,30476,4.48397221504393,Sample_100_GSE162228
scAB,Other,Neg_ctrl_9,-0.0735542021862296,30476,4.48397221504393,Sample_100_GSE162228
scAB,Other,Neg_ctrl_10,-0.136106609466595,30476,4.48397221504393,Sample_100_GSE162228
scAB,Other,Neg_ctrl_11,-0.210860823197448,30476,4.48397221504393,Sample_100_GSE162228
scAB,Other,Neg_ctrl_12,0.0420701582158427,30476,4.48397221504393,Sample_100_GSE162228
scAB,Other,Neg_ctrl_13,0.233120680703366,30476,4.48397221504393,Sample_100_GSE162228
scAB,Other,Neg_ctrl_14,-0.0618850464047718,30476,4.48397221504393,Sample_100_GSE162228
scAB,Other,Neg_ctrl_15,0.308976045373526,30476,4.48397221504393,Sample_100_GSE162228
scAB,Other,Neg_ctrl_16,-0.073427969669956,30476,4.48397221504393,Sample_100_GSE162228
scAB,Other,Neg_ctrl_17,-0.202142048044469,30476,4.48397221504393,Sample_100_GSE162228
scAB,Other,Neg_ctrl_18,-0.122232032326077,30476,4.48397221504393,Sample_100_GSE162228
scAB,Other,Neg_ctrl_19,-0.156426188040648,30476,4.48397221504393,Sample_100_GSE162228
scAB,Other,Neg_ctrl_20,0.180427134261165,30476,4.48397221504393,Sample_100_GSE162228
scAB,Other,Neg_ctrl_21,0.337717332238069,30476,4.48397221504393,Sample_100_GSE162228
scAB,Other,Neg_ctrl_22,-0.337227405487252,30476,4.48397221504393,Sample_100_GSE162228
scAB,Other,Neg_ctrl_23,-0.0512535355223195,30476,4.48397221504393,Sample_100_GSE162228
scAB,Other,Neg_ctrl_24,-0.122583421623978,30476,4.48397221504393,Sample_100_GSE162228
scAB,Other,Neg_ctrl_25,-0.112884489922983,30476,4.48397221504393,Sample_100_GSE162228
scAB,Other,Neg_ctrl_26,0.159666736925717,30476,4.48397221504393,Sample_100_GSE162228
scAB,Other,Neg_ctrl_27,0.00289999387358704,30476,4.48397221504393,Sample_100_GSE162228
scAB,Other,Neg_ctrl_28,-0.0484418435025045,30476,4.48397221504393,Sample_100_GSE162228
scAB,Other,Neg_ctrl_29,-0.226195000432183,30476,4.48397221504393,Sample_100_GSE162228
scAB,Other,Neg_ctrl_30,0.228837201484082,30476,4.48397221504393,Sample_100_GSE162228
scAB,Other,Neg_ctrl_31,-0.344328994143821,30476,4.48397221504393,Sample_100_GSE162228
scAB,Other,Neg_ctrl_32,-0.334718990276637,30476,4.48397221504393,Sample_100_GSE162228
scAB,Other,Neg_ctrl_33,0.0216843108831241,30476,4.48397221504393,Sample_100_GSE162228
scAB,Other,Neg_ctrl_34,0.153348836477381,30476,4.48397221504393,Sample_100_GSE162228
scAB,Other,Neg_ctrl_35,-0.094232096861252,30476,4.48397221504393,Sample_100_GSE162228
scAB,Other,Neg_ctrl_36,4.33326005477503e-05,30476,4.48397221504393,Sample_100_GSE162228
scAB,Other,Neg_ctrl_37,0.0559133723557383,30476,4.48397221504393,Sample_100_GSE162228
scAB,Other,Neg_ctrl_38,-0.0153460869434421,30476,4.48397221504393,Sample_100_GSE162228
scAB,Other,Neg_ctrl_39,-0.151058125039134,30476,4.48397221504393,Sample_100_GSE162228
scAB,Other,Neg_ctrl_40,-0.217780529320151,30476,4.48397221504393,Sample_100_GSE162228
scAB,Other,Neg_ctrl_41,0.223534743992136,30476,4.48397221504393,Sample_100_GSE162228
scAB,Other,Neg_ctrl_42,0.0818634626054666,30476,4.48397221504393,Sample_100_GSE162228
scAB,Other,Neg_ctrl_43,-0.0526419551796673,30476,4.48397221504393,Sample_100_GSE162228
scAB,Other,Neg_ctrl_44,-0.322693480495608,30476,4.48397221504393,Sample_100_GSE162228
scAB,Other,Neg_ctrl_45,-0.0528571843116022,30476,4.48397221504393,Sample_100_GSE162228
scAB,Other,Neg_ctrl_46,-0.332036202984324,30476,4.48397221504393,Sample_100_GSE162228
scAB,Other,Neg_ctrl_47,-0.128720385828781,30476,4.48397221504393,Sample_100_GSE162228
scAB,Other,Neg_ctrl_48,-0.135997653256873,30476,4.48397221504393,Sample_100_GSE162228
scAB,Other,Neg_ctrl_49,0.0655764446285792,30476,4.48397221504393,Sample_100_GSE162228
scAB,Other,Neg_ctrl_50,-0.165461844953371,30476,4.48397221504393,Sample_100_GSE162228
scAB,Other,Neg_ctrl_51,-0.0815892456466492,30476,4.48397221504393,Sample_100_GSE162228
scAB,Other,Neg_ctrl_52,-0.326620423721197,30476,4.48397221504393,Sample_100_GSE162228
scAB,Other,Neg_ctrl_53,-0.166394893912365,30476,4.48397221504393,Sample_100_GSE162228
scAB,Other,Neg_ctrl_54,0.00359918134340209,30476,4.48397221504393,Sample_100_GSE162228
scAB,Other,Neg_ctrl_55,0.0522776979169948,30476,4.48397221504393,Sample_100_GSE162228
scAB,Other,Neg_ctrl_56,-0.0606209651394453,30476,4.48397221504393,Sample_100_GSE162228
scAB,Other,Neg_ctrl_57,-0.17077672217476,30476,4.48397221504393,Sample_100_GSE162228
scAB,Other,Neg_ctrl_58,-0.0641156896132422,30476,4.48397221504393,Sample_100_GSE162228
scAB,Other,Neg_ctrl_59,-0.024758522389673,30476,4.48397221504393,Sample_100_GSE162228
scAB,Other,Neg_ctrl_60,-0.180701509493712,30476,4.48397221504393,Sample_100_GSE162228
scAB,Other,Neg_ctrl_61,0.144706159799547,30476,4.48397221504393,Sample_100_GSE162228
scAB,Other,Neg_ctrl_62,0.0636737417630791,30476,4.48397221504393,Sample_100_GSE162228
scAB,Other,Neg_ctrl_63,-0.133885728071196,30476,4.48397221504393,Sample_100_GSE162228
scAB,Other,Neg_ctrl_64,-0.0645094466778941,30476,4.48397221504393,Sample_100_GSE162228
scAB,Other,Neg_ctrl_65,0.250741012462006,30476,4.48397221504393,Sample_100_GSE162228
scAB,Other,Neg_ctrl_66,0.0807853070261691,30476,4.48397221504393,Sample_100_GSE162228
scAB,Other,Neg_ctrl_67,-0.349810845522543,30476,4.48397221504393,Sample_100_GSE162228
scAB,Other,Neg_ctrl_68,-0.0812266977103042,30476,4.48397221504393,Sample_100_GSE162228
scAB,Other,Neg_ctrl_69,0.0838240442142387,30476,4.48397221504393,Sample_100_GSE162228
scAB,Other,Neg_ctrl_70,-0.0360684633433947,30476,4.48397221504393,Sample_100_GSE162228
scAB,Other,Neg_ctrl_71,0.304870159287111,30476,4.48397221504393,Sample_100_GSE162228
scAB,Other,Neg_ctrl_72,0.163899642763492,30476,4.48397221504393,Sample_100_GSE162228
scAB,Other,Neg_ctrl_73,-0.147127727534738,30476,4.48397221504393,Sample_100_GSE162228
scAB,Other,Neg_ctrl_74,0.210539728705295,30476,4.48397221504393,Sample_100_GSE162228
scAB,Other,Neg_ctrl_75,-0.278176412196039,30476,4.48397221504393,Sample_100_GSE162228
scAB,Other,Neg_ctrl_76,0.00646771823211329,30476,4.48397221504393,Sample_100_GSE162228
scAB,Other,Neg_ctrl_77,-0.139019560064305,30476,4.48397221504393,Sample_100_GSE162228
scAB,Other,Neg_ctrl_78,0.0140681004822327,30476,4.48397221504393,Sample_100_GSE162228
scAB,Other,Neg_ctrl_79,0.249598770933738,30476,4.48397221504393,Sample_100_GSE162228
scAB,Other,Neg_ctrl_80,0.18987616373223,30476,4.48397221504393,Sample_100_GSE162228
scAB,Other,Neg_ctrl_81,-0.010819675212268,30476,4.48397221504393,Sample_100_GSE162228
scAB,Other,Neg_ctrl_82,0.0286795345286604,30476,4.48397221504393,Sample_100_GSE162228
scAB,Other,Neg_ctrl_83,-0.0860991190984254,30476,4.48397221504393,Sample_100_GSE162228
scAB,Other,Neg_ctrl_84,-0.244206998167946,30476,4.48397221504393,Sample_100_GSE162228
scAB,Other,Neg_ctrl_85,0.133426731063608,30476,4.48397221504393,Sample_100_GSE162228
scAB,Other,Neg_ctrl_86,0.196082294522822,30476,4.48397221504393,Sample_100_GSE162228
scAB,Other,Neg_ctrl_87,0.227505228855448,30476,4.48397221504393,Sample_100_GSE162228
scAB,Other,Neg_ctrl_88,-0.183935904198359,30476,4.48397221504393,Sample_100_GSE162228
scAB,Other,Neg_ctrl_89,0.0841387605624454,30476,4.48397221504393,Sample_100_GSE162228
scAB,Other,Neg_ctrl_90,-0.326102671033056,30476,4.48397221504393,Sample_100_GSE162228
scAB,Other,Neg_ctrl_91,0.0922828746681643,30476,4.48397221504393,Sample_100_GSE162228
scAB,Other,Neg_ctrl_92,0.286612712807529,30476,4.48397221504393,Sample_100_GSE162228
scAB,Other,Neg_ctrl_93,0.300332193596257,30476,4.48397221504393,Sample_100_GSE162228
scAB,Other,Neg_ctrl_94,0.149727784424435,30476,4.48397221504393,Sample_100_GSE162228
scAB,Other,Neg_ctrl_95,0.107804978415244,30476,4.48397221504393,Sample_100_GSE162228
scAB,Other,Neg_ctrl_96,0.1278936443025,30476,4.48397221504393,Sample_100_GSE162228
scAB,Other,Neg_ctrl_97,-0.0704412146722657,30476,4.48397221504393,Sample_100_GSE162228
scAB,Other,Neg_ctrl_98,-0.144153760006513,30476,4.48397221504393,Sample_100_GSE162228
scAB,Other,Neg_ctrl_99,0.220406016824948,30476,4.48397221504393,Sample_100_GSE162228
scAB,Other,Neg_ctrl_100,0.20660505977556,30476,4.48397221504393,Sample_100_GSE162228
scAB,Positive,Neg_ctrl_1,0.077275727238362,1396,3.14519640611418,Sample_100_GSE162228
scAB,Positive,Neg_ctrl_2,0.155306065928848,1396,3.14519640611418,Sample_100_GSE162228
scAB,Positive,Neg_ctrl_3,-0.0430269737091393,1396,3.14519640611418,Sample_100_GSE162228
scAB,Positive,Neg_ctrl_4,0.287315736840968,1396,3.14519640611418,Sample_100_GSE162228
scAB,Positive,Neg_ctrl_5,0.0954396196832438,1396,3.14519640611418,Sample_100_GSE162228
scAB,Positive,Neg_ctrl_6,0.244900173121574,1396,3.14519640611418,Sample_100_GSE162228
scAB,Positive,Neg_ctrl_7,0.321270242677584,1396,3.14519640611418,Sample_100_GSE162228
scAB,Positive,Neg_ctrl_8,0.153079167481985,1396,3.14519640611418,Sample_100_GSE162228
scAB,Positive,Neg_ctrl_9,-0.048507155092542,1396,3.14519640611418,Sample_100_GSE162228
scAB,Positive,Neg_ctrl_10,-0.149358672793547,1396,3.14519640611418,Sample_100_GSE162228
scAB,Positive,Neg_ctrl_11,-0.236918885243963,1396,3.14519640611418,Sample_100_GSE162228
scAB,Positive,Neg_ctrl_12,0.0750888188046816,1396,3.14519640611418,Sample_100_GSE162228
scAB,Positive,Neg_ctrl_13,0.227730611012503,1396,3.14519640611418,Sample_100_GSE162228
scAB,Positive,Neg_ctrl_14,-0.0700653564568234,1396,3.14519640611418,Sample_100_GSE162228
scAB,Positive,Neg_ctrl_15,0.314964960846161,1396,3.14519640611418,Sample_100_GSE162228
scAB,Positive,Neg_ctrl_16,-0.0766307229124193,1396,3.14519640611418,Sample_100_GSE162228
scAB,Positive,Neg_ctrl_17,-0.185425826447904,1396,3.14519640611418,Sample_100_GSE162228
scAB,Positive,Neg_ctrl_18,-0.140267680059148,1396,3.14519640611418,Sample_100_GSE162228
scAB,Positive,Neg_ctrl_19,-0.165111959901065,1396,3.14519640611418,Sample_100_GSE162228
scAB,Positive,Neg_ctrl_20,0.181769109462118,1396,3.14519640611418,Sample_100_GSE162228
scAB,Positive,Neg_ctrl_21,0.341179534901137,1396,3.14519640611418,Sample_100_GSE162228
scAB,Positive,Neg_ctrl_22,-0.349159568646706,1396,3.14519640611418,Sample_100_GSE162228
scAB,Positive,Neg_ctrl_23,-0.0356041435376705,1396,3.14519640611418,Sample_100_GSE162228
scAB,Positive,Neg_ctrl_24,-0.133364999066147,1396,3.14519640611418,Sample_100_GSE162228
scAB,Positive,Neg_ctrl_25,-0.109800964807188,1396,3.14519640611418,Sample_100_GSE162228
scAB,Positive,Neg_ctrl_26,0.175879945807619,1396,3.14519640611418,Sample_100_GSE162228
scAB,Positive,Neg_ctrl_27,0.00161637152002966,1396,3.14519640611418,Sample_100_GSE162228
scAB,Positive,Neg_ctrl_28,-0.046596262769327,1396,3.14519640611418,Sample_100_GSE162228
scAB,Positive,Neg_ctrl_29,-0.24475194916315,1396,3.14519640611418,Sample_100_GSE162228
scAB,Positive,Neg_ctrl_30,0.255260395172906,1396,3.14519640611418,Sample_100_GSE162228
scAB,Positive,Neg_ctrl_31,-0.352029776909621,1396,3.14519640611418,Sample_100_GSE162228
scAB,Positive,Neg_ctrl_32,-0.338441540645393,1396,3.14519640611418,Sample_100_GSE162228
scAB,Positive,Neg_ctrl_33,0.00346861057206147,1396,3.14519640611418,Sample_100_GSE162228
scAB,Positive,Neg_ctrl_34,0.166981468064278,1396,3.14519640611418,Sample_100_GSE162228
scAB,Positive,Neg_ctrl_35,-0.100934064393792,1396,3.14519640611418,Sample_100_GSE162228
scAB,Positive,Neg_ctrl_36,-0.0116193639275188,1396,3.14519640611418,Sample_100_GSE162228
scAB,Positive,Neg_ctrl_37,0.0538838384827833,1396,3.14519640611418,Sample_100_GSE162228
scAB,Positive,Neg_ctrl_38,-0.0264079588322416,1396,3.14519640611418,Sample_100_GSE162228
scAB,Positive,Neg_ctrl_39,-0.180896425335879,1396,3.14519640611418,Sample_100_GSE162228
scAB,Positive,Neg_ctrl_40,-0.236825528091553,1396,3.14519640611418,Sample_100_GSE162228
scAB,Positive,Neg_ctrl_41,0.219855578828029,1396,3.14519640611418,Sample_100_GSE162228
scAB,Positive,Neg_ctrl_42,0.081792235224526,1396,3.14519640611418,Sample_100_GSE162228
scAB,Positive,Neg_ctrl_43,-0.0344860727595057,1396,3.14519640611418,Sample_100_GSE162228
scAB,Positive,Neg_ctrl_44,-0.343362701388684,1396,3.14519640611418,Sample_100_GSE162228
scAB,Positive,Neg_ctrl_45,-0.0552333286500872,1396,3.14519640611418,Sample_100_GSE162228
scAB,Positive,Neg_ctrl_46,-0.349592121257687,1396,3.14519640611418,Sample_100_GSE162228
scAB,Positive,Neg_ctrl_47,-0.163962942972693,1396,3.14519640611418,Sample_100_GSE162228
scAB,Positive,Neg_ctrl_48,-0.153572013132713,1396,3.14519640611418,Sample_100_GSE162228
scAB,Positive,Neg_ctrl_49,0.0572212005020999,1396,3.14519640611418,Sample_100_GSE162228
scAB,Positive,Neg_ctrl_50,-0.174463925477624,1396,3.14519640611418,Sample_100_GSE162228
scAB,Positive,Neg_ctrl_51,-0.0827352487701904,1396,3.14519640611418,Sample_100_GSE162228
scAB,Positive,Neg_ctrl_52,-0.356095280893483,1396,3.14519640611418,Sample_100_GSE162228
scAB,Positive,Neg_ctrl_53,-0.179729138896678,1396,3.14519640611418,Sample_100_GSE162228
scAB,Positive,Neg_ctrl_54,-0.00661739968884586,1396,3.14519640611418,Sample_100_GSE162228
scAB,Positive,Neg_ctrl_55,0.0558366305476524,1396,3.14519640611418,Sample_100_GSE162228
scAB,Positive,Neg_ctrl_56,-0.0659840084886754,1396,3.14519640611418,Sample_100_GSE162228
scAB,Positive,Neg_ctrl_57,-0.132781845423705,1396,3.14519640611418,Sample_100_GSE162228
scAB,Positive,Neg_ctrl_58,-0.0666556378660528,1396,3.14519640611418,Sample_100_GSE162228
scAB,Positive,Neg_ctrl_59,-0.0169912877326189,1396,3.14519640611418,Sample_100_GSE162228
scAB,Positive,Neg_ctrl_60,-0.18643203128539,1396,3.14519640611418,Sample_100_GSE162228
scAB,Positive,Neg_ctrl_61,0.153450664901306,1396,3.14519640611418,Sample_100_GSE162228
scAB,Positive,Neg_ctrl_62,0.0817073525914369,1396,3.14519640611418,Sample_100_GSE162228
scAB,Positive,Neg_ctrl_63,-0.157133916773447,1396,3.14519640611418,Sample_100_GSE162228
scAB,Positive,Neg_ctrl_64,-0.0625077881894797,1396,3.14519640611418,Sample_100_GSE162228
scAB,Positive,Neg_ctrl_65,0.270926179291848,1396,3.14519640611418,Sample_100_GSE162228
scAB,Positive,Neg_ctrl_66,0.0829609116949713,1396,3.14519640611418,Sample_100_GSE162228
scAB,Positive,Neg_ctrl_67,-0.38029915760141,1396,3.14519640611418,Sample_100_GSE162228
scAB,Positive,Neg_ctrl_68,-0.077077321566302,1396,3.14519640611418,Sample_100_GSE162228
scAB,Positive,Neg_ctrl_69,0.128344780876697,1396,3.14519640611418,Sample_100_GSE162228
scAB,Positive,Neg_ctrl_70,-0.0264166453720066,1396,3.14519640611418,Sample_100_GSE162228
scAB,Positive,Neg_ctrl_71,0.316710653169837,1396,3.14519640611418,Sample_100_GSE162228
scAB,Positive,Neg_ctrl_72,0.176777265827229,1396,3.14519640611418,Sample_100_GSE162228
scAB,Positive,Neg_ctrl_73,-0.163438625919677,1396,3.14519640611418,Sample_100_GSE162228
scAB,Positive,Neg_ctrl_74,0.221974520798587,1396,3.14519640611418,Sample_100_GSE162228
scAB,Positive,Neg_ctrl_75,-0.297123712089681,1396,3.14519640611418,Sample_100_GSE162228
scAB,Positive,Neg_ctrl_76,0.00570318882547965,1396,3.14519640611418,Sample_100_GSE162228
scAB,Positive,Neg_ctrl_77,-0.1194602893241,1396,3.14519640611418,Sample_100_GSE162228
scAB,Positive,Neg_ctrl_78,-0.00497254190034835,1396,3.14519640611418,Sample_100_GSE162228
scAB,Positive,Neg_ctrl_79,0.267924628414456,1396,3.14519640611418,Sample_100_GSE162228
scAB,Positive,Neg_ctrl_80,0.198864215908996,1396,3.14519640611418,Sample_100_GSE162228
scAB,Positive,Neg_ctrl_81,-0.00720350593466061,1396,3.14519640611418,Sample_100_GSE162228
scAB,Positive,Neg_ctrl_82,0.0433439562191638,1396,3.14519640611418,Sample_100_GSE162228
scAB,Positive,Neg_ctrl_83,-0.0634659169081482,1396,3.14519640611418,Sample_100_GSE162228
scAB,Positive,Neg_ctrl_84,-0.254765524065322,1396,3.14519640611418,Sample_100_GSE162228
scAB,Positive,Neg_ctrl_85,0.134092289452015,1396,3.14519640611418,Sample_100_GSE162228
scAB,Positive,Neg_ctrl_86,0.198962754475498,1396,3.14519640611418,Sample_100_GSE162228
scAB,Positive,Neg_ctrl_87,0.236111175669878,1396,3.14519640611418,Sample_100_GSE162228
scAB,Positive,Neg_ctrl_88,-0.20765501438976,1396,3.14519640611418,Sample_100_GSE162228
scAB,Positive,Neg_ctrl_89,0.0895279113965807,1396,3.14519640611418,Sample_100_GSE162228
scAB,Positive,Neg_ctrl_90,-0.332102504752572,1396,3.14519640611418,Sample_100_GSE162228
scAB,Positive,Neg_ctrl_91,0.0793391814458614,1396,3.14519640611418,Sample_100_GSE162228
scAB,Positive,Neg_ctrl_92,0.296949560041028,1396,3.14519640611418,Sample_100_GSE162228
scAB,Positive,Neg_ctrl_93,0.299698346502672,1396,3.14519640611418,Sample_100_GSE162228
scAB,Positive,Neg_ctrl_94,0.143021776102002,1396,3.14519640611418,Sample_100_GSE162228
scAB,Positive,Neg_ctrl_95,0.111559825408514,1396,3.14519640611418,Sample_100_GSE162228
scAB,Positive,Neg_ctrl_96,0.126204521809727,1396,3.14519640611418,Sample_100_GSE162228
scAB,Positive,Neg_ctrl_97,-0.0580277066524851,1396,3.14519640611418,Sample_100_GSE162228
scAB,Positive,Neg_ctrl_98,-0.150943178862654,1396,3.14519640611418,Sample_100_GSE162228
scAB,Positive,Neg_ctrl_99,0.214225434271134,1396,3.14519640611418,Sample_100_GSE162228
scAB,Positive,Neg_ctrl_100,0.196754454801641,1396,3.14519640611418,Sample_100_GSE162228
scPAS,Neutral,Neg_ctrl_1,0.0807575399590839,31475,4.49797953663798,Sample_100_GSE162228
scPAS,Neutral,Neg_ctrl_2,0.142816932966525,31475,4.49797953663798,Sample_100_GSE162228
scPAS,Neutral,Neg_ctrl_3,-0.035888615817726,31475,4.49797953663798,Sample_100_GSE162228
scPAS,Neutral,Neg_ctrl_4,0.286338446966963,31475,4.49797953663798,Sample_100_GSE162228
scPAS,Neutral,Neg_ctrl_5,0.0704703273607806,31475,4.49797953663798,Sample_100_GSE162228
scPAS,Neutral,Neg_ctrl_6,0.214916121502905,31475,4.49797953663798,Sample_100_GSE162228
scPAS,Neutral,Neg_ctrl_7,0.311209961701991,31475,4.49797953663798,Sample_100_GSE162228
scPAS,Neutral,Neg_ctrl_8,0.16050182798654,31475,4.49797953663798,Sample_100_GSE162228
scPAS,Neutral,Neg_ctrl_9,-0.0722719927203599,31475,4.49797953663798,Sample_100_GSE162228
scPAS,Neutral,Neg_ctrl_10,-0.137041254236623,31475,4.49797953663798,Sample_100_GSE162228
scPAS,Neutral,Neg_ctrl_11,-0.212180245200615,31475,4.49797953663798,Sample_100_GSE162228
scPAS,Neutral,Neg_ctrl_12,0.0439804355227405,31475,4.49797953663798,Sample_100_GSE162228
scPAS,Neutral,Neg_ctrl_13,0.233110812597021,31475,4.49797953663798,Sample_100_GSE162228
scPAS,Neutral,Neg_ctrl_14,-0.062020430872521,31475,4.49797953663798,Sample_100_GSE162228
scPAS,Neutral,Neg_ctrl_15,0.309236597506642,31475,4.49797953663798,Sample_100_GSE162228
scPAS,Neutral,Neg_ctrl_16,-0.0734165867833495,31475,4.49797953663798,Sample_100_GSE162228
scPAS,Neutral,Neg_ctrl_17,-0.201471324646742,31475,4.49797953663798,Sample_100_GSE162228
scPAS,Neutral,Neg_ctrl_18,-0.123377023013489,31475,4.49797953663798,Sample_100_GSE162228
scPAS,Neutral,Neg_ctrl_19,-0.156940078044015,31475,4.49797953663798,Sample_100_GSE162228
scPAS,Neutral,Neg_ctrl_20,0.180702145435672,31475,4.49797953663798,Sample_100_GSE162228
scPAS,Neutral,Neg_ctrl_21,0.337655273016004,31475,4.49797953663798,Sample_100_GSE162228
scPAS,Neutral,Neg_ctrl_22,-0.337869551963947,31475,4.49797953663798,Sample_100_GSE162228
scPAS,Neutral,Neg_ctrl_23,-0.0502146577538426,31475,4.49797953663798,Sample_100_GSE162228
scPAS,Neutral,Neg_ctrl_24,-0.123067026147223,31475,4.49797953663798,Sample_100_GSE162228
scPAS,Neutral,Neg_ctrl_25,-0.112828509239667,31475,4.49797953663798,Sample_100_GSE162228
scPAS,Neutral,Neg_ctrl_26,0.160474028808469,31475,4.49797953663798,Sample_100_GSE162228
scPAS,Neutral,Neg_ctrl_27,0.00271040438473917,31475,4.49797953663798,Sample_100_GSE162228
scPAS,Neutral,Neg_ctrl_28,-0.0483196784529508,31475,4.49797953663798,Sample_100_GSE162228
scPAS,Neutral,Neg_ctrl_29,-0.227130344917833,31475,4.49797953663798,Sample_100_GSE162228
scPAS,Neutral,Neg_ctrl_30,0.229951539462185,31475,4.49797953663798,Sample_100_GSE162228
scPAS,Neutral,Neg_ctrl_31,-0.344769445117226,31475,4.49797953663798,Sample_100_GSE162228
scPAS,Neutral,Neg_ctrl_32,-0.334984866226271,31475,4.49797953663798,Sample_100_GSE162228
scPAS,Neutral,Neg_ctrl_33,0.0208073908269617,31475,4.49797953663798,Sample_100_GSE162228
scPAS,Neutral,Neg_ctrl_34,0.154108200935771,31475,4.49797953663798,Sample_100_GSE162228
scPAS,Neutral,Neg_ctrl_35,-0.0945522495320192,31475,4.49797953663798,Sample_100_GSE162228
scPAS,Neutral,Neg_ctrl_36,-0.000343608711208447,31475,4.49797953663798,Sample_100_GSE162228
scPAS,Neutral,Neg_ctrl_37,0.0557365973702551,31475,4.49797953663798,Sample_100_GSE162228
scPAS,Neutral,Neg_ctrl_38,-0.0160446367787285,31475,4.49797953663798,Sample_100_GSE162228
scPAS,Neutral,Neg_ctrl_39,-0.15238580555997,31475,4.49797953663798,Sample_100_GSE162228
scPAS,Neutral,Neg_ctrl_40,-0.218886935212475,31475,4.49797953663798,Sample_100_GSE162228
scPAS,Neutral,Neg_ctrl_41,0.223404848937836,31475,4.49797953663798,Sample_100_GSE162228
scPAS,Neutral,Neg_ctrl_42,0.0815777970026702,31475,4.49797953663798,Sample_100_GSE162228
scPAS,Neutral,Neg_ctrl_43,-0.0515690354642049,31475,4.49797953663798,Sample_100_GSE162228
scPAS,Neutral,Neg_ctrl_44,-0.323743476726467,31475,4.49797953663798,Sample_100_GSE162228
scPAS,Neutral,Neg_ctrl_45,-0.0530386771252547,31475,4.49797953663798,Sample_100_GSE162228
scPAS,Neutral,Neg_ctrl_46,-0.332978205544144,31475,4.49797953663798,Sample_100_GSE162228
scPAS,Neutral,Neg_ctrl_47,-0.130720579467034,31475,4.49797953663798,Sample_100_GSE162228
scPAS,Neutral,Neg_ctrl_48,-0.136555064058855,31475,4.49797953663798,Sample_100_GSE162228
scPAS,Neutral,Neg_ctrl_49,0.0653826025059504,31475,4.49797953663798,Sample_100_GSE162228
scPAS,Neutral,Neg_ctrl_50,-0.165806563671493,31475,4.49797953663798,Sample_100_GSE162228
scPAS,Neutral,Neg_ctrl_51,-0.081742173298292,31475,4.49797953663798,Sample_100_GSE162228
scPAS,Neutral,Neg_ctrl_52,-0.32789711114118,31475,4.49797953663798,Sample_100_GSE162228
scPAS,Neutral,Neg_ctrl_53,-0.166975219636656,31475,4.49797953663798,Sample_100_GSE162228
scPAS,Neutral,Neg_ctrl_54,0.0034370519569777,31475,4.49797953663798,Sample_100_GSE162228
scPAS,Neutral,Neg_ctrl_55,0.0525483109133779,31475,4.49797953663798,Sample_100_GSE162228
scPAS,Neutral,Neg_ctrl_56,-0.0607120937763111,31475,4.49797953663798,Sample_100_GSE162228
scPAS,Neutral,Neg_ctrl_57,-0.169228092221826,31475,4.49797953663798,Sample_100_GSE162228
scPAS,Neutral,Neg_ctrl_58,-0.0641926463607426,31475,4.49797953663798,Sample_100_GSE162228
scPAS,Neutral,Neg_ctrl_59,-0.0242979011006722,31475,4.49797953663798,Sample_100_GSE162228
scPAS,Neutral,Neg_ctrl_60,-0.181054506864332,31475,4.49797953663798,Sample_100_GSE162228
scPAS,Neutral,Neg_ctrl_61,0.144870532127112,31475,4.49797953663798,Sample_100_GSE162228
scPAS,Neutral,Neg_ctrl_62,0.064637651078597,31475,4.49797953663798,Sample_100_GSE162228
scPAS,Neutral,Neg_ctrl_63,-0.134902555996026,31475,4.49797953663798,Sample_100_GSE162228
scPAS,Neutral,Neg_ctrl_64,-0.0642299117302045,31475,4.49797953663798,Sample_100_GSE162228
scPAS,Neutral,Neg_ctrl_65,0.251782112644134,31475,4.49797953663798,Sample_100_GSE162228
scPAS,Neutral,Neg_ctrl_66,0.0807886025036639,31475,4.49797953663798,Sample_100_GSE162228
scPAS,Neutral,Neg_ctrl_67,-0.351276709183349,31475,4.49797953663798,Sample_100_GSE162228
scPAS,Neutral,Neg_ctrl_68,-0.0809285203966875,31475,4.49797953663798,Sample_100_GSE162228
scPAS,Neutral,Neg_ctrl_69,0.0855557002938254,31475,4.49797953663798,Sample_100_GSE162228
scPAS,Neutral,Neg_ctrl_70,-0.0359196309251001,31475,4.49797953663798,Sample_100_GSE162228
scPAS,Neutral,Neg_ctrl_71,0.305405218832891,31475,4.49797953663798,Sample_100_GSE162228
scPAS,Neutral,Neg_ctrl_72,0.164677250277477,31475,4.49797953663798,Sample_100_GSE162228
scPAS,Neutral,Neg_ctrl_73,-0.147833150397064,31475,4.49797953663798,Sample_100_GSE162228
scPAS,Neutral,Neg_ctrl_74,0.211015554079231,31475,4.49797953663798,Sample_100_GSE162228
scPAS,Neutral,Neg_ctrl_75,-0.279277525409881,31475,4.49797953663798,Sample_100_GSE162228
scPAS,Neutral,Neg_ctrl_76,0.0064566348233842,31475,4.49797953663798,Sample_100_GSE162228
scPAS,Neutral,Neg_ctrl_77,-0.138178096445448,31475,4.49797953663798,Sample_100_GSE162228
scPAS,Neutral,Neg_ctrl_78,0.013295375021979,31475,4.49797953663798,Sample_100_GSE162228
scPAS,Neutral,Neg_ctrl_79,0.250628768416769,31475,4.49797953663798,Sample_100_GSE162228
scPAS,Neutral,Neg_ctrl_80,0.19023010204917,31475,4.49797953663798,Sample_100_GSE162228
scPAS,Neutral,Neg_ctrl_81,-0.0108662349010705,31475,4.49797953663798,Sample_100_GSE162228
scPAS,Neutral,Neg_ctrl_82,0.0296293548358177,31475,4.49797953663798,Sample_100_GSE162228
scPAS,Neutral,Neg_ctrl_83,-0.0848945772520889,31475,4.49797953663798,Sample_100_GSE162228
scPAS,Neutral,Neg_ctrl_84,-0.244996632496624,31475,4.49797953663798,Sample_100_GSE162228
scPAS,Neutral,Neg_ctrl_85,0.133323723107248,31475,4.49797953663798,Sample_100_GSE162228
scPAS,Neutral,Neg_ctrl_86,0.196337958425293,31475,4.49797953663798,Sample_100_GSE162228
scPAS,Neutral,Neg_ctrl_87,0.227934688458929,31475,4.49797953663798,Sample_100_GSE162228
scPAS,Neutral,Neg_ctrl_88,-0.18532944187682,31475,4.49797953663798,Sample_100_GSE162228
scPAS,Neutral,Neg_ctrl_89,0.0844317657752576,31475,4.49797953663798,Sample_100_GSE162228
scPAS,Neutral,Neg_ctrl_90,-0.326338130588716,31475,4.49797953663798,Sample_100_GSE162228
scPAS,Neutral,Neg_ctrl_91,0.0918367628676009,31475,4.49797953663798,Sample_100_GSE162228
scPAS,Neutral,Neg_ctrl_92,0.287205933507047,31475,4.49797953663798,Sample_100_GSE162228
scPAS,Neutral,Neg_ctrl_93,0.30030688246474,31475,4.49797953663798,Sample_100_GSE162228
scPAS,Neutral,Neg_ctrl_94,0.149409867457516,31475,4.49797953663798,Sample_100_GSE162228
scPAS,Neutral,Neg_ctrl_95,0.107846645953967,31475,4.49797953663798,Sample_100_GSE162228
scPAS,Neutral,Neg_ctrl_96,0.127940322284681,31475,4.49797953663798,Sample_100_GSE162228
scPAS,Neutral,Neg_ctrl_97,-0.0696556031373713,31475,4.49797953663798,Sample_100_GSE162228
scPAS,Neutral,Neg_ctrl_98,-0.144480581342759,31475,4.49797953663798,Sample_100_GSE162228
scPAS,Neutral,Neg_ctrl_99,0.220216434500102,31475,4.49797953663798,Sample_100_GSE162228
scPAS,Neutral,Neg_ctrl_100,0.206269120749622,31475,4.49797953663798,Sample_100_GSE162228
scPAS,Positive,Neg_ctrl_1,0.0818942306718603,397,2.59988307207369,Sample_100_GSE162228
scPAS,Positive,Neg_ctrl_2,0.141626396269926,397,2.59988307207369,Sample_100_GSE162228
scPAS,Positive,Neg_ctrl_3,-0.0340429909995498,397,2.59988307207369,Sample_100_GSE162228
scPAS,Positive,Neg_ctrl_4,0.281611152555375,397,2.59988307207369,Sample_100_GSE162228
scPAS,Positive,Neg_ctrl_5,0.0166776298116103,397,2.59988307207369,Sample_100_GSE162228
scPAS,Positive,Neg_ctrl_6,0.202572174707683,397,2.59988307207369,Sample_100_GSE162228
scPAS,Positive,Neg_ctrl_7,0.310364993009877,397,2.59988307207369,Sample_100_GSE162228
scPAS,Positive,Neg_ctrl_8,0.155322098764882,397,2.59988307207369,Sample_100_GSE162228
scPAS,Positive,Neg_ctrl_9,-0.0871357266080459,397,2.59988307207369,Sample_100_GSE162228
scPAS,Positive,Neg_ctrl_10,-0.108605189486183,397,2.59988307207369,Sample_100_GSE162228
scPAS,Positive,Neg_ctrl_11,-0.197884115558271,397,2.59988307207369,Sample_100_GSE162228
scPAS,Positive,Neg_ctrl_12,0.00672525128238351,397,2.59988307207369,Sample_100_GSE162228
scPAS,Positive,Neg_ctrl_13,0.214949550624635,397,2.59988307207369,Sample_100_GSE162228
scPAS,Positive,Neg_ctrl_14,-0.0799164990754368,397,2.59988307207369,Sample_100_GSE162228
scPAS,Positive,Neg_ctrl_15,0.309378180411236,397,2.59988307207369,Sample_100_GSE162228
scPAS,Positive,Neg_ctrl_16,-0.0855925033788169,397,2.59988307207369,Sample_100_GSE162228
scPAS,Positive,Neg_ctrl_17,-0.196537951305637,397,2.59988307207369,Sample_100_GSE162228
scPAS,Positive,Neg_ctrl_18,-0.0948748090240264,397,2.59988307207369,Sample_100_GSE162228
scPAS,Positive,Neg_ctrl_19,-0.146226313131721,397,2.59988307207369,Sample_100_GSE162228
scPAS,Positive,Neg_ctrl_20,0.163342551548125,397,2.59988307207369,Sample_100_GSE162228
scPAS,Positive,Neg_ctrl_21,0.354811913931141,397,2.59988307207369,Sample_100_GSE162228
scPAS,Positive,Neg_ctrl_22,-0.328274608048016,397,2.59988307207369,Sample_100_GSE162228
scPAS,Positive,Neg_ctrl_23,-0.0785888668881707,397,2.59988307207369,Sample_100_GSE162228
scPAS,Positive,Neg_ctrl_24,-0.122154277392565,397,2.59988307207369,Sample_100_GSE162228
scPAS,Positive,Neg_ctrl_25,-0.106479933111179,397,2.59988307207369,Sample_100_GSE162228
scPAS,Positive,Neg_ctrl_26,0.152674614984939,397,2.59988307207369,Sample_100_GSE162228
scPAS,Positive,Neg_ctrl_27,0.0134173549716238,397,2.59988307207369,Sample_100_GSE162228
scPAS,Positive,Neg_ctrl_28,-0.0516375972334615,397,2.59988307207369,Sample_100_GSE162228
scPAS,Positive,Neg_ctrl_29,-0.217292060237181,397,2.59988307207369,Sample_100_GSE162228
scPAS,Positive,Neg_ctrl_30,0.233403928256845,397,2.59988307207369,Sample_100_GSE162228
scPAS,Positive,Neg_ctrl_31,-0.336487932060931,397,2.59988307207369,Sample_100_GSE162228
scPAS,Positive,Neg_ctrl_32,-0.326729657279217,397,2.59988307207369,Sample_100_GSE162228
scPAS,Positive,Neg_ctrl_33,0.0271551953502969,397,2.59988307207369,Sample_100_GSE162228
scPAS,Positive,Neg_ctrl_34,0.141082230350169,397,2.59988307207369,Sample_100_GSE162228
scPAS,Positive,Neg_ctrl_35,-0.0924163320326196,397,2.59988307207369,Sample_100_GSE162228
scPAS,Positive,Neg_ctrl_36,-0.0102895302852315,397,2.59988307207369,Sample_100_GSE162228
scPAS,Positive,Neg_ctrl_37,0.0627918695381966,397,2.59988307207369,Sample_100_GSE162228
scPAS,Positive,Neg_ctrl_38,0.00113875665573722,397,2.59988307207369,Sample_100_GSE162228
scPAS,Positive,Neg_ctrl_39,-0.150719391590639,397,2.59988307207369,Sample_100_GSE162228
scPAS,Positive,Neg_ctrl_40,-0.197031644745694,397,2.59988307207369,Sample_100_GSE162228
scPAS,Positive,Neg_ctrl_41,0.220895782442967,397,2.59988307207369,Sample_100_GSE162228
scPAS,Positive,Neg_ctrl_42,0.104261174001482,397,2.59988307207369,Sample_100_GSE162228
scPAS,Positive,Neg_ctrl_43,-0.0738624493500232,397,2.59988307207369,Sample_100_GSE162228
scPAS,Positive,Neg_ctrl_44,-0.312128243720912,397,2.59988307207369,Sample_100_GSE162228
scPAS,Positive,Neg_ctrl_45,-0.0468234593413651,397,2.59988307207369,Sample_100_GSE162228
scPAS,Positive,Neg_ctrl_46,-0.319085400312438,397,2.59988307207369,Sample_100_GSE162228
scPAS,Positive,Neg_ctrl_47,-0.0940667712415326,397,2.59988307207369,Sample_100_GSE162228
scPAS,Positive,Neg_ctrl_48,-0.153602946441421,397,2.59988307207369,Sample_100_GSE162228
scPAS,Positive,Neg_ctrl_49,0.0515645051051056,397,2.59988307207369,Sample_100_GSE162228
scPAS,Positive,Neg_ctrl_50,-0.169786486663597,397,2.59988307207369,Sample_100_GSE162228
scPAS,Positive,Neg_ctrl_51,-0.073494592057243,397,2.59988307207369,Sample_100_GSE162228
scPAS,Positive,Neg_ctrl_52,-0.329046529687363,397,2.59988307207369,Sample_100_GSE162228
scPAS,Positive,Neg_ctrl_53,-0.167273618914948,397,2.59988307207369,Sample_100_GSE162228
scPAS,Positive,Neg_ctrl_54,-0.0194721654659445,397,2.59988307207369,Sample_100_GSE162228
scPAS,Positive,Neg_ctrl_55,0.0433374608672436,397,2.59988307207369,Sample_100_GSE162228
scPAS,Positive,Neg_ctrl_56,-0.0722545537293069,397,2.59988307207369,Sample_100_GSE162228
scPAS,Positive,Neg_ctrl_57,-0.15995123054794,397,2.59988307207369,Sample_100_GSE162228
scPAS,Positive,Neg_ctrl_58,-0.0669458007803674,397,2.59988307207369,Sample_100_GSE162228
scPAS,Positive,Neg_ctrl_59,-0.0339650601479988,397,2.59988307207369,Sample_100_GSE162228
scPAS,Positive,Neg_ctrl_60,-0.172865781989747,397,2.59988307207369,Sample_100_GSE162228
scPAS,Positive,Neg_ctrl_61,0.162423313733893,397,2.59988307207369,Sample_100_GSE162228
scPAS,Positive,Neg_ctrl_62,0.0506658702529017,397,2.59988307207369,Sample_100_GSE162228
scPAS,Positive,Neg_ctrl_63,-0.135018757024099,397,2.59988307207369,Sample_100_GSE162228
scPAS,Positive,Neg_ctrl_64,-0.0796329913345826,397,2.59988307207369,Sample_100_GSE162228
scPAS,Positive,Neg_ctrl_65,0.23917895871394,397,2.59988307207369,Sample_100_GSE162228
scPAS,Positive,Neg_ctrl_66,0.088174271669764,397,2.59988307207369,Sample_100_GSE162228
scPAS,Positive,Neg_ctrl_67,-0.340802344107633,397,2.59988307207369,Sample_100_GSE162228
scPAS,Positive,Neg_ctrl_68,-0.0902760726449608,397,2.59988307207369,Sample_100_GSE162228
scPAS,Positive,Neg_ctrl_69,0.103086193523549,397,2.59988307207369,Sample_100_GSE162228
scPAS,Positive,Neg_ctrl_70,-0.0139288222294595,397,2.59988307207369,Sample_100_GSE162228
scPAS,Positive,Neg_ctrl_71,0.304085096961759,397,2.59988307207369,Sample_100_GSE162228
scPAS,Positive,Neg_ctrl_72,0.147531797157169,397,2.59988307207369,Sample_100_GSE162228
scPAS,Positive,Neg_ctrl_73,-0.148555509785795,397,2.59988307207369,Sample_100_GSE162228
scPAS,Positive,Neg_ctrl_74,0.213024278119879,397,2.59988307207369,Sample_100_GSE162228
scPAS,Positive,Neg_ctrl_75,-0.257503596694437,397,2.59988307207369,Sample_100_GSE162228
scPAS,Positive,Neg_ctrl_76,0.00465806391999323,397,2.59988307207369,Sample_100_GSE162228
scPAS,Positive,Neg_ctrl_77,-0.136954888654264,397,2.59988307207369,Sample_100_GSE162228
scPAS,Positive,Neg_ctrl_78,0.00837741306510763,397,2.59988307207369,Sample_100_GSE162228
scPAS,Positive,Neg_ctrl_79,0.232378937847333,397,2.59988307207369,Sample_100_GSE162228
scPAS,Positive,Neg_ctrl_80,0.193420527241207,397,2.59988307207369,Sample_100_GSE162228
scPAS,Positive,Neg_ctrl_81,0.00558747470359795,397,2.59988307207369,Sample_100_GSE162228
scPAS,Positive,Neg_ctrl_82,0.00494134438299017,397,2.59988307207369,Sample_100_GSE162228
scPAS,Positive,Neg_ctrl_83,-0.102010968861188,397,2.59988307207369,Sample_100_GSE162228
scPAS,Positive,Neg_ctrl_84,-0.218730831058601,397,2.59988307207369,Sample_100_GSE162228
scPAS,Positive,Neg_ctrl_85,0.143933771206343,397,2.59988307207369,Sample_100_GSE162228
scPAS,Positive,Neg_ctrl_86,0.185941490401106,397,2.59988307207369,Sample_100_GSE162228
scPAS,Positive,Neg_ctrl_87,0.223718480073028,397,2.59988307207369,Sample_100_GSE162228
scPAS,Positive,Neg_ctrl_88,-0.156858522328411,397,2.59988307207369,Sample_100_GSE162228
scPAS,Positive,Neg_ctrl_89,0.0798589507165583,397,2.59988307207369,Sample_100_GSE162228
scPAS,Positive,Neg_ctrl_90,-0.328532591330459,397,2.59988307207369,Sample_100_GSE162228
scPAS,Positive,Neg_ctrl_91,0.0821367114046816,397,2.59988307207369,Sample_100_GSE162228
scPAS,Positive,Neg_ctrl_92,0.275929128980529,397,2.59988307207369,Sample_100_GSE162228
scPAS,Positive,Neg_ctrl_93,0.300110070981237,397,2.59988307207369,Sample_100_GSE162228
scPAS,Positive,Neg_ctrl_94,0.151352088997946,397,2.59988307207369,Sample_100_GSE162228
scPAS,Positive,Neg_ctrl_95,0.117704929602384,397,2.59988307207369,Sample_100_GSE162228
scPAS,Positive,Neg_ctrl_96,0.118253330728025,397,2.59988307207369,Sample_100_GSE162228
scPAS,Positive,Neg_ctrl_97,-0.0890756375064969,397,2.59988307207369,Sample_100_GSE162228
scPAS,Positive,Neg_ctrl_98,-0.142116800723969,397,2.59988307207369,Sample_100_GSE162228
scPAS,Positive,Neg_ctrl_99,0.213703272314642,397,2.59988307207369,Sample_100_GSE162228
scPAS,Positive,Neg_ctrl_100,0.198600617200766,397,2.59988307207369,Sample_100_GSE162228
scPP,Negative,Neg_ctrl_1,0.0848615419922275,1502,3.17695898058691,Sample_100_GSE162228
scPP,Negative,Neg_ctrl_2,0.122060701050185,1502,3.17695898058691,Sample_100_GSE162228
scPP,Negative,Neg_ctrl_3,-0.0414228553027755,1502,3.17695898058691,Sample_100_GSE162228
scPP,Negative,Neg_ctrl_4,0.29634440140681,1502,3.17695898058691,Sample_100_GSE162228
scPP,Negative,Neg_ctrl_5,0.127759777030411,1502,3.17695898058691,Sample_100_GSE162228
scPP,Negative,Neg_ctrl_6,0.258008440553392,1502,3.17695898058691,Sample_100_GSE162228
scPP,Negative,Neg_ctrl_7,0.313216049672286,1502,3.17695898058691,Sample_100_GSE162228
scPP,Negative,Neg_ctrl_8,0.134788936824007,1502,3.17695898058691,Sample_100_GSE162228
scPP,Negative,Neg_ctrl_9,-0.066424642546314,1502,3.17695898058691,Sample_100_GSE162228
scPP,Negative,Neg_ctrl_10,-0.132977800807357,1502,3.17695898058691,Sample_100_GSE162228
scPP,Negative,Neg_ctrl_11,-0.221463967706038,1502,3.17695898058691,Sample_100_GSE162228
scPP,Negative,Neg_ctrl_12,0.111689170039411,1502,3.17695898058691,Sample_100_GSE162228
scPP,Negative,Neg_ctrl_13,0.233024821755316,1502,3.17695898058691,Sample_100_GSE162228
scPP,Negative,Neg_ctrl_14,-0.054465832906061,1502,3.17695898058691,Sample_100_GSE162228
scPP,Negative,Neg_ctrl_15,0.307765202206523,1502,3.17695898058691,Sample_100_GSE162228
scPP,Negative,Neg_ctrl_16,-0.0527130062691143,1502,3.17695898058691,Sample_100_GSE162228
scPP,Negative,Neg_ctrl_17,-0.208016802474563,1502,3.17695898058691,Sample_100_GSE162228
scPP,Negative,Neg_ctrl_18,-0.131374710214903,1502,3.17695898058691,Sample_100_GSE162228
scPP,Negative,Neg_ctrl_19,-0.170288518684751,1502,3.17695898058691,Sample_100_GSE162228
scPP,Negative,Neg_ctrl_20,0.179688661184678,1502,3.17695898058691,Sample_100_GSE162228
scPP,Negative,Neg_ctrl_21,0.331748783446404,1502,3.17695898058691,Sample_100_GSE162228
scPP,Negative,Neg_ctrl_22,-0.339645366117635,1502,3.17695898058691,Sample_100_GSE162228
scPP,Negative,Neg_ctrl_23,-0.0135688178316965,1502,3.17695898058691,Sample_100_GSE162228
scPP,Negative,Neg_ctrl_24,-0.122207021042183,1502,3.17695898058691,Sample_100_GSE162228
scPP,Negative,Neg_ctrl_25,-0.115634530104871,1502,3.17695898058691,Sample_100_GSE162228
scPP,Negative,Neg_ctrl_26,0.155601968944419,1502,3.17695898058691,Sample_100_GSE162228
scPP,Negative,Neg_ctrl_27,0.000379809559392031,1502,3.17695898058691,Sample_100_GSE162228
scPP,Negative,Neg_ctrl_28,-0.0595353272274082,1502,3.17695898058691,Sample_100_GSE162228
scPP,Negative,Neg_ctrl_29,-0.2231330278413,1502,3.17695898058691,Sample_100_GSE162228
scPP,Negative,Neg_ctrl_30,0.244328299803975,1502,3.17695898058691,Sample_100_GSE162228
scPP,Negative,Neg_ctrl_31,-0.374133749440349,1502,3.17695898058691,Sample_100_GSE162228
scPP,Negative,Neg_ctrl_32,-0.313542415645837,1502,3.17695898058691,Sample_100_GSE162228
scPP,Negative,Neg_ctrl_33,0.0124193678542563,1502,3.17695898058691,Sample_100_GSE162228
scPP,Negative,Neg_ctrl_34,0.164014964609313,1502,3.17695898058691,Sample_100_GSE162228
scPP,Negative,Neg_ctrl_35,-0.102048188099016,1502,3.17695898058691,Sample_100_GSE162228
scPP,Negative,Neg_ctrl_36,-0.0179016743133004,1502,3.17695898058691,Sample_100_GSE162228
scPP,Negative,Neg_ctrl_37,0.0325805405260882,1502,3.17695898058691,Sample_100_GSE162228
scPP,Negative,Neg_ctrl_38,-0.0243076717534738,1502,3.17695898058691,Sample_100_GSE162228
scPP,Negative,Neg_ctrl_39,-0.167412151436286,1502,3.17695898058691,Sample_100_GSE162228
scPP,Negative,Neg_ctrl_40,-0.203746965423262,1502,3.17695898058691,Sample_100_GSE162228
scPP,Negative,Neg_ctrl_41,0.233578705965447,1502,3.17695898058691,Sample_100_GSE162228
scPP,Negative,Neg_ctrl_42,0.0739676274799415,1502,3.17695898058691,Sample_100_GSE162228
scPP,Negative,Neg_ctrl_43,-0.0550740905113974,1502,3.17695898058691,Sample_100_GSE162228
scPP,Negative,Neg_ctrl_44,-0.315971417206616,1502,3.17695898058691,Sample_100_GSE162228
scPP,Negative,Neg_ctrl_45,-0.0474310572271492,1502,3.17695898058691,Sample_100_GSE162228
scPP,Negative,Neg_ctrl_46,-0.338753600325789,1502,3.17695898058691,Sample_100_GSE162228
scPP,Negative,Neg_ctrl_47,-0.153522722656419,1502,3.17695898058691,Sample_100_GSE162228
scPP,Negative,Neg_ctrl_48,-0.139297897859803,1502,3.17695898058691,Sample_100_GSE162228
scPP,Negative,Neg_ctrl_49,0.0781024874510827,1502,3.17695898058691,Sample_100_GSE162228
scPP,Negative,Neg_ctrl_50,-0.148248084775247,1502,3.17695898058691,Sample_100_GSE162228
scPP,Negative,Neg_ctrl_51,-0.08578460929371,1502,3.17695898058691,Sample_100_GSE162228
scPP,Negative,Neg_ctrl_52,-0.311978747007314,1502,3.17695898058691,Sample_100_GSE162228
scPP,Negative,Neg_ctrl_53,-0.158808295687924,1502,3.17695898058691,Sample_100_GSE162228
scPP,Negative,Neg_ctrl_54,-0.0320096049770293,1502,3.17695898058691,Sample_100_GSE162228
scPP,Negative,Neg_ctrl_55,0.0460612249609165,1502,3.17695898058691,Sample_100_GSE162228
scPP,Negative,Neg_ctrl_56,-0.0593090247552093,1502,3.17695898058691,Sample_100_GSE162228
scPP,Negative,Neg_ctrl_57,-0.182368641496095,1502,3.17695898058691,Sample_100_GSE162228
scPP,Negative,Neg_ctrl_58,-0.0626278305435379,1502,3.17695898058691,Sample_100_GSE162228
scPP,Negative,Neg_ctrl_59,-0.0295212812256971,1502,3.17695898058691,Sample_100_GSE162228
scPP,Negative,Neg_ctrl_60,-0.182527823560683,1502,3.17695898058691,Sample_100_GSE162228
scPP,Negative,Neg_ctrl_61,0.147946306049605,1502,3.17695898058691,Sample_100_GSE162228
scPP,Negative,Neg_ctrl_62,0.0856627509421404,1502,3.17695898058691,Sample_100_GSE162228
scPP,Negative,Neg_ctrl_63,-0.141905799288648,1502,3.17695898058691,Sample_100_GSE162228
scPP,Negative,Neg_ctrl_64,-0.029271808277378,1502,3.17695898058691,Sample_100_GSE162228
scPP,Negative,Neg_ctrl_65,0.262724192567445,1502,3.17695898058691,Sample_100_GSE162228
scPP,Negative,Neg_ctrl_66,0.0976673362834871,1502,3.17695898058691,Sample_100_GSE162228
scPP,Negative,Neg_ctrl_67,-0.375050697540002,1502,3.17695898058691,Sample_100_GSE162228
scPP,Negative,Neg_ctrl_68,-0.0935711501285975,1502,3.17695898058691,Sample_100_GSE162228
scPP,Negative,Neg_ctrl_69,0.0775806938222158,1502,3.17695898058691,Sample_100_GSE162228
scPP,Negative,Neg_ctrl_70,-0.0273072270379757,1502,3.17695898058691,Sample_100_GSE162228
scPP,Negative,Neg_ctrl_71,0.306925024344865,1502,3.17695898058691,Sample_100_GSE162228
scPP,Negative,Neg_ctrl_72,0.165276786001622,1502,3.17695898058691,Sample_100_GSE162228
scPP,Negative,Neg_ctrl_73,-0.16915274433578,1502,3.17695898058691,Sample_100_GSE162228
scPP,Negative,Neg_ctrl_74,0.216690127360824,1502,3.17695898058691,Sample_100_GSE162228
scPP,Negative,Neg_ctrl_75,-0.270058119547651,1502,3.17695898058691,Sample_100_GSE162228
scPP,Negative,Neg_ctrl_76,0.0472983240970527,1502,3.17695898058691,Sample_100_GSE162228
scPP,Negative,Neg_ctrl_77,-0.148682646231478,1502,3.17695898058691,Sample_100_GSE162228
scPP,Negative,Neg_ctrl_78,0.0108347914875595,1502,3.17695898058691,Sample_100_GSE162228
scPP,Negative,Neg_ctrl_79,0.261112276102338,1502,3.17695898058691,Sample_100_GSE162228
scPP,Negative,Neg_ctrl_80,0.164990194658843,1502,3.17695898058691,Sample_100_GSE162228
scPP,Negative,Neg_ctrl_81,-0.0293344662703742,1502,3.17695898058691,Sample_100_GSE162228
scPP,Negative,Neg_ctrl_82,0.040987066311423,1502,3.17695898058691,Sample_100_GSE162228
scPP,Negative,Neg_ctrl_83,-0.0710614385801993,1502,3.17695898058691,Sample_100_GSE162228
scPP,Negative,Neg_ctrl_84,-0.229087095487426,1502,3.17695898058691,Sample_100_GSE162228
scPP,Negative,Neg_ctrl_85,0.115718688747366,1502,3.17695898058691,Sample_100_GSE162228
scPP,Negative,Neg_ctrl_86,0.208478694485964,1502,3.17695898058691,Sample_100_GSE162228
scPP,Negative,Neg_ctrl_87,0.206756541930601,1502,3.17695898058691,Sample_100_GSE162228
scPP,Negative,Neg_ctrl_88,-0.182751621276636,1502,3.17695898058691,Sample_100_GSE162228
scPP,Negative,Neg_ctrl_89,0.0795311321628535,1502,3.17695898058691,Sample_100_GSE162228
scPP,Negative,Neg_ctrl_90,-0.337487628660474,1502,3.17695898058691,Sample_100_GSE162228
scPP,Negative,Neg_ctrl_91,0.0915124188341106,1502,3.17695898058691,Sample_100_GSE162228
scPP,Negative,Neg_ctrl_92,0.293767066820984,1502,3.17695898058691,Sample_100_GSE162228
scPP,Negative,Neg_ctrl_93,0.287961675920497,1502,3.17695898058691,Sample_100_GSE162228
scPP,Negative,Neg_ctrl_94,0.14197613850666,1502,3.17695898058691,Sample_100_GSE162228
scPP,Negative,Neg_ctrl_95,0.101070903441967,1502,3.17695898058691,Sample_100_GSE162228
scPP,Negative,Neg_ctrl_96,0.113404004234855,1502,3.17695898058691,Sample_100_GSE162228
scPP,Negative,Neg_ctrl_97,-0.0441787846932439,1502,3.17695898058691,Sample_100_GSE162228
scPP,Negative,Neg_ctrl_98,-0.149333581374803,1502,3.17695898058691,Sample_100_GSE162228
scPP,Negative,Neg_ctrl_99,0.204756649693214,1502,3.17695898058691,Sample_100_GSE162228
scPP,Negative,Neg_ctrl_100,0.19871901820568,1502,3.17695898058691,Sample_100_GSE162228
scPP,Neutral,Neg_ctrl_1,0.0807832086138521,28515,4.45508860604095,Sample_100_GSE162228
scPP,Neutral,Neg_ctrl_2,0.144758776189351,28515,4.45508860604095,Sample_100_GSE162228
scPP,Neutral,Neg_ctrl_3,-0.0356745616171708,28515,4.45508860604095,Sample_100_GSE162228
scPP,Neutral,Neg_ctrl_4,0.286092300491964,28515,4.45508860604095,Sample_100_GSE162228
scPP,Neutral,Neg_ctrl_5,0.0688862037516081,28515,4.45508860604095,Sample_100_GSE162228
scPP,Neutral,Neg_ctrl_6,0.214615126765527,28515,4.45508860604095,Sample_100_GSE162228
scPP,Neutral,Neg_ctrl_7,0.311494814094847,28515,4.45508860604095,Sample_100_GSE162228
scPP,Neutral,Neg_ctrl_8,0.160685340322754,28515,4.45508860604095,Sample_100_GSE162228
scPP,Neutral,Neg_ctrl_9,-0.0713131074090834,28515,4.45508860604095,Sample_100_GSE162228
scPP,Neutral,Neg_ctrl_10,-0.137438939042067,28515,4.45508860604095,Sample_100_GSE162228
scPP,Neutral,Neg_ctrl_11,-0.212607710621458,28515,4.45508860604095,Sample_100_GSE162228
scPP,Neutral,Neg_ctrl_12,0.0429866685665737,28515,4.45508860604095,Sample_100_GSE162228
scPP,Neutral,Neg_ctrl_13,0.232317763612707,28515,4.45508860604095,Sample_100_GSE162228
scPP,Neutral,Neg_ctrl_14,-0.0617575602069883,28515,4.45508860604095,Sample_100_GSE162228
scPP,Neutral,Neg_ctrl_15,0.30911525696627,28515,4.45508860604095,Sample_100_GSE162228
scPP,Neutral,Neg_ctrl_16,-0.0749229355052944,28515,4.45508860604095,Sample_100_GSE162228
scPP,Neutral,Neg_ctrl_17,-0.199068636413636,28515,4.45508860604095,Sample_100_GSE162228
scPP,Neutral,Neg_ctrl_18,-0.126520586786839,28515,4.45508860604095,Sample_100_GSE162228
scPP,Neutral,Neg_ctrl_19,-0.157338290047316,28515,4.45508860604095,Sample_100_GSE162228
scPP,Neutral,Neg_ctrl_20,0.181529588918309,28515,4.45508860604095,Sample_100_GSE162228
scPP,Neutral,Neg_ctrl_21,0.337105094251498,28515,4.45508860604095,Sample_100_GSE162228
scPP,Neutral,Neg_ctrl_22,-0.336796897607265,28515,4.45508860604095,Sample_100_GSE162228
scPP,Neutral,Neg_ctrl_23,-0.0506569345619651,28515,4.45508860604095,Sample_100_GSE162228
scPP,Neutral,Neg_ctrl_24,-0.122920855918174,28515,4.45508860604095,Sample_100_GSE162228
scPP,Neutral,Neg_ctrl_25,-0.112039791443254,28515,4.45508860604095,Sample_100_GSE162228
scPP,Neutral,Neg_ctrl_26,0.161456452947634,28515,4.45508860604095,Sample_100_GSE162228
scPP,Neutral,Neg_ctrl_27,0.00349859194975072,28515,4.45508860604095,Sample_100_GSE162228
scPP,Neutral,Neg_ctrl_28,-0.0480815006626338,28515,4.45508860604095,Sample_100_GSE162228
scPP,Neutral,Neg_ctrl_29,-0.228212172579335,28515,4.45508860604095,Sample_100_GSE162228
scPP,Neutral,Neg_ctrl_30,0.230283267975501,28515,4.45508860604095,Sample_100_GSE162228
scPP,Neutral,Neg_ctrl_31,-0.34378120883885,28515,4.45508860604095,Sample_100_GSE162228
scPP,Neutral,Neg_ctrl_32,-0.335377783346432,28515,4.45508860604095,Sample_100_GSE162228
scPP,Neutral,Neg_ctrl_33,0.0208762840321231,28515,4.45508860604095,Sample_100_GSE162228
scPP,Neutral,Neg_ctrl_34,0.153963235334495,28515,4.45508860604095,Sample_100_GSE162228
scPP,Neutral,Neg_ctrl_35,-0.0929839120283827,28515,4.45508860604095,Sample_100_GSE162228
scPP,Neutral,Neg_ctrl_36,0.000104878498935012,28515,4.45508860604095,Sample_100_GSE162228
scPP,Neutral,Neg_ctrl_37,0.0552708755422565,28515,4.45508860604095,Sample_100_GSE162228
scPP,Neutral,Neg_ctrl_38,-0.0165897418009403,28515,4.45508860604095,Sample_100_GSE162228
scPP,Neutral,Neg_ctrl_39,-0.151949161995628,28515,4.45508860604095,Sample_100_GSE162228
scPP,Neutral,Neg_ctrl_40,-0.219631764514656,28515,4.45508860604095,Sample_100_GSE162228
scPP,Neutral,Neg_ctrl_41,0.222367744905828,28515,4.45508860604095,Sample_100_GSE162228
scPP,Neutral,Neg_ctrl_42,0.079921667271777,28515,4.45508860604095,Sample_100_GSE162228
scPP,Neutral,Neg_ctrl_43,-0.0514070861607452,28515,4.45508860604095,Sample_100_GSE162228
scPP,Neutral,Neg_ctrl_44,-0.325523560249636,28515,4.45508860604095,Sample_100_GSE162228
scPP,Neutral,Neg_ctrl_45,-0.0529848172312193,28515,4.45508860604095,Sample_100_GSE162228
scPP,Neutral,Neg_ctrl_46,-0.333111508258838,28515,4.45508860604095,Sample_100_GSE162228
scPP,Neutral,Neg_ctrl_47,-0.132391127786574,28515,4.45508860604095,Sample_100_GSE162228
scPP,Neutral,Neg_ctrl_48,-0.135478373764619,28515,4.45508860604095,Sample_100_GSE162228
scPP,Neutral,Neg_ctrl_49,0.0646144718824646,28515,4.45508860604095,Sample_100_GSE162228
scPP,Neutral,Neg_ctrl_50,-0.167071402830642,28515,4.45508860604095,Sample_100_GSE162228
scPP,Neutral,Neg_ctrl_51,-0.0830613091701291,28515,4.45508860604095,Sample_100_GSE162228
scPP,Neutral,Neg_ctrl_52,-0.328922587253863,28515,4.45508860604095,Sample_100_GSE162228
scPP,Neutral,Neg_ctrl_53,-0.167511174245548,28515,4.45508860604095,Sample_100_GSE162228
scPP,Neutral,Neg_ctrl_54,0.00576220124281046,28515,4.45508860604095,Sample_100_GSE162228
scPP,Neutral,Neg_ctrl_55,0.0534013274519127,28515,4.45508860604095,Sample_100_GSE162228
scPP,Neutral,Neg_ctrl_56,-0.0592699312810656,28515,4.45508860604095,Sample_100_GSE162228
scPP,Neutral,Neg_ctrl_57,-0.166681111346323,28515,4.45508860604095,Sample_100_GSE162228
scPP,Neutral,Neg_ctrl_58,-0.0634249726606966,28515,4.45508860604095,Sample_100_GSE162228
scPP,Neutral,Neg_ctrl_59,-0.022621343959324,28515,4.45508860604095,Sample_100_GSE162228
scPP,Neutral,Neg_ctrl_60,-0.180813135549746,28515,4.45508860604095,Sample_100_GSE162228
scPP,Neutral,Neg_ctrl_61,0.144884526495259,28515,4.45508860604095,Sample_100_GSE162228
scPP,Neutral,Neg_ctrl_62,0.0649278640130156,28515,4.45508860604095,Sample_100_GSE162228
scPP,Neutral,Neg_ctrl_63,-0.13500302097662,28515,4.45508860604095,Sample_100_GSE162228
scPP,Neutral,Neg_ctrl_64,-0.0636725081026343,28515,4.45508860604095,Sample_100_GSE162228
scPP,Neutral,Neg_ctrl_65,0.251517902189604,28515,4.45508860604095,Sample_100_GSE162228
scPP,Neutral,Neg_ctrl_66,0.0780214585434083,28515,4.45508860604095,Sample_100_GSE162228
scPP,Neutral,Neg_ctrl_67,-0.351636209814198,28515,4.45508860604095,Sample_100_GSE162228
scPP,Neutral,Neg_ctrl_68,-0.0789705919133263,28515,4.45508860604095,Sample_100_GSE162228
scPP,Neutral,Neg_ctrl_69,0.0885251772513636,28515,4.45508860604095,Sample_100_GSE162228
scPP,Neutral,Neg_ctrl_70,-0.0347745715217595,28515,4.45508860604095,Sample_100_GSE162228
scPP,Neutral,Neg_ctrl_71,0.30565077727967,28515,4.45508860604095,Sample_100_GSE162228
scPP,Neutral,Neg_ctrl_72,0.164684849969785,28515,4.45508860604095,Sample_100_GSE162228
scPP,Neutral,Neg_ctrl_73,-0.147534008408163,28515,4.45508860604095,Sample_100_GSE162228
scPP,Neutral,Neg_ctrl_74,0.210810743184047,28515,4.45508860604095,Sample_100_GSE162228
scPP,Neutral,Neg_ctrl_75,-0.281369691122255,28515,4.45508860604095,Sample_100_GSE162228
scPP,Neutral,Neg_ctrl_76,0.00494390240226132,28515,4.45508860604095,Sample_100_GSE162228
scPP,Neutral,Neg_ctrl_77,-0.136838384570934,28515,4.45508860604095,Sample_100_GSE162228
scPP,Neutral,Neg_ctrl_78,0.0134162886509229,28515,4.45508860604095,Sample_100_GSE162228
scPP,Neutral,Neg_ctrl_79,0.250455517304407,28515,4.45508860604095,Sample_100_GSE162228
scPP,Neutral,Neg_ctrl_80,0.191844812031934,28515,4.45508860604095,Sample_100_GSE162228
scPP,Neutral,Neg_ctrl_81,-0.0116627082772754,28515,4.45508860604095,Sample_100_GSE162228
scPP,Neutral,Neg_ctrl_82,0.0312099007075837,28515,4.45508860604095,Sample_100_GSE162228
scPP,Neutral,Neg_ctrl_83,-0.0844231532369073,28515,4.45508860604095,Sample_100_GSE162228
scPP,Neutral,Neg_ctrl_84,-0.246495937626904,28515,4.45508860604095,Sample_100_GSE162228
scPP,Neutral,Neg_ctrl_85,0.134037403319362,28515,4.45508860604095,Sample_100_GSE162228
scPP,Neutral,Neg_ctrl_86,0.195827306324045,28515,4.45508860604095,Sample_100_GSE162228
scPP,Neutral,Neg_ctrl_87,0.229712444847489,28515,4.45508860604095,Sample_100_GSE162228
scPP,Neutral,Neg_ctrl_88,-0.188043421473337,28515,4.45508860604095,Sample_100_GSE162228
scPP,Neutral,Neg_ctrl_89,0.0851499177411546,28515,4.45508860604095,Sample_100_GSE162228
scPP,Neutral,Neg_ctrl_90,-0.32523705029303,28515,4.45508860604095,Sample_100_GSE162228
scPP,Neutral,Neg_ctrl_91,0.0920779622516043,28515,4.45508860604095,Sample_100_GSE162228
scPP,Neutral,Neg_ctrl_92,0.287026347146301,28515,4.45508860604095,Sample_100_GSE162228
scPP,Neutral,Neg_ctrl_93,0.300541357055626,28515,4.45508860604095,Sample_100_GSE162228
scPP,Neutral,Neg_ctrl_94,0.150001242865477,28515,4.45508860604095,Sample_100_GSE162228
scPP,Neutral,Neg_ctrl_95,0.10666361648706,28515,4.45508860604095,Sample_100_GSE162228
scPP,Neutral,Neg_ctrl_96,0.12782278196623,28515,4.45508860604095,Sample_100_GSE162228
scPP,Neutral,Neg_ctrl_97,-0.0706829590736873,28515,4.45508860604095,Sample_100_GSE162228
scPP,Neutral,Neg_ctrl_98,-0.144499061680646,28515,4.45508860604095,Sample_100_GSE162228
scPP,Neutral,Neg_ctrl_99,0.219660400322478,28515,4.45508860604095,Sample_100_GSE162228
scPP,Neutral,Neg_ctrl_100,0.205875684057546,28515,4.45508860604095,Sample_100_GSE162228
scPP,Positive,Neg_ctrl_1,0.0772832075970733,1855,3.26857797188284,Sample_100_GSE162228
scPP,Positive,Neg_ctrl_2,0.129518581360547,1855,3.26857797188284,Sample_100_GSE162228
scPP,Positive,Neg_ctrl_3,-0.0343029634023428,1855,3.26857797188284,Sample_100_GSE162228
scPP,Positive,Neg_ctrl_4,0.281008628791473,1855,3.26857797188284,Sample_100_GSE162228
scPP,Positive,Neg_ctrl_5,0.0369214488619918,1855,3.26857797188284,Sample_100_GSE162228
scPP,Positive,Neg_ctrl_6,0.182009196890925,1855,3.26857797188284,Sample_100_GSE162228
scPP,Positive,Neg_ctrl_7,0.305026046508236,1855,3.26857797188284,Sample_100_GSE162228
scPP,Positive,Neg_ctrl_8,0.177392154540716,1855,3.26857797188284,Sample_100_GSE162228
scPP,Positive,Neg_ctrl_9,-0.0949276460712366,1855,3.26857797188284,Sample_100_GSE162228
scPP,Positive,Neg_ctrl_10,-0.128132471011609,1855,3.26857797188284,Sample_100_GSE162228
scPP,Positive,Neg_ctrl_11,-0.19503259498688,1855,3.26857797188284,Sample_100_GSE162228
scPP,Positive,Neg_ctrl_12,-0.00354062250010077,1855,3.26857797188284,Sample_100_GSE162228
scPP,Positive,Neg_ctrl_13,0.241484359243352,1855,3.26857797188284,Sample_100_GSE162228
scPP,Positive,Neg_ctrl_14,-0.0760083027053245,1855,3.26857797188284,Sample_100_GSE162228
scPP,Positive,Neg_ctrl_15,0.312323535330134,1855,3.26857797188284,Sample_100_GSE162228
scPP,Positive,Neg_ctrl_16,-0.0696306477076188,1855,3.26857797188284,Sample_100_GSE162228
scPP,Positive,Neg_ctrl_17,-0.232049652438216,1855,3.26857797188284,Sample_100_GSE162228
scPP,Positive,Neg_ctrl_18,-0.0624785722709576,1855,3.26857797188284,Sample_100_GSE162228
scPP,Positive,Neg_ctrl_19,-0.13771757788946,1855,3.26857797188284,Sample_100_GSE162228
scPP,Positive,Neg_ctrl_20,0.165088098893495,1855,3.26857797188284,Sample_100_GSE162228
scPP,Positive,Neg_ctrl_21,0.354566907111292,1855,3.26857797188284,Sample_100_GSE162228
scPP,Positive,Neg_ctrl_22,-0.350867003924778,1855,3.26857797188284,Sample_100_GSE162228
scPP,Positive,Neg_ctrl_23,-0.0791607975952304,1855,3.26857797188284,Sample_100_GSE162228
scPP,Positive,Neg_ctrl_24,-0.125814956332402,1855,3.26857797188284,Sample_100_GSE162228
scPP,Positive,Neg_ctrl_25,-0.121321910804188,1855,3.26857797188284,Sample_100_GSE162228
scPP,Positive,Neg_ctrl_26,0.147647959967259,1855,3.26857797188284,Sample_100_GSE162228
scPP,Positive,Neg_ctrl_27,-0.0052270379902684,1855,3.26857797188284,Sample_100_GSE162228
scPP,Positive,Neg_ctrl_28,-0.0436096779071401,1855,3.26857797188284,Sample_100_GSE162228
scPP,Positive,Neg_ctrl_29,-0.211631614709209,1855,3.26857797188284,Sample_100_GSE162228
scPP,Positive,Neg_ctrl_30,0.21395017329557,1855,3.26857797188284,Sample_100_GSE162228
scPP,Positive,Neg_ctrl_31,-0.334411823392824,1855,3.26857797188284,Sample_100_GSE162228
scPP,Positive,Neg_ctrl_32,-0.344540236112238,1855,3.26857797188284,Sample_100_GSE162228
scPP,Positive,Neg_ctrl_33,0.0278987111264698,1855,3.26857797188284,Sample_100_GSE162228
scPP,Positive,Neg_ctrl_34,0.145527297841542,1855,3.26857797188284,Sample_100_GSE162228
scPP,Positive,Neg_ctrl_35,-0.112134074298218,1855,3.26857797188284,Sample_100_GSE162228
scPP,Positive,Neg_ctrl_36,0.00485049957569943,1855,3.26857797188284,Sample_100_GSE162228
scPP,Positive,Neg_ctrl_37,0.0831551409583924,1855,3.26857797188284,Sample_100_GSE162228
scPP,Positive,Neg_ctrl_38,0.00270283245788683,1855,3.26857797188284,Sample_100_GSE162228
scPP,Positive,Neg_ctrl_39,-0.146574351859235,1855,3.26857797188284,Sample_100_GSE162228
scPP,Positive,Neg_ctrl_40,-0.215018944245582,1855,3.26857797188284,Sample_100_GSE162228
scPP,Positive,Neg_ctrl_41,0.230572390080045,1855,3.26857797188284,Sample_100_GSE162228
scPP,Positive,Neg_ctrl_42,0.118052360112147,1855,3.26857797188284,Sample_100_GSE162228
scPP,Positive,Neg_ctrl_43,-0.0559916106771106,1855,3.26857797188284,Sample_100_GSE162228
scPP,Positive,Neg_ctrl_44,-0.30018730650135,1855,3.26857797188284,Sample_100_GSE162228
scPP,Positive,Neg_ctrl_45,-0.0570769620336998,1855,3.26857797188284,Sample_100_GSE162228
scPP,Positive,Neg_ctrl_46,-0.323279438132582,1855,3.26857797188284,Sample_100_GSE162228
scPP,Positive,Neg_ctrl_47,-0.0787334817486318,1855,3.26857797188284,Sample_100_GSE162228
scPP,Positive,Neg_ctrl_48,-0.154533552833516,1855,3.26857797188284,Sample_100_GSE162228
scPP,Positive,Neg_ctrl_49,0.0639336498768223,1855,3.26857797188284,Sample_100_GSE162228
scPP,Positive,Neg_ctrl_50,-0.161432426801896,1855,3.26857797188284,Sample_100_GSE162228
scPP,Positive,Neg_ctrl_51,-0.0564261689838741,1855,3.26857797188284,Sample_100_GSE162228
scPP,Positive,Neg_ctrl_52,-0.325268674881723,1855,3.26857797188284,Sample_100_GSE162228
scPP,Positive,Neg_ctrl_53,-0.165413191934189,1855,3.26857797188284,Sample_100_GSE162228
scPP,Positive,Neg_ctrl_54,-0.00850672835975695,1855,3.26857797188284,Sample_100_GSE162228
scPP,Positive,Neg_ctrl_55,0.0427171136281755,1855,3.26857797188284,Sample_100_GSE162228
scPP,Positive,Neg_ctrl_56,-0.086487312009713,1855,3.26857797188284,Sample_100_GSE162228
scPP,Positive,Neg_ctrl_57,-0.195754852637158,1855,3.26857797188284,Sample_100_GSE162228
scPP,Positive,Neg_ctrl_58,-0.077849558069015,1855,3.26857797188284,Sample_100_GSE162228
scPP,Positive,Neg_ctrl_59,-0.0479094224373519,1855,3.26857797188284,Sample_100_GSE162228
scPP,Positive,Neg_ctrl_60,-0.181819389658011,1855,3.26857797188284,Sample_100_GSE162228
scPP,Positive,Neg_ctrl_61,0.145921525366251,1855,3.26857797188284,Sample_100_GSE162228
scPP,Positive,Neg_ctrl_62,0.0401622231498727,1855,3.26857797188284,Sample_100_GSE162228
scPP,Positive,Neg_ctrl_63,-0.127712529829453,1855,3.26857797188284,Sample_100_GSE162228
scPP,Positive,Neg_ctrl_64,-0.10440050926618,1855,3.26857797188284,Sample_100_GSE162228
scPP,Positive,Neg_ctrl_65,0.244286427984195,1855,3.26857797188284,Sample_100_GSE162228
scPP,Positive,Neg_ctrl_66,0.111238932718401,1855,3.26857797188284,Sample_100_GSE162228
scPP,Positive,Neg_ctrl_67,-0.324258911913544,1855,3.26857797188284,Sample_100_GSE162228
scPP,Positive,Neg_ctrl_68,-0.102789479473923,1855,3.26857797188284,Sample_100_GSE162228
scPP,Positive,Neg_ctrl_69,0.0501181962983328,1855,3.26857797188284,Sample_100_GSE162228
scPP,Positive,Neg_ctrl_70,-0.0557885519345565,1855,3.26857797188284,Sample_100_GSE162228
scPP,Positive,Neg_ctrl_71,0.300117383052976,1855,3.26857797188284,Sample_100_GSE162228
scPP,Positive,Neg_ctrl_72,0.16040557762379,1855,3.26857797188284,Sample_100_GSE162228
scPP,Positive,Neg_ctrl_73,-0.13532359804928,1855,3.26857797188284,Sample_100_GSE162228
scPP,Positive,Neg_ctrl_74,0.209999078096147,1855,3.26857797188284,Sample_100_GSE162228
scPP,Positive,Neg_ctrl_75,-0.24992183409811,1855,3.26857797188284,Sample_100_GSE162228
scPP,Positive,Neg_ctrl_76,-0.00374427350512099,1855,3.26857797188284,Sample_100_GSE162228
scPP,Positive,Neg_ctrl_77,-0.150004747027689,1855,3.26857797188284,Sample_100_GSE162228
scPP,Positive,Neg_ctrl_78,0.0123765143440728,1855,3.26857797188284,Sample_100_GSE162228
scPP,Positive,Neg_ctrl_79,0.240897687117153,1855,3.26857797188284,Sample_100_GSE162228
scPP,Positive,Neg_ctrl_80,0.186528476465877,1855,3.26857797188284,Sample_100_GSE162228
scPP,Positive,Neg_ctrl_81,0.0198522796823414,1855,3.26857797188284,Sample_100_GSE162228
scPP,Positive,Neg_ctrl_82,-0.0091467574658222,1855,3.26857797188284,Sample_100_GSE162228
scPP,Positive,Neg_ctrl_83,-0.107005217439089,1855,3.26857797188284,Sample_100_GSE162228
scPP,Positive,Neg_ctrl_84,-0.229210064101464,1855,3.26857797188284,Sample_100_GSE162228
scPP,Positive,Neg_ctrl_85,0.138878633864899,1855,3.26857797188284,Sample_100_GSE162228
scPP,Positive,Neg_ctrl_86,0.192132277184498,1855,3.26857797188284,Sample_100_GSE162228
scPP,Positive,Neg_ctrl_87,0.216852757427415,1855,3.26857797188284,Sample_100_GSE162228
scPP,Positive,Neg_ctrl_88,-0.139604268446133,1855,3.26857797188284,Sample_100_GSE162228
scPP,Positive,Neg_ctrl_89,0.0763817608156824,1855,3.26857797188284,Sample_100_GSE162228
scPP,Positive,Neg_ctrl_90,-0.334705763711174,1855,3.26857797188284,Sample_100_GSE162228
scPP,Positive,Neg_ctrl_91,0.0863157083515236,1855,3.26857797188284,Sample_100_GSE162228
scPP,Positive,Neg_ctrl_92,0.282240538058021,1855,3.26857797188284,Sample_100_GSE162228
scPP,Positive,Neg_ctrl_93,0.306656382794334,1855,3.26857797188284,Sample_100_GSE162228
scPP,Positive,Neg_ctrl_94,0.146754047014237,1855,3.26857797188284,Sample_100_GSE162228
scPP,Positive,Neg_ctrl_95,0.133628311242524,1855,3.26857797188284,Sample_100_GSE162228
scPP,Positive,Neg_ctrl_96,0.139444083062841,1855,3.26857797188284,Sample_100_GSE162228
scPP,Positive,Neg_ctrl_97,-0.0786479915058734,1855,3.26857797188284,Sample_100_GSE162228
scPP,Positive,Neg_ctrl_98,-0.13976112377475,1855,3.26857797188284,Sample_100_GSE162228
scPP,Positive,Neg_ctrl_99,0.239887693781645,1855,3.26857797188284,Sample_100_GSE162228
scPP,Positive,Neg_ctrl_100,0.216789177561841,1855,3.26857797188284,Sample_100_GSE162228
scissor,Neutral,Neg_ctrl_1,0.0807716986630552,31872,4.50342294273723,Sample_100_GSE162228
scissor,Neutral,Neg_ctrl_2,0.142802103552978,31872,4.50342294273723,Sample_100_GSE162228
scissor,Neutral,Neg_ctrl_3,-0.035865626577866,31872,4.50342294273723,Sample_100_GSE162228
scissor,Neutral,Neg_ctrl_4,0.286279563436548,31872,4.50342294273723,Sample_100_GSE162228
scissor,Neutral,Neg_ctrl_5,0.069800281523462,31872,4.50342294273723,Sample_100_GSE162228
scissor,Neutral,Neg_ctrl_6,0.214762364384503,31872,4.50342294273723,Sample_100_GSE162228
scissor,Neutral,Neg_ctrl_7,0.311199436709184,31872,4.50342294273723,Sample_100_GSE162228
scissor,Neutral,Neg_ctrl_8,0.160437308894516,31872,4.50342294273723,Sample_100_GSE162228
scissor,Neutral,Neg_ctrl_9,-0.0724571364939986,31872,4.50342294273723,Sample_100_GSE162228
scissor,Neutral,Neg_ctrl_10,-0.136687052501372,31872,4.50342294273723,Sample_100_GSE162228
scissor,Neutral,Neg_ctrl_11,-0.212002171547628,31872,4.50342294273723,Sample_100_GSE162228
scissor,Neutral,Neg_ctrl_12,0.0435163821798871,31872,4.50342294273723,Sample_100_GSE162228
scissor,Neutral,Neg_ctrl_13,0.232884594568563,31872,4.50342294273723,Sample_100_GSE162228
scissor,Neutral,Neg_ctrl_14,-0.0622433456276841,31872,4.50342294273723,Sample_100_GSE162228
scissor,Neutral,Neg_ctrl_15,0.30923836107382,31872,4.50342294273723,Sample_100_GSE162228
scissor,Neutral,Neg_ctrl_16,-0.073568250905099,31872,4.50342294273723,Sample_100_GSE162228
scissor,Neutral,Neg_ctrl_17,-0.201409874181869,31872,4.50342294273723,Sample_100_GSE162228
scissor,Neutral,Neg_ctrl_18,-0.123021997318402,31872,4.50342294273723,Sample_100_GSE162228
scissor,Neutral,Neg_ctrl_19,-0.156806626592265,31872,4.50342294273723,Sample_100_GSE162228
scissor,Neutral,Neg_ctrl_20,0.18048591304444,31872,4.50342294273723,Sample_100_GSE162228
scissor,Neutral,Neg_ctrl_21,0.337868977409934,31872,4.50342294273723,Sample_100_GSE162228
scissor,Neutral,Neg_ctrl_22,-0.337750036629652,31872,4.50342294273723,Sample_100_GSE162228
scissor,Neutral,Neg_ctrl_23,-0.0505680890109438,31872,4.50342294273723,Sample_100_GSE162228
scissor,Neutral,Neg_ctrl_24,-0.12305565688092,31872,4.50342294273723,Sample_100_GSE162228
scissor,Neutral,Neg_ctrl_25,-0.11274943090373,31872,4.50342294273723,Sample_100_GSE162228
scissor,Neutral,Neg_ctrl_26,0.160376878730408,31872,4.50342294273723,Sample_100_GSE162228
scissor,Neutral,Neg_ctrl_27,0.00284377095674573,31872,4.50342294273723,Sample_100_GSE162228
scissor,Neutral,Neg_ctrl_28,-0.0483610066957929,31872,4.50342294273723,Sample_100_GSE162228
scissor,Neutral,Neg_ctrl_29,-0.227007798512894,31872,4.50342294273723,Sample_100_GSE162228
scissor,Neutral,Neg_ctrl_30,0.229994542673514,31872,4.50342294273723,Sample_100_GSE162228
scissor,Neutral,Neg_ctrl_31,-0.344666289975304,31872,4.50342294273723,Sample_100_GSE162228
scissor,Neutral,Neg_ctrl_32,-0.334882038730288,31872,4.50342294273723,Sample_100_GSE162228
scissor,Neutral,Neg_ctrl_33,0.0208864595517284,31872,4.50342294273723,Sample_100_GSE162228
scissor,Neutral,Neg_ctrl_34,0.153945948478363,31872,4.50342294273723,Sample_100_GSE162228
scissor,Neutral,Neg_ctrl_35,-0.094525644384954,31872,4.50342294273723,Sample_100_GSE162228
scissor,Neutral,Neg_ctrl_36,-0.00046749584928849,31872,4.50342294273723,Sample_100_GSE162228
scissor,Neutral,Neg_ctrl_37,0.0558244783645659,31872,4.50342294273723,Sample_100_GSE162228
scissor,Neutral,Neg_ctrl_38,-0.0158305991534309,31872,4.50342294273723,Sample_100_GSE162228
scissor,Neutral,Neg_ctrl_39,-0.152365048583758,31872,4.50342294273723,Sample_100_GSE162228
scissor,Neutral,Neg_ctrl_40,-0.218614704090634,31872,4.50342294273723,Sample_100_GSE162228
scissor,Neutral,Neg_ctrl_41,0.223373595819159,31872,4.50342294273723,Sample_100_GSE162228
scissor,Neutral,Neg_ctrl_42,0.0818603428318786,31872,4.50342294273723,Sample_100_GSE162228
scissor,Neutral,Neg_ctrl_43,-0.0518467238839047,31872,4.50342294273723,Sample_100_GSE162228
scissor,Neutral,Neg_ctrl_44,-0.323598796521171,31872,4.50342294273723,Sample_100_GSE162228
scissor,Neutral,Neg_ctrl_45,-0.0529612599107655,31872,4.50342294273723,Sample_100_GSE162228
scissor,Neutral,Neg_ctrl_46,-0.332805155729982,31872,4.50342294273723,Sample_100_GSE162228
scissor,Neutral,Neg_ctrl_47,-0.130264016908503,31872,4.50342294273723,Sample_100_GSE162228
scissor,Neutral,Neg_ctrl_48,-0.136767413748422,31872,4.50342294273723,Sample_100_GSE162228
scissor,Neutral,Neg_ctrl_49,0.0652104832580796,31872,4.50342294273723,Sample_100_GSE162228
scissor,Neutral,Neg_ctrl_50,-0.165856137887979,31872,4.50342294273723,Sample_100_GSE162228
scissor,Neutral,Neg_ctrl_51,-0.0816394408135814,31872,4.50342294273723,Sample_100_GSE162228
scissor,Neutral,Neg_ctrl_52,-0.32791142838399,31872,4.50342294273723,Sample_100_GSE162228
scissor,Neutral,Neg_ctrl_53,-0.166978936520236,31872,4.50342294273723,Sample_100_GSE162228
scissor,Neutral,Neg_ctrl_54,0.00315169304266733,31872,4.50342294273723,Sample_100_GSE162228
scissor,Neutral,Neg_ctrl_55,0.052433579880863,31872,4.50342294273723,Sample_100_GSE162228
scissor,Neutral,Neg_ctrl_56,-0.060855867515058,31872,4.50342294273723,Sample_100_GSE162228
scissor,Neutral,Neg_ctrl_57,-0.169112538943571,31872,4.50342294273723,Sample_100_GSE162228
scissor,Neutral,Neg_ctrl_58,-0.0642269398567452,31872,4.50342294273723,Sample_100_GSE162228
scissor,Neutral,Neg_ctrl_59,-0.0244183159520084,31872,4.50342294273723,Sample_100_GSE162228
scissor,Neutral,Neg_ctrl_60,-0.180952507498894,31872,4.50342294273723,Sample_100_GSE162228
scissor,Neutral,Neg_ctrl_61,0.145089170878928,31872,4.50342294273723,Sample_100_GSE162228
scissor,Neutral,Neg_ctrl_62,0.0644636175385681,31872,4.50342294273723,Sample_100_GSE162228
scissor,Neutral,Neg_ctrl_63,-0.134904003404665,31872,4.50342294273723,Sample_100_GSE162228
scissor,Neutral,Neg_ctrl_64,-0.0644217736341621,31872,4.50342294273723,Sample_100_GSE162228
scissor,Neutral,Neg_ctrl_65,0.2516251268224,31872,4.50342294273723,Sample_100_GSE162228
scissor,Neutral,Neg_ctrl_66,0.0808805989475313,31872,4.50342294273723,Sample_100_GSE162228
scissor,Neutral,Neg_ctrl_67,-0.351146239713749,31872,4.50342294273723,Sample_100_GSE162228
scissor,Neutral,Neg_ctrl_68,-0.081044954201989,31872,4.50342294273723,Sample_100_GSE162228
scissor,Neutral,Neg_ctrl_69,0.085774061419961,31872,4.50342294273723,Sample_100_GSE162228
scissor,Neutral,Neg_ctrl_70,-0.0356457117781319,31872,4.50342294273723,Sample_100_GSE162228
scissor,Neutral,Neg_ctrl_71,0.305388775296783,31872,4.50342294273723,Sample_100_GSE162228
scissor,Neutral,Neg_ctrl_72,0.164463685239552,31872,4.50342294273723,Sample_100_GSE162228
scissor,Neutral,Neg_ctrl_73,-0.147842148159279,31872,4.50342294273723,Sample_100_GSE162228
scissor,Neutral,Neg_ctrl_74,0.211040574895124,31872,4.50342294273723,Sample_100_GSE162228
scissor,Neutral,Neg_ctrl_75,-0.279006307736059,31872,4.50342294273723,Sample_100_GSE162228
scissor,Neutral,Neg_ctrl_76,0.00643423169058279,31872,4.50342294273723,Sample_100_GSE162228
scissor,Neutral,Neg_ctrl_77,-0.13816286007832,31872,4.50342294273723,Sample_100_GSE162228
scissor,Neutral,Neg_ctrl_78,0.0132341165224535,31872,4.50342294273723,Sample_100_GSE162228
scissor,Neutral,Neg_ctrl_79,0.250401447171285,31872,4.50342294273723,Sample_100_GSE162228
scissor,Neutral,Neg_ctrl_80,0.190269842222402,31872,4.50342294273723,Sample_100_GSE162228
scissor,Neutral,Neg_ctrl_81,-0.0106612862717704,31872,4.50342294273723,Sample_100_GSE162228
scissor,Neutral,Neg_ctrl_82,0.0293218391433675,31872,4.50342294273723,Sample_100_GSE162228
scissor,Neutral,Neg_ctrl_83,-0.0851077802976715,31872,4.50342294273723,Sample_100_GSE162228
scissor,Neutral,Neg_ctrl_84,-0.244669463722437,31872,4.50342294273723,Sample_100_GSE162228
scissor,Neutral,Neg_ctrl_85,0.133455882654667,31872,4.50342294273723,Sample_100_GSE162228
scissor,Neutral,Neg_ctrl_86,0.196208459247155,31872,4.50342294273723,Sample_100_GSE162228
scissor,Neutral,Neg_ctrl_87,0.227882171054021,31872,4.50342294273723,Sample_100_GSE162228
scissor,Neutral,Neg_ctrl_88,-0.184974805987616,31872,4.50342294273723,Sample_100_GSE162228
scissor,Neutral,Neg_ctrl_89,0.0843748064511392,31872,4.50342294273723,Sample_100_GSE162228
scissor,Neutral,Neg_ctrl_90,-0.326365464954757,31872,4.50342294273723,Sample_100_GSE162228
scissor,Neutral,Neg_ctrl_91,0.0917159383058922,31872,4.50342294273723,Sample_100_GSE162228
scissor,Neutral,Neg_ctrl_92,0.287065468792029,31872,4.50342294273723,Sample_100_GSE162228
scissor,Neutral,Neg_ctrl_93,0.300304430966278,31872,4.50342294273723,Sample_100_GSE162228
scissor,Neutral,Neg_ctrl_94,0.149434059913325,31872,4.50342294273723,Sample_100_GSE162228
scissor,Neutral,Neg_ctrl_95,0.107969441467534,31872,4.50342294273723,Sample_100_GSE162228
scissor,Neutral,Neg_ctrl_96,0.127819660398135,31872,4.50342294273723,Sample_100_GSE162228
scissor,Neutral,Neg_ctrl_97,-0.0698975005283272,31872,4.50342294273723,Sample_100_GSE162228
scissor,Neutral,Neg_ctrl_98,-0.144451137915749,31872,4.50342294273723,Sample_100_GSE162228
scissor,Neutral,Neg_ctrl_99,0.220135306068011,31872,4.50342294273723,Sample_100_GSE162228
scissor,Neutral,Neg_ctrl_100,0.206173601299669,31872,4.50342294273723,Sample_100_GSE162228
LP_SGL,Neutral,Neg_ctrl_1,0.0807716986630552,31872,4.50342294273723,Sample_100_GSE162228
LP_SGL,Neutral,Neg_ctrl_2,0.142802103552978,31872,4.50342294273723,Sample_100_GSE162228
LP_SGL,Neutral,Neg_ctrl_3,-0.035865626577866,31872,4.50342294273723,Sample_100_GSE162228
LP_SGL,Neutral,Neg_ctrl_4,0.286279563436548,31872,4.50342294273723,Sample_100_GSE162228
LP_SGL,Neutral,Neg_ctrl_5,0.069800281523462,31872,4.50342294273723,Sample_100_GSE162228
LP_SGL,Neutral,Neg_ctrl_6,0.214762364384503,31872,4.50342294273723,Sample_100_GSE162228
LP_SGL,Neutral,Neg_ctrl_7,0.311199436709184,31872,4.50342294273723,Sample_100_GSE162228
LP_SGL,Neutral,Neg_ctrl_8,0.160437308894516,31872,4.50342294273723,Sample_100_GSE162228
LP_SGL,Neutral,Neg_ctrl_9,-0.0724571364939986,31872,4.50342294273723,Sample_100_GSE162228
LP_SGL,Neutral,Neg_ctrl_10,-0.136687052501372,31872,4.50342294273723,Sample_100_GSE162228
LP_SGL,Neutral,Neg_ctrl_11,-0.212002171547628,31872,4.50342294273723,Sample_100_GSE162228
LP_SGL,Neutral,Neg_ctrl_12,0.0435163821798871,31872,4.50342294273723,Sample_100_GSE162228
LP_SGL,Neutral,Neg_ctrl_13,0.232884594568563,31872,4.50342294273723,Sample_100_GSE162228
LP_SGL,Neutral,Neg_ctrl_14,-0.0622433456276841,31872,4.50342294273723,Sample_100_GSE162228
LP_SGL,Neutral,Neg_ctrl_15,0.30923836107382,31872,4.50342294273723,Sample_100_GSE162228
LP_SGL,Neutral,Neg_ctrl_16,-0.073568250905099,31872,4.50342294273723,Sample_100_GSE162228
LP_SGL,Neutral,Neg_ctrl_17,-0.201409874181869,31872,4.50342294273723,Sample_100_GSE162228
LP_SGL,Neutral,Neg_ctrl_18,-0.123021997318402,31872,4.50342294273723,Sample_100_GSE162228
LP_SGL,Neutral,Neg_ctrl_19,-0.156806626592265,31872,4.50342294273723,Sample_100_GSE162228
LP_SGL,Neutral,Neg_ctrl_20,0.18048591304444,31872,4.50342294273723,Sample_100_GSE162228
LP_SGL,Neutral,Neg_ctrl_21,0.337868977409934,31872,4.50342294273723,Sample_100_GSE162228
LP_SGL,Neutral,Neg_ctrl_22,-0.337750036629652,31872,4.50342294273723,Sample_100_GSE162228
LP_SGL,Neutral,Neg_ctrl_23,-0.0505680890109438,31872,4.50342294273723,Sample_100_GSE162228
LP_SGL,Neutral,Neg_ctrl_24,-0.12305565688092,31872,4.50342294273723,Sample_100_GSE162228
LP_SGL,Neutral,Neg_ctrl_25,-0.11274943090373,31872,4.50342294273723,Sample_100_GSE162228
LP_SGL,Neutral,Neg_ctrl_26,0.160376878730408,31872,4.50342294273723,Sample_100_GSE162228
LP_SGL,Neutral,Neg_ctrl_27,0.00284377095674573,31872,4.50342294273723,Sample_100_GSE162228
LP_SGL,Neutral,Neg_ctrl_28,-0.0483610066957929,31872,4.50342294273723,Sample_100_GSE162228
LP_SGL,Neutral,Neg_ctrl_29,-0.227007798512894,31872,4.50342294273723,Sample_100_GSE162228
LP_SGL,Neutral,Neg_ctrl_30,0.229994542673514,31872,4.50342294273723,Sample_100_GSE162228
LP_SGL,Neutral,Neg_ctrl_31,-0.344666289975304,31872,4.50342294273723,Sample_100_GSE162228
LP_SGL,Neutral,Neg_ctrl_32,-0.334882038730288,31872,4.50342294273723,Sample_100_GSE162228
LP_SGL,Neutral,Neg_ctrl_33,0.0208864595517284,31872,4.50342294273723,Sample_100_GSE162228
LP_SGL,Neutral,Neg_ctrl_34,0.153945948478363,31872,4.50342294273723,Sample_100_GSE162228
LP_SGL,Neutral,Neg_ctrl_35,-0.094525644384954,31872,4.50342294273723,Sample_100_GSE162228
LP_SGL,Neutral,Neg_ctrl_36,-0.00046749584928849,31872,4.50342294273723,Sample_100_GSE162228
LP_SGL,Neutral,Neg_ctrl_37,0.0558244783645659,31872,4.50342294273723,Sample_100_GSE162228
LP_SGL,Neutral,Neg_ctrl_38,-0.0158305991534309,31872,4.50342294273723,Sample_100_GSE162228
LP_SGL,Neutral,Neg_ctrl_39,-0.152365048583758,31872,4.50342294273723,Sample_100_GSE162228
LP_SGL,Neutral,Neg_ctrl_40,-0.218614704090634,31872,4.50342294273723,Sample_100_GSE162228
LP_SGL,Neutral,Neg_ctrl_41,0.223373595819159,31872,4.50342294273723,Sample_100_GSE162228
LP_SGL,Neutral,Neg_ctrl_42,0.0818603428318786,31872,4.50342294273723,Sample_100_GSE162228
LP_SGL,Neutral,Neg_ctrl_43,-0.0518467238839047,31872,4.50342294273723,Sample_100_GSE162228
LP_SGL,Neutral,Neg_ctrl_44,-0.323598796521171,31872,4.50342294273723,Sample_100_GSE162228
LP_SGL,Neutral,Neg_ctrl_45,-0.0529612599107655,31872,4.50342294273723,Sample_100_GSE162228
LP_SGL,Neutral,Neg_ctrl_46,-0.332805155729982,31872,4.50342294273723,Sample_100_GSE162228
LP_SGL,Neutral,Neg_ctrl_47,-0.130264016908503,31872,4.50342294273723,Sample_100_GSE162228
LP_SGL,Neutral,Neg_ctrl_48,-0.136767413748422,31872,4.50342294273723,Sample_100_GSE162228
LP_SGL,Neutral,Neg_ctrl_49,0.0652104832580796,31872,4.50342294273723,Sample_100_GSE162228
LP_SGL,Neutral,Neg_ctrl_50,-0.165856137887979,31872,4.50342294273723,Sample_100_GSE162228
LP_SGL,Neutral,Neg_ctrl_51,-0.0816394408135814,31872,4.50342294273723,Sample_100_GSE162228
LP_SGL,Neutral,Neg_ctrl_52,-0.32791142838399,31872,4.50342294273723,Sample_100_GSE162228
LP_SGL,Neutral,Neg_ctrl_53,-0.166978936520236,31872,4.50342294273723,Sample_100_GSE162228
LP_SGL,Neutral,Neg_ctrl_54,0.00315169304266733,31872,4.50342294273723,Sample_100_GSE162228
LP_SGL,Neutral,Neg_ctrl_55,0.052433579880863,31872,4.50342294273723,Sample_100_GSE162228
LP_SGL,Neutral,Neg_ctrl_56,-0.060855867515058,31872,4.50342294273723,Sample_100_GSE162228
LP_SGL,Neutral,Neg_ctrl_57,-0.169112538943571,31872,4.50342294273723,Sample_100_GSE162228
LP_SGL,Neutral,Neg_ctrl_58,-0.0642269398567452,31872,4.50342294273723,Sample_100_GSE162228
LP_SGL,Neutral,Neg_ctrl_59,-0.0244183159520084,31872,4.50342294273723,Sample_100_GSE162228
LP_SGL,Neutral,Neg_ctrl_60,-0.180952507498894,31872,4.50342294273723,Sample_100_GSE162228
LP_SGL,Neutral,Neg_ctrl_61,0.145089170878928,31872,4.50342294273723,Sample_100_GSE162228
LP_SGL,Neutral,Neg_ctrl_62,0.0644636175385681,31872,4.50342294273723,Sample_100_GSE162228
LP_SGL,Neutral,Neg_ctrl_63,-0.134904003404665,31872,4.50342294273723,Sample_100_GSE162228
LP_SGL,Neutral,Neg_ctrl_64,-0.0644217736341621,31872,4.50342294273723,Sample_100_GSE162228
LP_SGL,Neutral,Neg_ctrl_65,0.2516251268224,31872,4.50342294273723,Sample_100_GSE162228
LP_SGL,Neutral,Neg_ctrl_66,0.0808805989475313,31872,4.50342294273723,Sample_100_GSE162228
LP_SGL,Neutral,Neg_ctrl_67,-0.351146239713749,31872,4.50342294273723,Sample_100_GSE162228
LP_SGL,Neutral,Neg_ctrl_68,-0.081044954201989,31872,4.50342294273723,Sample_100_GSE162228
LP_SGL,Neutral,Neg_ctrl_69,0.085774061419961,31872,4.50342294273723,Sample_100_GSE162228
LP_SGL,Neutral,Neg_ctrl_70,-0.0356457117781319,31872,4.50342294273723,Sample_100_GSE162228
LP_SGL,Neutral,Neg_ctrl_71,0.305388775296783,31872,4.50342294273723,Sample_100_GSE162228
LP_SGL,Neutral,Neg_ctrl_72,0.164463685239552,31872,4.50342294273723,Sample_100_GSE162228
LP_SGL,Neutral,Neg_ctrl_73,-0.147842148159279,31872,4.50342294273723,Sample_100_GSE162228
LP_SGL,Neutral,Neg_ctrl_74,0.211040574895124,31872,4.50342294273723,Sample_100_GSE162228
LP_SGL,Neutral,Neg_ctrl_75,-0.279006307736059,31872,4.50342294273723,Sample_100_GSE162228
LP_SGL,Neutral,Neg_ctrl_76,0.00643423169058279,31872,4.50342294273723,Sample_100_GSE162228
LP_SGL,Neutral,Neg_ctrl_77,-0.13816286007832,31872,4.50342294273723,Sample_100_GSE162228
LP_SGL,Neutral,Neg_ctrl_78,0.0132341165224535,31872,4.50342294273723,Sample_100_GSE162228
LP_SGL,Neutral,Neg_ctrl_79,0.250401447171285,31872,4.50342294273723,Sample_100_GSE162228
LP_SGL,Neutral,Neg_ctrl_80,0.190269842222402,31872,4.50342294273723,Sample_100_GSE162228
LP_SGL,Neutral,Neg_ctrl_81,-0.0106612862717704,31872,4.50342294273723,Sample_100_GSE162228
LP_SGL,Neutral,Neg_ctrl_82,0.0293218391433675,31872,4.50342294273723,Sample_100_GSE162228
LP_SGL,Neutral,Neg_ctrl_83,-0.0851077802976715,31872,4.50342294273723,Sample_100_GSE162228
LP_SGL,Neutral,Neg_ctrl_84,-0.244669463722437,31872,4.50342294273723,Sample_100_GSE162228
LP_SGL,Neutral,Neg_ctrl_85,0.133455882654667,31872,4.50342294273723,Sample_100_GSE162228
LP_SGL,Neutral,Neg_ctrl_86,0.196208459247155,31872,4.50342294273723,Sample_100_GSE162228
LP_SGL,Neutral,Neg_ctrl_87,0.227882171054021,31872,4.50342294273723,Sample_100_GSE162228
LP_SGL,Neutral,Neg_ctrl_88,-0.184974805987616,31872,4.50342294273723,Sample_100_GSE162228
LP_SGL,Neutral,Neg_ctrl_89,0.0843748064511392,31872,4.50342294273723,Sample_100_GSE162228
LP_SGL,Neutral,Neg_ctrl_90,-0.326365464954757,31872,4.50342294273723,Sample_100_GSE162228
LP_SGL,Neutral,Neg_ctrl_91,0.0917159383058922,31872,4.50342294273723,Sample_100_GSE162228
LP_SGL,Neutral,Neg_ctrl_92,0.287065468792029,31872,4.50342294273723,Sample_100_GSE162228
LP_SGL,Neutral,Neg_ctrl_93,0.300304430966278,31872,4.50342294273723,Sample_100_GSE162228
LP_SGL,Neutral,Neg_ctrl_94,0.149434059913325,31872,4.50342294273723,Sample_100_GSE162228
LP_SGL,Neutral,Neg_ctrl_95,0.107969441467534,31872,4.50342294273723,Sample_100_GSE162228
LP_SGL,Neutral,Neg_ctrl_96,0.127819660398135,31872,4.50342294273723,Sample_100_GSE162228
LP_SGL,Neutral,Neg_ctrl_97,-0.0698975005283272,31872,4.50342294273723,Sample_100_GSE162228
LP_SGL,Neutral,Neg_ctrl_98,-0.144451137915749,31872,4.50342294273723,Sample_100_GSE162228
LP_SGL,Neutral,Neg_ctrl_99,0.220135306068011,31872,4.50342294273723,Sample_100_GSE162228
LP_SGL,Neutral,Neg_ctrl_100,0.206173601299669,31872,4.50342294273723,Sample_100_GSE162228
DEGAS,Other,Neg_ctrl_1,0.0807716986630552,31872,4.50342294273723,Sample_100_GSE162228
DEGAS,Other,Neg_ctrl_2,0.142802103552978,31872,4.50342294273723,Sample_100_GSE162228
DEGAS,Other,Neg_ctrl_3,-0.035865626577866,31872,4.50342294273723,Sample_100_GSE162228
DEGAS,Other,Neg_ctrl_4,0.286279563436548,31872,4.50342294273723,Sample_100_GSE162228
DEGAS,Other,Neg_ctrl_5,0.069800281523462,31872,4.50342294273723,Sample_100_GSE162228
DEGAS,Other,Neg_ctrl_6,0.214762364384503,31872,4.50342294273723,Sample_100_GSE162228
DEGAS,Other,Neg_ctrl_7,0.311199436709184,31872,4.50342294273723,Sample_100_GSE162228
DEGAS,Other,Neg_ctrl_8,0.160437308894516,31872,4.50342294273723,Sample_100_GSE162228
DEGAS,Other,Neg_ctrl_9,-0.0724571364939986,31872,4.50342294273723,Sample_100_GSE162228
DEGAS,Other,Neg_ctrl_10,-0.136687052501372,31872,4.50342294273723,Sample_100_GSE162228
DEGAS,Other,Neg_ctrl_11,-0.212002171547628,31872,4.50342294273723,Sample_100_GSE162228
DEGAS,Other,Neg_ctrl_12,0.0435163821798871,31872,4.50342294273723,Sample_100_GSE162228
DEGAS,Other,Neg_ctrl_13,0.232884594568563,31872,4.50342294273723,Sample_100_GSE162228
DEGAS,Other,Neg_ctrl_14,-0.0622433456276841,31872,4.50342294273723,Sample_100_GSE162228
DEGAS,Other,Neg_ctrl_15,0.30923836107382,31872,4.50342294273723,Sample_100_GSE162228
DEGAS,Other,Neg_ctrl_16,-0.073568250905099,31872,4.50342294273723,Sample_100_GSE162228
DEGAS,Other,Neg_ctrl_17,-0.201409874181869,31872,4.50342294273723,Sample_100_GSE162228
DEGAS,Other,Neg_ctrl_18,-0.123021997318402,31872,4.50342294273723,Sample_100_GSE162228
DEGAS,Other,Neg_ctrl_19,-0.156806626592265,31872,4.50342294273723,Sample_100_GSE162228
DEGAS,Other,Neg_ctrl_20,0.18048591304444,31872,4.50342294273723,Sample_100_GSE162228
DEGAS,Other,Neg_ctrl_21,0.337868977409934,31872,4.50342294273723,Sample_100_GSE162228
DEGAS,Other,Neg_ctrl_22,-0.337750036629652,31872,4.50342294273723,Sample_100_GSE162228
DEGAS,Other,Neg_ctrl_23,-0.0505680890109438,31872,4.50342294273723,Sample_100_GSE162228
DEGAS,Other,Neg_ctrl_24,-0.12305565688092,31872,4.50342294273723,Sample_100_GSE162228
DEGAS,Other,Neg_ctrl_25,-0.11274943090373,31872,4.50342294273723,Sample_100_GSE162228
DEGAS,Other,Neg_ctrl_26,0.160376878730408,31872,4.50342294273723,Sample_100_GSE162228
DEGAS,Other,Neg_ctrl_27,0.00284377095674573,31872,4.50342294273723,Sample_100_GSE162228
DEGAS,Other,Neg_ctrl_28,-0.0483610066957929,31872,4.50342294273723,Sample_100_GSE162228
DEGAS,Other,Neg_ctrl_29,-0.227007798512894,31872,4.50342294273723,Sample_100_GSE162228
DEGAS,Other,Neg_ctrl_30,0.229994542673514,31872,4.50342294273723,Sample_100_GSE162228
DEGAS,Other,Neg_ctrl_31,-0.344666289975304,31872,4.50342294273723,Sample_100_GSE162228
DEGAS,Other,Neg_ctrl_32,-0.334882038730288,31872,4.50342294273723,Sample_100_GSE162228
DEGAS,Other,Neg_ctrl_33,0.0208864595517284,31872,4.50342294273723,Sample_100_GSE162228
DEGAS,Other,Neg_ctrl_34,0.153945948478363,31872,4.50342294273723,Sample_100_GSE162228
DEGAS,Other,Neg_ctrl_35,-0.094525644384954,31872,4.50342294273723,Sample_100_GSE162228
DEGAS,Other,Neg_ctrl_36,-0.00046749584928849,31872,4.50342294273723,Sample_100_GSE162228
DEGAS,Other,Neg_ctrl_37,0.0558244783645659,31872,4.50342294273723,Sample_100_GSE162228
DEGAS,Other,Neg_ctrl_38,-0.0158305991534309,31872,4.50342294273723,Sample_100_GSE162228
DEGAS,Other,Neg_ctrl_39,-0.152365048583758,31872,4.50342294273723,Sample_100_GSE162228
DEGAS,Other,Neg_ctrl_40,-0.218614704090634,31872,4.50342294273723,Sample_100_GSE162228
DEGAS,Other,Neg_ctrl_41,0.223373595819159,31872,4.50342294273723,Sample_100_GSE162228
DEGAS,Other,Neg_ctrl_42,0.0818603428318786,31872,4.50342294273723,Sample_100_GSE162228
DEGAS,Other,Neg_ctrl_43,-0.0518467238839047,31872,4.50342294273723,Sample_100_GSE162228
DEGAS,Other,Neg_ctrl_44,-0.323598796521171,31872,4.50342294273723,Sample_100_GSE162228
DEGAS,Other,Neg_ctrl_45,-0.0529612599107655,31872,4.50342294273723,Sample_100_GSE162228
DEGAS,Other,Neg_ctrl_46,-0.332805155729982,31872,4.50342294273723,Sample_100_GSE162228
DEGAS,Other,Neg_ctrl_47,-0.130264016908503,31872,4.50342294273723,Sample_100_GSE162228
DEGAS,Other,Neg_ctrl_48,-0.136767413748422,31872,4.50342294273723,Sample_100_GSE162228
DEGAS,Other,Neg_ctrl_49,0.0652104832580796,31872,4.50342294273723,Sample_100_GSE162228
DEGAS,Other,Neg_ctrl_50,-0.165856137887979,31872,4.50342294273723,Sample_100_GSE162228
DEGAS,Other,Neg_ctrl_51,-0.0816394408135814,31872,4.50342294273723,Sample_100_GSE162228
DEGAS,Other,Neg_ctrl_52,-0.32791142838399,31872,4.50342294273723,Sample_100_GSE162228
DEGAS,Other,Neg_ctrl_53,-0.166978936520236,31872,4.50342294273723,Sample_100_GSE162228
DEGAS,Other,Neg_ctrl_54,0.00315169304266733,31872,4.50342294273723,Sample_100_GSE162228
DEGAS,Other,Neg_ctrl_55,0.052433579880863,31872,4.50342294273723,Sample_100_GSE162228
DEGAS,Other,Neg_ctrl_56,-0.060855867515058,31872,4.50342294273723,Sample_100_GSE162228
DEGAS,Other,Neg_ctrl_57,-0.169112538943571,31872,4.50342294273723,Sample_100_GSE162228
DEGAS,Other,Neg_ctrl_58,-0.0642269398567452,31872,4.50342294273723,Sample_100_GSE162228
DEGAS,Other,Neg_ctrl_59,-0.0244183159520084,31872,4.50342294273723,Sample_100_GSE162228
DEGAS,Other,Neg_ctrl_60,-0.180952507498894,31872,4.50342294273723,Sample_100_GSE162228
DEGAS,Other,Neg_ctrl_61,0.145089170878928,31872,4.50342294273723,Sample_100_GSE162228
DEGAS,Other,Neg_ctrl_62,0.0644636175385681,31872,4.50342294273723,Sample_100_GSE162228
DEGAS,Other,Neg_ctrl_63,-0.134904003404665,31872,4.50342294273723,Sample_100_GSE162228
DEGAS,Other,Neg_ctrl_64,-0.0644217736341621,31872,4.50342294273723,Sample_100_GSE162228
DEGAS,Other,Neg_ctrl_65,0.2516251268224,31872,4.50342294273723,Sample_100_GSE162228
DEGAS,Other,Neg_ctrl_66,0.0808805989475313,31872,4.50342294273723,Sample_100_GSE162228
DEGAS,Other,Neg_ctrl_67,-0.351146239713749,31872,4.50342294273723,Sample_100_GSE162228
DEGAS,Other,Neg_ctrl_68,-0.081044954201989,31872,4.50342294273723,Sample_100_GSE162228
DEGAS,Other,Neg_ctrl_69,0.085774061419961,31872,4.50342294273723,Sample_100_GSE162228
DEGAS,Other,Neg_ctrl_70,-0.0356457117781319,31872,4.50342294273723,Sample_100_GSE162228
DEGAS,Other,Neg_ctrl_71,0.305388775296783,31872,4.50342294273723,Sample_100_GSE162228
DEGAS,Other,Neg_ctrl_72,0.164463685239552,31872,4.50342294273723,Sample_100_GSE162228
DEGAS,Other,Neg_ctrl_73,-0.147842148159279,31872,4.50342294273723,Sample_100_GSE162228
DEGAS,Other,Neg_ctrl_74,0.211040574895124,31872,4.50342294273723,Sample_100_GSE162228
DEGAS,Other,Neg_ctrl_75,-0.279006307736059,31872,4.50342294273723,Sample_100_GSE162228
DEGAS,Other,Neg_ctrl_76,0.00643423169058279,31872,4.50342294273723,Sample_100_GSE162228
DEGAS,Other,Neg_ctrl_77,-0.13816286007832,31872,4.50342294273723,Sample_100_GSE162228
DEGAS,Other,Neg_ctrl_78,0.0132341165224535,31872,4.50342294273723,Sample_100_GSE162228
DEGAS,Other,Neg_ctrl_79,0.250401447171285,31872,4.50342294273723,Sample_100_GSE162228
DEGAS,Other,Neg_ctrl_80,0.190269842222402,31872,4.50342294273723,Sample_100_GSE162228
DEGAS,Other,Neg_ctrl_81,-0.0106612862717704,31872,4.50342294273723,Sample_100_GSE162228
DEGAS,Other,Neg_ctrl_82,0.0293218391433675,31872,4.50342294273723,Sample_100_GSE162228
DEGAS,Other,Neg_ctrl_83,-0.0851077802976715,31872,4.50342294273723,Sample_100_GSE162228
DEGAS,Other,Neg_ctrl_84,-0.244669463722437,31872,4.50342294273723,Sample_100_GSE162228
DEGAS,Other,Neg_ctrl_85,0.133455882654667,31872,4.50342294273723,Sample_100_GSE162228
DEGAS,Other,Neg_ctrl_86,0.196208459247155,31872,4.50342294273723,Sample_100_GSE162228
DEGAS,Other,Neg_ctrl_87,0.227882171054021,31872,4.50342294273723,Sample_100_GSE162228
DEGAS,Other,Neg_ctrl_88,-0.184974805987616,31872,4.50342294273723,Sample_100_GSE162228
DEGAS,Other,Neg_ctrl_89,0.0843748064511392,31872,4.50342294273723,Sample_100_GSE162228
DEGAS,Other,Neg_ctrl_90,-0.326365464954757,31872,4.50342294273723,Sample_100_GSE162228
DEGAS,Other,Neg_ctrl_91,0.0917159383058922,31872,4.50342294273723,Sample_100_GSE162228
DEGAS,Other,Neg_ctrl_92,0.287065468792029,31872,4.50342294273723,Sample_100_GSE162228
DEGAS,Other,Neg_ctrl_93,0.300304430966278,31872,4.50342294273723,Sample_100_GSE162228
DEGAS,Other,Neg_ctrl_94,0.149434059913325,31872,4.50342294273723,Sample_100_GSE162228
DEGAS,Other,Neg_ctrl_95,0.107969441467534,31872,4.50342294273723,Sample_100_GSE162228
DEGAS,Other,Neg_ctrl_96,0.127819660398135,31872,4.50342294273723,Sample_100_GSE162228
DEGAS,Other,Neg_ctrl_97,-0.0698975005283272,31872,4.50342294273723,Sample_100_GSE162228
DEGAS,Other,Neg_ctrl_98,-0.144451137915749,31872,4.50342294273723,Sample_100_GSE162228
DEGAS,Other,Neg_ctrl_99,0.220135306068011,31872,4.50342294273723,Sample_100_GSE162228
DEGAS,Other,Neg_ctrl_100,0.206173601299669,31872,4.50342294273723,Sample_100_GSE162228
