full_group,type,cluster,mean_score,rest_mean_score,diff,group.x,method.x,type_sub.x,estimate,statistic,p.value,conf.low,conf.high,method.y,alternative,null.value,screen_method,bulk,type_pheno,group.y,ssGSEA type,type_sub.y,neg_log10_p,label,tumor_type
neg | DEGAS | Positive vs Rest,neg_marker_score,DEGAS_Positive,0.269326922336877,0.313115968855139,0.860150708127823,Positive vs Rest,DEGAS,neg,-0.0318469830065115,19699679,3.42639594090076e-35,-0.0369225854484144,-0.0268063054596665,Wilcoxon rank sum test with continuity correction,two.sided,0,DEGAS,GSE162228,survival,Positive vs Rest,neg_ssGSEA,neg,34.4651624531006,***,HER2
neg | LP_SGL | Positive vs Rest,neg_marker_score,LP_SGL_Positive,0.335237990870744,0.309865599717126,1.08188192292652,Positive vs Rest,LP_SGL,neg,0.0171115357211974,22199537,1.52933925954511e-08,0.0112007516800068,0.0230712894858374,Wilcoxon rank sum test with continuity correction,two.sided,0,LP_SGL,GSE162228,survival,Positive vs Rest,neg_ssGSEA,neg,7.81549616258977,***,HER2
neg | scAB | Positive vs Rest,neg_marker_score,scAB_Positive,0.333753452922256,0.309266456680425,1.07917766609631,Positive vs Rest,scAB,neg,0.0204260437462457,35825282,1.43460470906233e-19,0.0160353235217596,0.0248290503149387,Wilcoxon rank sum test with continuity correction,two.sided,0,scAB,GSE162228,survival,Positive vs Rest,neg_ssGSEA,neg,18.843267747935,***,HER2
neg | SCIPAC | Positive vs Rest,neg_marker_score,SCIPAC_Positive,0.424870598600289,0.306255342390094,1.38730836590308,Positive vs Rest,SCIPAC,neg,0.0939122431476235,27809907,1.55210585083036e-159,0.0876780438775989,0.100130951462994,Wilcoxon rank sum test with continuity correction,two.sided,0,SCIPAC,GSE162228,survival,Positive vs Rest,neg_ssGSEA,neg,158.809078663964,***,HER2
neg | scPAS | Positive vs Rest,neg_marker_score,scPAS_Positive,0.407366662381124,0.31084116796427,1.31052995666246,Positive vs Rest,scPAS,neg,0.0694154557192097,596608,0.0019444823353403,0.0266363972885542,0.113582156014254,Wilcoxon rank sum test with continuity correction,two.sided,0,scPAS,GSE162228,survival,Positive vs Rest,neg_ssGSEA,neg,2.71119599784904,**,HER2
neg | scPP | Positive vs Rest,neg_marker_score,scPP_Positive,0.300634950868185,0.311571042663666,0.964900166260679,Positive vs Rest,scPP,neg,-0.00779927506478244,26853049,0.000537916400259999,-0.0122599493249842,-0.00334840270639129,Wilcoxon rank sum test with continuity correction,two.sided,0,scPP,GSE162228,survival,Positive vs Rest,neg_ssGSEA,neg,3.26928521453236,***,HER2
pos | DEGAS | Positive vs Rest,pos_marker_score,DEGAS_Positive,0.325424265985566,0.361012485571706,0.901421083734037,Positive vs Rest,DEGAS,pos,-0.0268226317010349,20138464,6.94312823136499e-29,-0.0319071627016866,-0.0218345834654041,Wilcoxon rank sum test with continuity correction,two.sided,0,DEGAS,GSE162228,survival,Positive vs Rest,pos_ssGSEA,pos,28.1584448137641,***,HER2
pos | LP_SGL | Positive vs Rest,pos_marker_score,LP_SGL_Positive,0.35159372580121,0.359565798145183,0.97782861333003,Positive vs Rest,LP_SGL,pos,-0.00974122581009879,19156035,0.000317238224418037,-0.015173147298297,-0.00442628643785408,Wilcoxon rank sum test with continuity correction,two.sided,0,LP_SGL,GSE162228,survival,Positive vs Rest,pos_ssGSEA,pos,3.49861448953328,***,HER2
pos | scAB | Positive vs Rest,pos_marker_score,scAB_Positive,0.39309053680793,0.356771229086429,1.10179999047149,Positive vs Rest,scAB,pos,0.0291127561934508,37286130,2.46140959770408e-36,0.0246265501924708,0.0336566247345687,Wilcoxon rank sum test with continuity correction,two.sided,0,scAB,GSE162228,survival,Positive vs Rest,pos_ssGSEA,pos,35.6088161103033,***,HER2
pos | SCIPAC | Positive vs Rest,pos_marker_score,SCIPAC_Positive,0.401108797729952,0.357516111211746,1.12193208963494,Positive vs Rest,SCIPAC,pos,0.0339386217640466,22893011,1.02355687630747e-30,0.0282307031263951,0.0396310935732913,Wilcoxon rank sum test with continuity correction,two.sided,0,SCIPAC,GSE162228,survival,Positive vs Rest,pos_ssGSEA,pos,29.9898880197526,***,HER2
pos | scPAS | Positive vs Rest,pos_marker_score,scPAS_Positive,0.293967763102128,0.359290014469107,0.818190740804471,Positive vs Rest,scPAS,pos,-0.0467708205749726,316213,0.00774071429749505,-0.0804262251079494,-0.0107087182598588,Wilcoxon rank sum test with continuity correction,two.sided,0,scPAS,GSE162228,survival,Positive vs Rest,pos_ssGSEA,pos,2.11121896164953,**,HER2
pos | scPP | Positive vs Rest,pos_marker_score,scPP_Positive,0.37292060162292,0.358374619467526,1.04058876205298,Positive vs Rest,scPP,pos,0.0106313633760275,29967789,4.48692797848384e-06,0.00605013367794037,0.0152973093899739,Wilcoxon rank sum test with continuity correction,two.sided,0,scPP,GSE162228,survival,Positive vs Rest,pos_ssGSEA,pos,5.34805090144934,***,HER2
neg | DEGAS | Positive vs Rest,neg_marker_score,DEGAS_Positive,0.323439630124062,0.376949100366256,0.858045900122318,Positive vs Rest,DEGAS,neg,-0.0147895018422791,18017705,2.23837860146924e-65,-0.0167576391488374,-0.0129261039664244,Wilcoxon rank sum test with continuity correction,two.sided,0,DEGAS,GSE42568,survival,Positive vs Rest,neg_ssGSEA,neg,64.6500664546161,***,HER2
neg | LP_SGL | Positive vs Rest,neg_marker_score,LP_SGL_Positive,0.344118178511544,0.375417004374941,0.916629173695772,Positive vs Rest,LP_SGL,neg,-0.00884709108140914,15279718,2.72502009981122e-17,-0.0110055491258871,-0.00673911093518501,Wilcoxon rank sum test with continuity correction,two.sided,0,LP_SGL,GSE42568,survival,Positive vs Rest,neg_ssGSEA,neg,16.5646302900094,***,HER2
neg | scAB | Positive vs Rest,neg_marker_score,scAB_Positive,0.412934483869885,0.371651307824799,1.1110804002997,Positive vs Rest,scAB,neg,0.0129355021175546,36173115,3.50237320578455e-50,0.0112491517174303,0.0146009348524051,Wilcoxon rank sum test with continuity correction,two.sided,0,scAB,GSE42568,survival,Positive vs Rest,neg_ssGSEA,neg,49.4556375782477,***,HER2
neg | SCIPAC | Positive vs Rest,neg_marker_score,SCIPAC_Positive,0.42616971062762,0.374119443593312,1.13912740416371,Positive vs Rest,SCIPAC,neg,0.0150576343285194,1804552,0.000480605087682071,0.00658380945312577,0.0238444344210231,Wilcoxon rank sum test with continuity correction,two.sided,0,SCIPAC,GSE42568,survival,Positive vs Rest,neg_ssGSEA,neg,3.31821163606946,***,HER2
neg | scissor | Positive vs Rest,neg_marker_score,scissor_Positive,0.351780880197878,0.375474277132056,0.936897416475099,Positive vs Rest,scissor,neg,-0.00437828202726479,22632184,4.76423670640115e-07,-0.00612150842752518,-0.0026786496564231,Wilcoxon rank sum test with continuity correction,two.sided,0,scissor,GSE42568,survival,Positive vs Rest,neg_ssGSEA,neg,6.32200666916028,***,HER2
neg | scPAS | Positive vs Rest,neg_marker_score,scPAS_Positive,0.376886465710755,0.37419039489816,1.00720507754703,Positive vs Rest,scPAS,neg,0.000831083533245167,15268101,0.500073420453164,-0.00158637670216062,0.00326889443585065,Wilcoxon rank sum test with continuity correction,two.sided,0,scPAS,GSE42568,survival,Positive vs Rest,neg_ssGSEA,neg,0.30096622815037,NS,HER2
neg | scPP | Positive vs Rest,neg_marker_score,scPP_Positive,0.347982190883442,0.375535105636506,0.926630255495384,Positive vs Rest,scPP,neg,-0.00679414119619979,19637992,8.48395887044683e-14,-0.00863694928114465,-0.00497372970456609,Wilcoxon rank sum test with continuity correction,two.sided,0,scPP,GSE42568,survival,Positive vs Rest,neg_ssGSEA,neg,13.0714014455752,***,HER2
pos | DEGAS | Positive vs Rest,pos_marker_score,DEGAS_Positive,0.347833348506172,0.371588451170988,0.936071472108574,Positive vs Rest,DEGAS,pos,-0.0111193820791247,20903035,1.92790120830253e-19,-0.0136284136166861,-0.00866722612709605,Wilcoxon rank sum test with continuity correction,two.sided,0,DEGAS,GSE42568,survival,Positive vs Rest,pos_ssGSEA,pos,18.7149152244728,***,HER2
pos | LP_SGL | Positive vs Rest,pos_marker_score,LP_SGL_Positive,0.3697405675424,0.370425431363765,0.998151142542122,Positive vs Rest,LP_SGL,pos,-0.0040211629978149,17112248,0.0119766827462135,-0.00715265177836412,-0.000877400701221596,Wilcoxon rank sum test with continuity correction,two.sided,0,LP_SGL,GSE42568,survival,Positive vs Rest,pos_ssGSEA,pos,1.92166345444345,*,HER2
pos | scAB | Positive vs Rest,pos_marker_score,scAB_Positive,0.394731308348041,0.368750513065451,1.07045629595633,Positive vs Rest,scAB,pos,0.0133361668837306,34605054,4.69531861276019e-28,0.0109824558944709,0.0157099599344717,Wilcoxon rank sum test with continuity correction,two.sided,0,scAB,GSE42568,survival,Positive vs Rest,pos_ssGSEA,pos,27.3283349322437,***,HER2
pos | SCIPAC | Positive vs Rest,pos_marker_score,SCIPAC_Positive,0.403646518505589,0.370302055174476,1.09004666019313,Positive vs Rest,SCIPAC,pos,0.0166757181201385,1746659,0.00449170013291104,0.00526388851257986,0.0278962545803703,Wilcoxon rank sum test with continuity correction,two.sided,0,SCIPAC,GSE42568,survival,Positive vs Rest,pos_ssGSEA,pos,2.3475892450573,**,HER2
pos | scissor | Positive vs Rest,pos_marker_score,scissor_Positive,0.385794534056512,0.369578183336816,1.04387799781168,Positive vs Rest,scissor,pos,0.00719928310357526,26344969,1.38550569998704e-07,0.00452003622444123,0.00987531654260844,Wilcoxon rank sum test with continuity correction,two.sided,0,scissor,GSE42568,survival,Positive vs Rest,pos_ssGSEA,pos,6.85839168318538,***,HER2
pos | scPAS | Positive vs Rest,pos_marker_score,scPAS_Positive,0.47342040367984,0.367146011395731,1.28946083842801,Positive vs Rest,scPAS,pos,0.046620752602441,21348765,8.29914481386859e-109,0.0425961871679478,0.0506562030186197,Wilcoxon rank sum test with continuity correction,two.sided,0,scPAS,GSE42568,survival,Positive vs Rest,pos_ssGSEA,pos,108.080966657233,***,HER2
pos | scPP | Positive vs Rest,pos_marker_score,scPP_Positive,0.37501584325207,0.370178822534723,1.01306671376884,Positive vs Rest,scPP,pos,0.00052733664475823,22333217,0.699716317649779,-0.00222025585845052,0.00331796995774128,Wilcoxon rank sum test with continuity correction,two.sided,0,scPP,GSE42568,survival,Positive vs Rest,pos_ssGSEA,pos,0.155077998057812,NS,HER2
neg | DEGAS | Positive vs Rest,neg_marker_score,DEGAS_Positive,0.204687502165576,0.200062725996148,1.02311663077867,Positive vs Rest,DEGAS,neg,0.00714975244043892,25355438,0.000630189908263585,0.00307721231345488,0.0112504621827228,Wilcoxon rank sum test with continuity correction,two.sided,0,DEGAS,TCGA_BRCA,survival,Positive vs Rest,neg_ssGSEA,neg,3.20052855581218,***,HER2
neg | LP_SGL | Positive vs Rest,neg_marker_score,LP_SGL_Positive,0.172977635577936,0.201412801004265,0.858821458792351,Positive vs Rest,LP_SGL,neg,-0.0202027702312252,15985004,8.32990611635479e-24,-0.024236495724163,-0.0161953139234298,Wilcoxon rank sum test with continuity correction,two.sided,0,LP_SGL,TCGA_BRCA,survival,Positive vs Rest,neg_ssGSEA,neg,23.0793598933566,***,HER2
neg | PIPET | Positive vs Rest,neg_marker_score,PIPET_Positive,0.175065134123495,0.20413266625592,0.857604700582395,Positive vs Rest,PIPET,neg,-0.018034230096345,50035173,5.37961079788414e-49,-0.0204630002188702,-0.0156031858499651,Wilcoxon rank sum test with continuity correction,two.sided,0,PIPET,TCGA_BRCA,survival,Positive vs Rest,neg_ssGSEA,neg,48.2692491433755,***,HER2
neg | scAB | Positive vs Rest,neg_marker_score,scAB_Positive,0.18338780418255,0.207665118949708,0.883093921165271,Positive vs Rest,scAB,neg,-0.0167408782822684,93889164,1.8302990570196e-71,-0.018627256323353,-0.0149230171304406,Wilcoxon rank sum test with continuity correction,two.sided,0,scAB,TCGA_BRCA,survival,Positive vs Rest,neg_ssGSEA,neg,70.7374779440389,***,HER2
neg | scissor | Positive vs Rest,neg_marker_score,scissor_Positive,0.188170979030289,0.200422799194222,0.93887012748455,Positive vs Rest,scissor,neg,-0.00558338481571979,5060834,0.185853666163477,-0.0139092666550132,0.00267624435897659,Wilcoxon rank sum test with continuity correction,two.sided,0,scissor,TCGA_BRCA,survival,Positive vs Rest,neg_ssGSEA,neg,0.730828867557958,NS,HER2
neg | scPAS | Positive vs Rest,neg_marker_score,scPAS_Positive,0.218063485913473,0.200214499879092,1.08914931758269,Positive vs Rest,scPAS,neg,0.0104541471604019,2416050,0.135696296334876,-0.00325387250977979,0.0244328859000087,Wilcoxon rank sum test with continuity correction,two.sided,0,scPAS,TCGA_BRCA,survival,Positive vs Rest,neg_ssGSEA,neg,0.867432005717394,NS,HER2
neg | scPP | Positive vs Rest,neg_marker_score,scPP_Positive,0.163030366767949,0.202449771545248,0.805287975993155,Positive vs Rest,scPP,neg,-0.0284756127091071,20180914,1.60695801905781e-59,-0.0319373985700649,-0.0250072604770482,Wilcoxon rank sum test with continuity correction,two.sided,0,scPP,TCGA_BRCA,survival,Positive vs Rest,neg_ssGSEA,neg,58.7939954688059,***,HER2
pos | DEGAS | Positive vs Rest,pos_marker_score,DEGAS_Positive,0.211275952413607,0.189215958556279,1.11658632826557,Positive vs Rest,DEGAS,pos,0.0168578775608779,26730436,3.9097183593684e-13,0.0122713920826866,0.0214904875239877,Wilcoxon rank sum test with continuity correction,two.sided,0,DEGAS,TCGA_BRCA,survival,Positive vs Rest,pos_ssGSEA,pos,12.4078545263324,***,HER2
pos | LP_SGL | Positive vs Rest,pos_marker_score,LP_SGL_Positive,0.229590827757268,0.18871081596795,1.21662781531431,Positive vs Rest,LP_SGL,pos,0.0291018601232426,23057457,1.23411157869481e-33,0.0244274810329537,0.0337119070971457,Wilcoxon rank sum test with continuity correction,two.sided,0,LP_SGL,TCGA_BRCA,survival,Positive vs Rest,pos_ssGSEA,pos,32.908645573025,***,HER2
pos | PIPET | Positive vs Rest,pos_marker_score,PIPET_Positive,0.139839440598205,0.197999871880724,0.706260257998777,Positive vs Rest,PIPET,pos,-0.0348469398349327,41308894,4.87665951852433e-203,-0.0372467690069424,-0.032457313456383,Wilcoxon rank sum test with continuity correction,two.sided,0,PIPET,TCGA_BRCA,survival,Positive vs Rest,pos_ssGSEA,pos,202.311877565177,***,HER2
pos | scAB | Positive vs Rest,pos_marker_score,scAB_Positive,0.188391338334668,0.191159796361781,0.985517571791748,Positive vs Rest,scAB,pos,0.000377016702819529,107686335,0.69530292027793,-0.00150602851151971,0.00225660344622708,Wilcoxon rank sum test with continuity correction,two.sided,0,scAB,TCGA_BRCA,survival,Positive vs Rest,pos_ssGSEA,pos,0.157825946570191,NS,HER2
pos | scissor | Positive vs Rest,pos_marker_score,scissor_Positive,0.241338089794057,0.189777290206212,1.27169109397557,Positive vs Rest,scissor,pos,0.0396394583434006,6498645,3.86427525872168e-13,0.0288882953561664,0.0507027828141043,Wilcoxon rank sum test with continuity correction,two.sided,0,scissor,TCGA_BRCA,survival,Positive vs Rest,pos_ssGSEA,pos,12.41293194564,***,HER2
pos | scPAS | Positive vs Rest,pos_marker_score,scPAS_Positive,0.234359798515438,0.190122142134419,1.23268019118858,Positive vs Rest,scPAS,pos,0.0188237157770811,2527515,0.0120414574564183,0.00394756263533075,0.0347310643269684,Wilcoxon rank sum test with continuity correction,two.sided,0,scPAS,TCGA_BRCA,survival,Positive vs Rest,pos_ssGSEA,pos,1.91932094439276,*,HER2
pos | scPP | Positive vs Rest,pos_marker_score,scPP_Positive,0.272328387307434,0.185574903987436,1.46748499638654,Positive vs Rest,scPP,pos,0.0758115483340804,36139063,2.90429836213863e-154,0.0699997453516837,0.0816472200315095,Wilcoxon rank sum test with continuity correction,two.sided,0,scPP,TCGA_BRCA,survival,Positive vs Rest,pos_ssGSEA,pos,153.536958770074,***,HER2
neg | DEGAS | Positive vs Rest,neg_marker_score,DEGAS_Positive,0.232394697335584,0.275965206581874,0.842115932707758,Positive vs Rest,DEGAS,neg,-0.0311137746028531,58120894,2.7354318653749e-57,-0.0352821102962109,-0.0270142315835481,Wilcoxon rank sum test with continuity correction,two.sided,0,DEGAS,GSE162228,survival,Positive vs Rest,neg_ssGSEA,neg,56.5629740982363,***,TNBC
neg | LP_SGL | Positive vs Rest,neg_marker_score,LP_SGL_Positive,0.263357860456913,0.275497363810886,0.955936045317999,Positive vs Rest,LP_SGL,neg,-0.00442963596218734,176054932,0.000207106006950865,-0.00680755516235572,-0.0020953530131684,Wilcoxon rank sum test with continuity correction,two.sided,0,LP_SGL,GSE162228,survival,Positive vs Rest,neg_ssGSEA,neg,3.68380730454556,***,TNBC
neg | scAB | Positive vs Rest,neg_marker_score,scAB_Positive,0.29806894622915,0.271987548978826,1.09589187941965,Positive vs Rest,scAB,neg,0.0206551370406786,106860574,7.57610438743115e-32,0.0172163997956063,0.0241034637678099,Wilcoxon rank sum test with continuity correction,two.sided,0,scAB,GSE162228,survival,Positive vs Rest,neg_ssGSEA,neg,31.1205540500326,***,TNBC
neg | scPAS | Positive vs Rest,neg_marker_score,scPAS_Positive,0.22547082081446,0.273796893884833,0.823496635098056,Positive vs Rest,scPAS,neg,-0.029619660525795,266846,0.264435933797633,-0.0882205861609064,0.0200819057101521,Wilcoxon rank sum test with continuity correction,two.sided,0,scPAS,GSE162228,survival,Positive vs Rest,neg_ssGSEA,neg,0.577679529558371,NS,TNBC
neg | scPP | Positive vs Rest,neg_marker_score,scPP_Positive,0.260072296857214,0.274759134299553,0.946546499792336,Positive vs Rest,scPP,neg,-0.00563436810005056,89243953,0.000669080399464339,-0.00892899424054835,-0.00240146789331234,Wilcoxon rank sum test with continuity correction,two.sided,0,scPP,GSE162228,survival,Positive vs Rest,neg_ssGSEA,neg,3.17452169247771,***,TNBC
pos | DEGAS | Positive vs Rest,pos_marker_score,DEGAS_Positive,0.259971689106767,0.284711574404839,0.913105445924395,Positive vs Rest,DEGAS,pos,-0.0178066753898724,61235475,1.37983793797986e-33,-0.0208765013960383,-0.0148012204894017,Wilcoxon rank sum test with continuity correction,two.sided,0,DEGAS,GSE162228,survival,Positive vs Rest,pos_ssGSEA,pos,32.8601719185076,***,TNBC
pos | LP_SGL | Positive vs Rest,pos_marker_score,LP_SGL_Positive,0.298928167515007,0.280938713023979,1.06403337687922,Positive vs Rest,LP_SGL,pos,0.0119188156945317,196486146,2.74434405060686e-34,0.00999068638584058,0.013858607952274,Wilcoxon rank sum test with continuity correction,two.sided,0,LP_SGL,GSE162228,survival,Positive vs Rest,pos_ssGSEA,pos,33.5615614432884,***,TNBC
pos | scAB | Positive vs Rest,pos_marker_score,scAB_Positive,0.301164820201439,0.282163935995079,1.06733987509549,Positive vs Rest,scAB,pos,0.0140727158213233,105653438,1.42903713941611e-25,0.0114550309252367,0.0166714824129959,Wilcoxon rank sum test with continuity correction,two.sided,0,scAB,GSE162228,survival,Positive vs Rest,pos_ssGSEA,pos,24.8449564841314,***,TNBC
pos | scPAS | Positive vs Rest,pos_marker_score,scPAS_Positive,0.307816819959532,0.283469007519772,1.08589232612338,Positive vs Rest,scPAS,pos,0.0170640826379118,370788,0.431771825300087,-0.0288515386566782,0.0631048927973337,Wilcoxon rank sum test with continuity correction,two.sided,0,scPAS,GSE162228,survival,Positive vs Rest,pos_ssGSEA,pos,0.364745700389742,NS,TNBC
pos | scPP | Positive vs Rest,pos_marker_score,scPP_Positive,0.311114274025873,0.28151361478995,1.10514823326754,Positive vs Rest,scPP,pos,0.0205171861610943,105292122,4.10513176789009e-45,0.0176900887155614,0.0233653315471766,Wilcoxon rank sum test with continuity correction,two.sided,0,scPP,GSE162228,survival,Positive vs Rest,pos_ssGSEA,pos,44.3866728981915,***,TNBC
neg | DEGAS | Positive vs Rest,neg_marker_score,DEGAS_Positive,0.327660374688747,0.339917628456723,0.963940517520005,Positive vs Rest,DEGAS,neg,-0.00678467575032143,61908467,2.56937698627589e-29,-0.00797363192101451,-0.00559137926828206,Wilcoxon rank sum test with continuity correction,two.sided,0,DEGAS,GSE42568,survival,Positive vs Rest,neg_ssGSEA,neg,28.5901721701409,***,TNBC
neg | LP_SGL | Positive vs Rest,neg_marker_score,LP_SGL_Positive,0.308982507409833,0.342584966918394,0.901914961970397,Positive vs Rest,LP_SGL,neg,-0.00838246423870244,109528187,5.33435100236988e-90,-0.00924587111147759,-0.00756268149009698,Wilcoxon rank sum test with continuity correction,two.sided,0,LP_SGL,GSE42568,survival,Positive vs Rest,neg_ssGSEA,neg,89.2729184109602,***,TNBC
neg | scAB | Positive vs Rest,neg_marker_score,scAB_Positive,0.355001396462291,0.338644387156133,1.04830143338125,Positive vs Rest,scAB,neg,0.0071771478581328,66021960,1.97510470715815e-29,0.00594205872062782,0.00837737927941144,Wilcoxon rank sum test with continuity correction,two.sided,0,scAB,GSE42568,survival,Positive vs Rest,neg_ssGSEA,neg,28.7044098759689,***,TNBC
neg | SCIPAC | Positive vs Rest,neg_marker_score,SCIPAC_Positive,0.318834082549275,0.341106409477826,0.934705633463041,Positive vs Rest,SCIPAC,neg,-0.0043723144000119,101695339,1.6410407751802e-20,-0.00532223014388958,-0.0034440067444685,Wilcoxon rank sum test with continuity correction,two.sided,0,SCIPAC,GSE42568,survival,Positive vs Rest,neg_ssGSEA,neg,19.7848806278343,***,TNBC
neg | scissor | Positive vs Rest,neg_marker_score,scissor_Positive,0.320753873680679,0.340605838197851,0.941715724480212,Positive vs Rest,scissor,neg,-0.00503174335443705,82436338,4.62649681314562e-23,-0.00604642951514476,-0.00403248040517426,Wilcoxon rank sum test with continuity correction,two.sided,0,scissor,GSE42568,survival,Positive vs Rest,neg_ssGSEA,neg,22.33474773265,***,TNBC
neg | scPAS | Positive vs Rest,neg_marker_score,scPAS_Positive,0.364301389783103,0.338158979850378,1.07730804589099,Positive vs Rest,scPAS,neg,0.0105831492495965,74762114,1.28857582467056e-58,0.00929660992945804,0.0118453107781987,Wilcoxon rank sum test with continuity correction,two.sided,0,scPAS,GSE42568,survival,Positive vs Rest,neg_ssGSEA,neg,57.8898900208328,***,TNBC
neg | scPP | Positive vs Rest,neg_marker_score,scPP_Positive,0.320727508203367,0.34087717570953,0.940888774778709,Positive vs Rest,scPP,neg,-0.00407884927720244,98468245,1.13609606809756e-19,-0.00495511559688719,-0.00318303718283582,Wilcoxon rank sum test with continuity correction,two.sided,0,scPP,GSE42568,survival,Positive vs Rest,neg_ssGSEA,neg,18.9445849432019,***,TNBC
pos | DEGAS | Positive vs Rest,pos_marker_score,DEGAS_Positive,0.226075749364318,0.271305493423068,0.83328850629567,Positive vs Rest,DEGAS,pos,-0.0126947426933904,53979480,7.24410579524526e-99,-0.0139851276271952,-0.0114249377184917,Wilcoxon rank sum test with continuity correction,two.sided,0,DEGAS,GSE42568,survival,Positive vs Rest,pos_ssGSEA,pos,98.1400152157357,***,TNBC
pos | LP_SGL | Positive vs Rest,pos_marker_score,LP_SGL_Positive,0.331327527024812,0.262305585894367,1.26313561297258,Positive vs Rest,LP_SGL,pos,0.0257197624932839,173922302,0,0.0244538336203139,0.0269813610247641,Wilcoxon rank sum test with continuity correction,two.sided,0,LP_SGL,GSE42568,survival,Positive vs Rest,pos_ssGSEA,pos,300,***,TNBC
pos | scAB | Positive vs Rest,pos_marker_score,scAB_Positive,0.293559889493351,0.268012340951029,1.09532228423388,Positive vs Rest,scAB,pos,0.00920905631049278,66075727,8.4964892103045e-30,0.00761834046102404,0.0107934332901897,Wilcoxon rank sum test with continuity correction,two.sided,0,scAB,GSE42568,survival,Positive vs Rest,pos_ssGSEA,pos,29.0707604897632,***,TNBC
pos | SCIPAC | Positive vs Rest,pos_marker_score,SCIPAC_Positive,0.294650358725865,0.266789764660476,1.10442902148381,Positive vs Rest,SCIPAC,pos,0.00969067448283818,126641435,2.44114677460324e-54,0.00844703661263454,0.0109179235085704,Wilcoxon rank sum test with continuity correction,two.sided,0,SCIPAC,GSE42568,survival,Positive vs Rest,pos_ssGSEA,pos,53.6124061077258,***,TNBC
pos | scissor | Positive vs Rest,pos_marker_score,scissor_Positive,0.334872384694757,0.264426244283729,1.26641130346896,Positive vs Rest,scissor,pos,0.0252625104004978,121244437,1.59399521896032e-233,0.0238010720026028,0.0267307366477481,Wilcoxon rank sum test with continuity correction,two.sided,0,scissor,GSE42568,survival,Positive vs Rest,pos_ssGSEA,pos,232.797512985564,***,TNBC
pos | scPAS | Positive vs Rest,pos_marker_score,scPAS_Positive,0.336907276864959,0.265933200592604,1.26688685773043,Positive vs Rest,scPAS,pos,0.0287248964497806,88515143,1.03172484584913e-258,0.0272844580361203,0.0302096710659088,Wilcoxon rank sum test with continuity correction,two.sided,0,scPAS,GSE42568,survival,Positive vs Rest,pos_ssGSEA,pos,257.986436110715,***,TNBC
pos | scPP | Positive vs Rest,pos_marker_score,scPP_Positive,0.342664340238342,0.262811727973436,1.30383960746598,Positive vs Rest,scPP,pos,0.0285098692535312,146962014,0,0.0271716515368811,0.0298630282667806,Wilcoxon rank sum test with continuity correction,two.sided,0,scPP,GSE42568,survival,Positive vs Rest,pos_ssGSEA,pos,300,***,TNBC
neg | DEGAS | Positive vs Rest,neg_marker_score,DEGAS_Positive,0.224228491635825,0.202259650616868,1.10861702248548,Positive vs Rest,DEGAS,neg,0.0180523017897445,81787248,1.8359782770473e-41,0.0154520196022611,0.0206963977203882,Wilcoxon rank sum test with continuity correction,two.sided,0,DEGAS,TCGA_BRCA,survival,Positive vs Rest,neg_ssGSEA,neg,40.7361324615957,***,TNBC
neg | LP_SGL | Positive vs Rest,neg_marker_score,LP_SGL_Positive,0.169531334304664,0.204111916226637,0.830580288690366,Positive vs Rest,LP_SGL,neg,-0.0200752097916268,24956466,2.30482846483367e-37,-0.0232570640467824,-0.0169198057666568,Wilcoxon rank sum test with continuity correction,two.sided,0,LP_SGL,TCGA_BRCA,survival,Positive vs Rest,neg_ssGSEA,neg,36.6373613911196,***,TNBC
neg | scAB | Positive vs Rest,neg_marker_score,scAB_Positive,0.176509784250601,0.208299862019452,0.847383106927445,Positive vs Rest,scAB,neg,-0.0192924275871874,156880105,8.31421660587065e-189,-0.020623705032396,-0.0179740123651637,Wilcoxon rank sum test with continuity correction,two.sided,0,scAB,TCGA_BRCA,survival,Positive vs Rest,neg_ssGSEA,neg,188.080178665239,***,TNBC
neg | scissor | Positive vs Rest,neg_marker_score,scissor_Positive,0.184534097799286,0.204486431080622,0.902427103960411,Positive vs Rest,scissor,neg,-0.011020753250848,70806121,2.62948750393824e-25,-0.0131298365970334,-0.00892884990816373,Wilcoxon rank sum test with continuity correction,two.sided,0,scissor,TCGA_BRCA,survival,Positive vs Rest,neg_ssGSEA,neg,24.5801288887347,***,TNBC
neg | scPAS | Positive vs Rest,neg_marker_score,scPAS_Positive,0.187654855502712,0.203732507259867,0.921084504513325,Positive vs Rest,scPAS,neg,-0.00822288986565702,31171278,5.90904858127723e-07,-0.0114673273258331,-0.00498529871895503,Wilcoxon rank sum test with continuity correction,two.sided,0,scPAS,TCGA_BRCA,survival,Positive vs Rest,neg_ssGSEA,neg,6.22848243945105,***,TNBC
neg | scPP | Positive vs Rest,neg_marker_score,scPP_Positive,0.15379413656982,0.205054141588101,0.750017216812679,Positive vs Rest,scPP,neg,-0.0321077287195792,30748613,8.12752904224918e-147,-0.0346387575166057,-0.0296093291546829,Wilcoxon rank sum test with continuity correction,two.sided,0,scPP,TCGA_BRCA,survival,Positive vs Rest,neg_ssGSEA,neg,146.090041469957,***,TNBC
pos | DEGAS | Positive vs Rest,pos_marker_score,DEGAS_Positive,0.205528332705709,0.220261192427053,0.933111867964559,Positive vs Rest,DEGAS,pos,-0.0130039910438637,63783788,5.19824817168094e-19,-0.0158299791484451,-0.0101660051362477,Wilcoxon rank sum test with continuity correction,two.sided,0,DEGAS,TCGA_BRCA,survival,Positive vs Rest,pos_ssGSEA,pos,18.2841429905105,***,TNBC
pos | LP_SGL | Positive vs Rest,pos_marker_score,LP_SGL_Positive,0.263985512709984,0.218533876707055,1.20798439440059,Positive vs Rest,LP_SGL,pos,0.0338005293015919,39406741,6.55183364404391e-45,0.0291293315208238,0.0384520849916127,Wilcoxon rank sum test with continuity correction,two.sided,0,LP_SGL,TCGA_BRCA,survival,Positive vs Rest,pos_ssGSEA,pos,44.1836371381693,***,TNBC
pos | scAB | Positive vs Rest,pos_marker_score,scAB_Positive,0.230436877501229,0.217515935134809,1.05940227946248,Positive vs Rest,scAB,pos,0.0156992613899821,221045773,4.07537846877109e-78,0.0141045470678066,0.0173172835749467,Wilcoxon rank sum test with continuity correction,two.sided,0,scAB,TCGA_BRCA,survival,Positive vs Rest,pos_ssGSEA,pos,77.3898320533617,***,TNBC
pos | scissor | Positive vs Rest,pos_marker_score,scissor_Positive,0.231440763204867,0.218810265752851,1.05772351406164,Positive vs Rest,scissor,pos,0.00886365601460238,85019148,3.1496578416389e-10,0.00611335414610636,0.0116454737043224,Wilcoxon rank sum test with continuity correction,two.sided,0,scissor,TCGA_BRCA,survival,Positive vs Rest,pos_ssGSEA,pos,9.5017366225784,***,TNBC
pos | scPAS | Positive vs Rest,pos_marker_score,scPAS_Positive,0.174947685592069,0.220586679988889,0.793101766620185,Positive vs Rest,scPAS,pos,-0.0230895959884104,26800406,8.12635984116831e-38,-0.0267214438474384,-0.0195051454038244,Wilcoxon rank sum test with continuity correction,two.sided,0,scPAS,TCGA_BRCA,survival,Positive vs Rest,pos_ssGSEA,pos,37.0901039507059,***,TNBC
pos | scPP | Positive vs Rest,pos_marker_score,scPP_Positive,0.313490519742788,0.216309344854946,1.44926942455034,Positive vs Rest,scPP,pos,0.0744373480309818,66424709,5.74956591992018e-176,0.0692804249576331,0.0796263198652053,Wilcoxon rank sum test with continuity correction,two.sided,0,scPP,TCGA_BRCA,survival,Positive vs Rest,pos_ssGSEA,pos,175.240364942389,***,TNBC
neg | DEGAS | Positive vs Rest,neg_marker_score,DEGAS_Positive,0.244803589308186,0.230817913812911,1.06059181137306,Positive vs Rest,DEGAS,neg,0.0079124448671066,25857574,0.00123721107241099,0.00312775031148783,0.0126846968782942,Wilcoxon rank sum test with continuity correction,two.sided,0,DEGAS,GSE31210,survival,Positive vs Rest,neg_ssGSEA,neg,2.90755620193634,**,LUAD
neg | LP_SGL | Positive vs Rest,neg_marker_score,LP_SGL_Positive,0.198380917131296,0.234264779925543,0.846823484069384,Positive vs Rest,LP_SGL,neg,-0.0224606820867865,31736149,2.46668118924868e-29,-0.0266027228374364,-0.018430997550484,Wilcoxon rank sum test with continuity correction,two.sided,0,LP_SGL,GSE31210,survival,Positive vs Rest,neg_ssGSEA,neg,28.607886978073,***,LUAD
neg | scAB | Positive vs Rest,neg_marker_score,scAB_Positive,0.183717180195867,0.234066502341811,0.784893089604004,Positive vs Rest,scAB,neg,-0.0324747521800219,19944849,7.39970904208442e-43,-0.0376013071128639,-0.0274858604312219,Wilcoxon rank sum test with continuity correction,two.sided,0,scAB,GSE31210,survival,Positive vs Rest,neg_ssGSEA,neg,42.1307853564719,***,LUAD
neg | SCIPAC | Positive vs Rest,neg_marker_score,SCIPAC_Positive,0.175615625215791,0.243715983474973,0.720574919674176,Positive vs Rest,SCIPAC,neg,-0.0485569265541608,54531384,3.65223681322343e-255,-0.0516341714782223,-0.0454890309894471,Wilcoxon rank sum test with continuity correction,two.sided,0,SCIPAC,GSE31210,survival,Positive vs Rest,neg_ssGSEA,neg,254.43744107031,***,LUAD
neg | scissor | Positive vs Rest,neg_marker_score,scissor_Positive,0.171116223258287,0.244722862033235,0.699224509866382,Positive vs Rest,scissor,neg,-0.0534406534687752,52500871,2.43664710381919e-306,-0.0565270537780847,-0.0503853478907431,Wilcoxon rank sum test with continuity correction,two.sided,0,scissor,GSE31210,survival,Positive vs Rest,neg_ssGSEA,neg,299.999998941779,***,LUAD
neg | scPAS | Positive vs Rest,neg_marker_score,scPAS_Positive,0.168892553424449,0.246476126031393,0.685228854184999,Positive vs Rest,scPAS,neg,-0.0560768989857464,54483817,0,-0.0590894910979093,-0.0531078058408056,Wilcoxon rank sum test with continuity correction,two.sided,0,scPAS,GSE31210,survival,Positive vs Rest,neg_ssGSEA,neg,300,***,LUAD
pos | DEGAS | Positive vs Rest,pos_marker_score,DEGAS_Positive,0.189596991913113,0.170832612070152,1.10984073600218,Positive vs Rest,DEGAS,pos,0.0155875626095826,27507064,8.49693278087077e-15,0.0116032029239644,0.0196275753668358,Wilcoxon rank sum test with continuity correction,two.sided,0,DEGAS,GSE31210,survival,Positive vs Rest,pos_ssGSEA,pos,14.0707378174316,***,LUAD
pos | LP_SGL | Positive vs Rest,pos_marker_score,LP_SGL_Positive,0.200743187993856,0.169368823819367,1.18524285324169,Positive vs Rest,LP_SGL,pos,0.0324600135330828,45746310,1.45944807983895e-91,0.0294049467857965,0.0355106878368886,Wilcoxon rank sum test with continuity correction,two.sided,0,LP_SGL,GSE31210,survival,Positive vs Rest,pos_ssGSEA,pos,90.8358113505153,***,LUAD
pos | scAB | Positive vs Rest,pos_marker_score,scAB_Positive,0.190662238893845,0.170763539111867,1.1165278014585,Positive vs Rest,scAB,pos,0.018609959913229,28455289,1.86828758808089e-21,0.0147892693928889,0.0224387213346851,Wilcoxon rank sum test with continuity correction,two.sided,0,scAB,GSE31210,survival,Positive vs Rest,pos_ssGSEA,pos,20.7285562714125,***,LUAD
pos | SCIPAC | Positive vs Rest,pos_marker_score,SCIPAC_Positive,0.235183802345482,0.157933307748802,1.48913364570031,Positive vs Rest,SCIPAC,pos,0.0745462769734106,115171305,0,0.0722999782186025,0.0767786079759761,Wilcoxon rank sum test with continuity correction,two.sided,0,SCIPAC,GSE31210,survival,Positive vs Rest,pos_ssGSEA,pos,300,***,LUAD
pos | scissor | Positive vs Rest,pos_marker_score,scissor_Positive,0.229091591565005,0.159238967288787,1.43866539368807,Positive vs Rest,scissor,pos,0.0666513159794804,111021640,0,0.0643126642108696,0.0690149578962663,Wilcoxon rank sum test with continuity correction,two.sided,0,scissor,GSE31210,survival,Positive vs Rest,pos_ssGSEA,pos,300,***,LUAD
pos | scPAS | Positive vs Rest,pos_marker_score,scPAS_Positive,0.226365020258172,0.158730466077543,1.4260968662915,Positive vs Rest,scPAS,pos,0.0654886018135229,118245323,0,0.0633528305431258,0.0676150015068508,Wilcoxon rank sum test with continuity correction,two.sided,0,scPAS,GSE31210,survival,Positive vs Rest,pos_ssGSEA,pos,300,***,LUAD
neg | DEGAS | Positive vs Rest,neg_marker_score,DEGAS_Positive,0.237924485739564,0.173850609269502,1.36855710048583,Positive vs Rest,DEGAS,neg,0.0510502529957301,30855023,1.79774569240601e-64,0.0447023583603692,0.0575370694714996,Wilcoxon rank sum test with continuity correction,two.sided,0,DEGAS,GSE3141,survival,Positive vs Rest,neg_ssGSEA,neg,63.7452717431902,***,LUAD
neg | LP_SGL | Positive vs Rest,neg_marker_score,LP_SGL_Positive,0.123008256462232,0.182039819530112,0.675721700778135,Positive vs Rest,LP_SGL,neg,-0.0379359835215369,28204367,3.27045866902108e-146,-0.0410600420536857,-0.0348522212227817,Wilcoxon rank sum test with continuity correction,two.sided,0,LP_SGL,GSE3141,survival,Positive vs Rest,neg_ssGSEA,neg,145.485391334968,***,LUAD
neg | scAB | Positive vs Rest,neg_marker_score,scAB_Positive,0.104543994945145,0.187583625989343,0.557319405645161,Positive vs Rest,scAB,neg,-0.0556076366756743,32187579,0,-0.0583268139167393,-0.0529334983624491,Wilcoxon rank sum test with continuity correction,two.sided,0,scAB,GSE3141,survival,Positive vs Rest,neg_ssGSEA,neg,300,***,LUAD
neg | scissor | Positive vs Rest,neg_marker_score,scissor_Positive,0.116400349244907,0.179726732949724,0.647651839737542,Positive vs Rest,scissor,neg,-0.0424397499501842,13678752,3.39564602789558e-105,-0.0466082570537083,-0.0383400324445612,Wilcoxon rank sum test with continuity correction,two.sided,0,scissor,GSE3141,survival,Positive vs Rest,neg_ssGSEA,neg,104.4690775882,***,LUAD
neg | scPAS | Positive vs Rest,neg_marker_score,scPAS_Positive,0.120447569458278,0.179202099151243,0.672132581196061,Positive vs Rest,scPAS,neg,-0.0387132082999813,12535613,2.62596278878537e-75,-0.04323792530901,-0.0343205766060543,Wilcoxon rank sum test with continuity correction,two.sided,0,scPAS,GSE3141,survival,Positive vs Rest,neg_ssGSEA,neg,74.5807114323744,***,LUAD
pos | DEGAS | Positive vs Rest,pos_marker_score,DEGAS_Positive,0.215478725570587,0.199456500749313,1.08032941900154,Positive vs Rest,DEGAS,pos,0.00866264784120772,26094815,0.00010374420153199,0.00427216872833607,0.0132391823662319,Wilcoxon rank sum test with continuity correction,two.sided,0,DEGAS,GSE3141,survival,Positive vs Rest,pos_ssGSEA,pos,3.98403616751258,***,LUAD
pos | LP_SGL | Positive vs Rest,pos_marker_score,LP_SGL_Positive,0.16637202703554,0.203383166643214,0.81802260128735,Positive vs Rest,LP_SGL,pos,-0.0237420303981083,33462102,3.2970778131263e-47,-0.0271255886136335,-0.0203769868073353,Wilcoxon rank sum test with continuity correction,two.sided,0,LP_SGL,GSE3141,survival,Positive vs Rest,pos_ssGSEA,pos,46.4818708031108,***,LUAD
pos | scAB | Positive vs Rest,pos_marker_score,scAB_Positive,0.128208307785759,0.21071948405318,0.608431196392844,Positive vs Rest,scAB,pos,-0.061816220924228,31918802,0,-0.0647174615226218,-0.0589600634554327,Wilcoxon rank sum test with continuity correction,two.sided,0,scAB,GSE3141,survival,Positive vs Rest,pos_ssGSEA,pos,300,***,LUAD
pos | scissor | Positive vs Rest,pos_marker_score,scissor_Positive,0.165599141454956,0.201784473640815,0.820673357404742,Positive vs Rest,scissor,pos,-0.0234471816502184,17477355,1.1618512722613e-25,-0.0280595229507802,-0.0189020611432243,Wilcoxon rank sum test with continuity correction,two.sided,0,scissor,GSE3141,survival,Positive vs Rest,pos_ssGSEA,pos,24.9348494621094,***,LUAD
pos | scPAS | Positive vs Rest,pos_marker_score,scPAS_Positive,0.181359550152197,0.200974598193134,0.902400361949786,Positive vs Rest,scPAS,pos,-0.0109921528054547,16888022,7.51548440656547e-06,-0.0159653231700788,-0.00611582336658882,Wilcoxon rank sum test with continuity correction,two.sided,0,scPAS,GSE3141,survival,Positive vs Rest,pos_ssGSEA,pos,5.1240430219542,***,LUAD
neg | DEGAS | Positive vs Rest,neg_marker_score,DEGAS_Positive,0.347785558356145,0.375813123527706,0.92542153688389,Positive vs Rest,DEGAS,neg,-0.00898647816137954,20963665,1.80074615971706e-24,-0.0107616705885404,-0.00726323073520409,Wilcoxon rank sum test with continuity correction,two.sided,0,DEGAS,GSE8894,survival,Positive vs Rest,neg_ssGSEA,neg,23.7445475027295,***,LUAD
neg | LP_SGL | Positive vs Rest,neg_marker_score,LP_SGL_Positive,0.358196119077402,0.375039031022574,0.955090242476234,Positive vs Rest,LP_SGL,neg,-0.00190960634500365,18113323,0.0990018958886635,-0.0041569499309548,0.000348288585527532,Wilcoxon rank sum test with continuity correction,two.sided,0,LP_SGL,GSE8894,survival,Positive vs Rest,neg_ssGSEA,neg,1.00435648857315,NS,LUAD
neg | scAB | Positive vs Rest,neg_marker_score,scAB_Positive,0.383967138690837,0.373928126898094,1.0268474369019,Positive vs Rest,scAB,neg,0.00742718445335108,26313577,2.52013070695598e-12,0.00540448043882769,0.00943652620876044,Wilcoxon rank sum test with continuity correction,two.sided,0,scAB,GSE8894,survival,Positive vs Rest,neg_ssGSEA,neg,11.5985769338861,***,LUAD
neg | scissor | Positive vs Rest,neg_marker_score,scissor_Positive,0.352455888590429,0.376251883207679,0.936755148135391,Positive vs Rest,scissor,neg,-0.00445513354491068,34395257,1.99535261120521e-09,-0.00598302926264846,-0.00300030982192592,Wilcoxon rank sum test with continuity correction,two.sided,0,scissor,GSE8894,survival,Positive vs Rest,neg_ssGSEA,neg,8.69998034630857,***,LUAD
neg | scPAS | Positive vs Rest,neg_marker_score,scPAS_Positive,0.368485612736905,0.374503145666184,0.983931956249459,Positive vs Rest,scPAS,neg,-0.000392376683679471,7743842,0.810495654063454,-0.0036376488855224,0.00282353363163416,Wilcoxon rank sum test with continuity correction,two.sided,0,scPAS,GSE8894,survival,Positive vs Rest,neg_ssGSEA,neg,0.0912493095277683,NS,LUAD
neg | scPP | Positive vs Rest,neg_marker_score,scPP_Positive,0.355407820320405,0.3787382632107,0.93839956202863,Positive vs Rest,scPP,neg,-0.00343159114837519,74186018,3.79968897855874e-11,-0.00446289615370008,-0.00239190777238189,Wilcoxon rank sum test with continuity correction,two.sided,0,scPP,GSE8894,survival,Positive vs Rest,neg_ssGSEA,neg,10.4202519508631,***,LUAD
pos | DEGAS | Positive vs Rest,pos_marker_score,DEGAS_Positive,0.2925277148791,0.299779764519381,0.975808741954589,Positive vs Rest,DEGAS,pos,-0.00782967728234239,23334908,0.000217725982725012,-0.0119220372199458,-0.00371872146939466,Wilcoxon rank sum test with continuity correction,two.sided,0,DEGAS,GSE8894,survival,Positive vs Rest,pos_ssGSEA,pos,3.66208974054658,***,LUAD
pos | LP_SGL | Positive vs Rest,pos_marker_score,LP_SGL_Positive,0.339005593869186,0.29788499040572,1.13804187786521,Positive vs Rest,LP_SGL,pos,0.0259002337722627,21657694,1.27277774228781e-21,0.0204378375087219,0.031495752623642,Wilcoxon rank sum test with continuity correction,two.sided,0,LP_SGL,GSE8894,survival,Positive vs Rest,pos_ssGSEA,pos,20.8952474280237,***,LUAD
pos | scAB | Positive vs Rest,pos_marker_score,scAB_Positive,0.27273834767109,0.300766596372859,0.906810633096296,Positive vs Rest,scAB,pos,-0.0143275546033704,21402425,1.70292909448256e-11,-0.0187883886081325,-0.0100126860366999,Wilcoxon rank sum test with continuity correction,two.sided,0,scAB,GSE8894,survival,Positive vs Rest,pos_ssGSEA,pos,10.7688034345483,***,LUAD
pos | scissor | Positive vs Rest,pos_marker_score,scissor_Positive,0.367887367326421,0.293677664461613,1.25269100052554,Positive vs Rest,scissor,pos,0.0491444010297541,47740126,2.78658076897694e-126,0.0450260382885726,0.0532810902998932,Wilcoxon rank sum test with continuity correction,two.sided,0,scissor,GSE8894,survival,Positive vs Rest,pos_ssGSEA,pos,125.55492836441,***,LUAD
pos | scPAS | Positive vs Rest,pos_marker_score,scPAS_Positive,0.272495333345253,0.299833519731124,0.908822114317347,Positive vs Rest,scPAS,pos,-0.0164481948601832,6866124,5.9154430016449e-06,-0.0241217582147661,-0.00923315656080882,Wilcoxon rank sum test with continuity correction,two.sided,0,scPAS,GSE8894,survival,Positive vs Rest,pos_ssGSEA,pos,5.2280127259362,***,LUAD
pos | scPP | Positive vs Rest,pos_marker_score,scPP_Positive,0.377342727770015,0.281674885698067,1.33963923278022,Positive vs Rest,scPP,pos,0.0621433162118305,107518734,0,0.0594239201387317,0.0648127998247807,Wilcoxon rank sum test with continuity correction,two.sided,0,scPP,GSE8894,survival,Positive vs Rest,pos_ssGSEA,pos,300,***,LUAD
neg | DEGAS | Positive vs Rest,neg_marker_score,DEGAS_Positive,0.322112568219691,0.321371363650031,1.00230638026127,Positive vs Rest,DEGAS,neg,-0.000591259296046186,24506892,0.631909744674941,-0.00296355692913404,0.00180928596736378,Wilcoxon rank sum test with continuity correction,two.sided,0,DEGAS,TCGA_LUAD,survival,Positive vs Rest,neg_ssGSEA,neg,0.199344947332762,NS,LUAD
neg | LP_SGL | Positive vs Rest,neg_marker_score,LP_SGL_Positive,0.228008389840649,0.324454344464493,0.702744141758906,Positive vs Rest,LP_SGL,neg,-0.0341704164544998,8364294,2.88154725393921e-146,-0.0369022840336065,-0.0314733953256037,Wilcoxon rank sum test with continuity correction,two.sided,0,LP_SGL,TCGA_LUAD,survival,Positive vs Rest,neg_ssGSEA,neg,145.540374254113,***,LUAD
neg | scAB | Positive vs Rest,neg_marker_score,scAB_Positive,0.269437090455684,0.335459167539032,0.803188931852141,Positive vs Rest,scAB,neg,-0.0232449687211585,61237147,1.94719112503459e-308,-0.0245270548169099,-0.0219871065226218,Wilcoxon rank sum test with continuity correction,two.sided,0,scAB,TCGA_LUAD,survival,Positive vs Rest,neg_ssGSEA,neg,299.999999995164,***,LUAD
neg | scissor | Positive vs Rest,neg_marker_score,scissor_Positive,0.241382141423568,0.326311763489683,0.739728592197075,Positive vs Rest,scissor,neg,-0.0307326345449007,16492296,2.03943374316389e-200,-0.0328484399169721,-0.0286284678708349,Wilcoxon rank sum test with continuity correction,two.sided,0,scissor,TCGA_LUAD,survival,Positive vs Rest,neg_ssGSEA,neg,199.690490399416,***,LUAD
neg | scPAS | Positive vs Rest,neg_marker_score,scPAS_Positive,0.322317491473146,0.321390602674386,1.0028839947125,Positive vs Rest,scPAS,neg,0.000535850756866981,9862134,0.787699949836797,-0.00335578812166712,0.00443149725336384,Wilcoxon rank sum test with continuity correction,two.sided,0,scPAS,TCGA_LUAD,survival,Positive vs Rest,neg_ssGSEA,neg,0.103639182187917,NS,LUAD
neg | scPP | Positive vs Rest,neg_marker_score,scPP_Positive,0.257072515080159,0.335329266271387,0.766627136183534,Positive vs Rest,scPP,neg,-0.0274581669370529,48682547,0,-0.0288229748268787,-0.0261210251170276,Wilcoxon rank sum test with continuity correction,two.sided,0,scPP,TCGA_LUAD,survival,Positive vs Rest,neg_ssGSEA,neg,300,***,LUAD
pos | DEGAS | Positive vs Rest,pos_marker_score,DEGAS_Positive,0.208922009853406,0.200480766546597,1.04210500314925,Positive vs Rest,DEGAS,pos,0.00755203920521193,25841840,0.00143780925889499,0.00289890785387735,0.0122541519680091,Wilcoxon rank sum test with continuity correction,two.sided,0,DEGAS,TCGA_LUAD,survival,Positive vs Rest,pos_ssGSEA,pos,2.84229872403923,**,LUAD
pos | LP_SGL | Positive vs Rest,pos_marker_score,LP_SGL_Positive,0.307550870739263,0.197424959208772,1.55781149441209,Positive vs Rest,LP_SGL,pos,0.101626866491161,23358208,3.76123138307909e-144,0.0942242547266792,0.109134265818129,Wilcoxon rank sum test with continuity correction,two.sided,0,LP_SGL,TCGA_LUAD,survival,Positive vs Rest,pos_ssGSEA,pos,143.424669948869,***,LUAD
pos | scAB | Positive vs Rest,pos_marker_score,scAB_Positive,0.206487982733027,0.199392951506464,1.03558315965012,Positive vs Rest,scAB,pos,0.00136836113942364,87771609,0.279957661018229,-0.00110210753225847,0.00379885371372007,Wilcoxon rank sum test with continuity correction,two.sided,0,scAB,TCGA_LUAD,survival,Positive vs Rest,pos_ssGSEA,pos,0.552907643573824,NS,LUAD
pos | scissor | Positive vs Rest,pos_marker_score,scissor_Positive,0.304014620266578,0.194585095471553,1.56237362131892,Positive vs Rest,scissor,pos,0.0971369683746595,39918842,1.25897761028718e-196,0.0906552489679736,0.103633767878204,Wilcoxon rank sum test with continuity correction,two.sided,0,scissor,TCGA_LUAD,survival,Positive vs Rest,pos_ssGSEA,pos,195.899981993336,***,LUAD
pos | scPAS | Positive vs Rest,pos_marker_score,scPAS_Positive,0.232152879197844,0.200290046434204,1.15908345587262,Positive vs Rest,scPAS,pos,0.027125970517572,11285454,9.65963221591874e-11,0.0188466424727882,0.0355328959245712,Wilcoxon rank sum test with continuity correction,two.sided,0,scPAS,TCGA_LUAD,survival,Positive vs Rest,pos_ssGSEA,pos,10.0150394087437,***,LUAD
pos | scPP | Positive vs Rest,pos_marker_score,scPP_Positive,0.264156715991679,0.187216215229332,1.41097135025456,Positive vs Rest,scPP,pos,0.0663691483157164,104125212,0,0.0634339515979556,0.0692791310073481,Wilcoxon rank sum test with continuity correction,two.sided,0,scPP,TCGA_LUAD,survival,Positive vs Rest,pos_ssGSEA,pos,300,***,LUAD
neg | DEGAS | Positive vs Rest,neg_marker_score,DEGAS_Positive,0.219012382079409,0.197894576502814,1.10671240187472,Positive vs Rest,DEGAS,neg,0.00735944290652276,66146620,8.78547720824471e-11,0.00511949817126319,0.00963004007372862,Wilcoxon rank sum test with continuity correction,two.sided,0,DEGAS,GSE140082,survival,Positive vs Rest,neg_ssGSEA,neg,10.0562346435849,***,OV
neg | LP_SGL | Positive vs Rest,neg_marker_score,LP_SGL_Positive,0.189558156205233,0.200921387958237,0.943444389527281,Positive vs Rest,LP_SGL,neg,-0.00821691936057699,167952297,3.43964862659677e-44,-0.00935930434882838,-0.00708224059313293,Wilcoxon rank sum test with continuity correction,two.sided,0,LP_SGL,GSE140082,survival,Positive vs Rest,neg_ssGSEA,neg,43.4634859200227,***,OV
neg | scAB | Positive vs Rest,neg_marker_score,scAB_Positive,0.189982620317845,0.19958589916956,0.951883981324974,Positive vs Rest,scAB,neg,-0.00238571155898313,77640521,0.00611838071339833,-0.00411151725621295,-0.000691882235064268,Wilcoxon rank sum test with continuity correction,two.sided,0,scAB,GSE140082,survival,Positive vs Rest,neg_ssGSEA,neg,2.2133635027381,**,OV
neg | scissor | Positive vs Rest,neg_marker_score,scissor_Positive,0.142261616239264,0.198979770042295,0.714955174634208,Positive vs Rest,scissor,neg,-0.0333130883107333,379872,0.000173692732433225,-0.0510787466073774,-0.0164954347736165,Wilcoxon rank sum test with continuity correction,two.sided,0,scissor,GSE140082,survival,Positive vs Rest,neg_ssGSEA,neg,3.76021835271109,***,OV
neg | scPAS | Positive vs Rest,neg_marker_score,scPAS_Positive,0.218223943148707,0.198811861466037,1.09764046038061,Positive vs Rest,scPAS,neg,0.00637949777532115,9789207,0.0321634632995566,0.000538186940182685,0.0123746394775519,Wilcoxon rank sum test with continuity correction,two.sided,0,scPAS,GSE140082,survival,Positive vs Rest,neg_ssGSEA,neg,1.49263719341535,*,OV
neg | scPP | Positive vs Rest,neg_marker_score,scPP_Positive,0.185906089182066,0.199546936699781,0.931640907431026,Positive vs Rest,scPP,neg,-0.00817422598816831,48832324,1.0763563618874e-14,-0.010273726914945,-0.00610163714899962,Wilcoxon rank sum test with continuity correction,two.sided,0,scPP,GSE140082,survival,Positive vs Rest,neg_ssGSEA,neg,13.9680439179091,***,OV
pos | DEGAS | Positive vs Rest,pos_marker_score,DEGAS_Positive,0.182195548111774,0.182527338065249,0.998182245153014,Positive vs Rest,DEGAS,pos,-0.00402258880994445,59031356.5,0.000750529076871791,-0.00641287384186415,-0.0016562338720343,Wilcoxon rank sum test with continuity correction,two.sided,0,DEGAS,GSE140082,survival,Positive vs Rest,pos_ssGSEA,pos,3.1246324777307,***,OV
pos | LP_SGL | Positive vs Rest,pos_marker_score,LP_SGL_Positive,0.197953599200774,0.179270770585511,1.10421569871231,Positive vs Rest,LP_SGL,pos,0.0116135870443458,205499963,1.21654755413019e-57,0.0101415009683097,0.0130422483327755,Wilcoxon rank sum test with continuity correction,two.sided,0,LP_SGL,GSE140082,survival,Positive vs Rest,pos_ssGSEA,pos,56.9148709100849,***,OV
pos | scAB | Positive vs Rest,pos_marker_score,scAB_Positive,0.188265852877743,0.182103169364151,1.03384171475494,Positive vs Rest,scAB,pos,0.00917479341093241,87241674,4.47312979624452e-19,0.00716973974548198,0.0111800981329607,Wilcoxon rank sum test with continuity correction,two.sided,0,scAB,GSE140082,survival,Positive vs Rest,pos_ssGSEA,pos,18.3493884997762,***,OV
pos | scissor | Positive vs Rest,pos_marker_score,scissor_Positive,0.339524408895707,0.182430443998033,1.86111704524147,Positive vs Rest,scissor,pos,0.122874519583293,1165998,1.50125283478313e-11,0.0923419578054784,0.153393363685014,Wilcoxon rank sum test with continuity correction,two.sided,0,scissor,GSE140082,survival,Positive vs Rest,pos_ssGSEA,pos,10.8235461595194,***,OV
pos | scPAS | Positive vs Rest,pos_marker_score,scPAS_Positive,0.19936906418629,0.18238923264259,1.09309667735142,Positive vs Rest,scPAS,pos,0.00554012638099291,9667435,0.0879829291426031,-0.000814784717312621,0.0123519512935854,Wilcoxon rank sum test with continuity correction,two.sided,0,scPAS,GSE140082,survival,Positive vs Rest,pos_ssGSEA,pos,1.0556015835129,NS,OV
pos | scPP | Positive vs Rest,pos_marker_score,scPP_Positive,0.203526737652034,0.181550286568126,1.12104883720831,Positive vs Rest,scPP,pos,0.0122801569932631,60157004,2.30998096167584e-19,0.00956374960503281,0.015037278625188,Wilcoxon rank sum test with continuity correction,two.sided,0,scPP,GSE140082,survival,Positive vs Rest,pos_ssGSEA,pos,18.6363915994469,***,OV
neg | DEGAS | Positive vs Rest,neg_marker_score,DEGAS_Positive,0.264121588661945,0.250631104365458,1.05382605774587,Positive vs Rest,DEGAS,neg,0.00130485650199503,62442103.5,0.175559666085648,-0.000580454450110343,0.00321132663474998,Wilcoxon rank sum test with continuity correction,two.sided,0,DEGAS,GSE32062,survival,Positive vs Rest,neg_ssGSEA,neg,0.755575253854055,NS,OV
neg | LP_SGL | Positive vs Rest,neg_marker_score,LP_SGL_Positive,0.237187322900813,0.253193245655832,0.936783768802521,Positive vs Rest,LP_SGL,neg,-0.00547399938630079,126437322.5,2.92592622450072e-14,-0.00689307972113882,-0.00406496480587646,Wilcoxon rank sum test with continuity correction,two.sided,0,LP_SGL,GSE32062,survival,Positive vs Rest,neg_ssGSEA,neg,13.5337366285512,***,OV
neg | scAB | Positive vs Rest,neg_marker_score,scAB_Positive,0.238077133298738,0.252231056949537,0.94388508765742,Positive vs Rest,scAB,neg,-0.00303023558759574,76355341,0.00106057243678975,-0.00484933502639117,-0.00121179256079958,Wilcoxon rank sum test with continuity correction,two.sided,0,scAB,GSE32062,survival,Positive vs Rest,neg_ssGSEA,neg,2.97445966394729,**,OV
neg | SCIPAC | Positive vs Rest,neg_marker_score,SCIPAC_Positive,0.222915693000832,0.253728311767357,0.878560580993509,Positive vs Rest,SCIPAC,neg,-0.0131039088304246,79810953,8.20198545526442e-55,-0.0147729340387218,-0.011420307840848,Wilcoxon rank sum test with continuity correction,two.sided,0,SCIPAC,GSE32062,survival,Positive vs Rest,neg_ssGSEA,neg,54.0860810051905,***,OV
neg | scissor | Positive vs Rest,neg_marker_score,scissor_Positive,0.232865936554889,0.252886108438237,0.920833247792896,Positive vs Rest,scissor,neg,-0.00631019309110314,87595204.5,4.82052494452065e-13,-0.00802362066815138,-0.00459807894526272,Wilcoxon rank sum test with continuity correction,two.sided,0,scissor,GSE32062,survival,Positive vs Rest,neg_ssGSEA,neg,12.3169056654759,***,OV
neg | scPAS | Positive vs Rest,neg_marker_score,scPAS_Positive,0.240344486468132,0.251540016907235,0.955492050224231,Positive vs Rest,scPAS,neg,-0.00404358515906843,25190931.5,0.00596351660233548,-0.00700838487145753,-0.0011656425585704,Wilcoxon rank sum test with continuity correction,two.sided,0,scPAS,GSE32062,survival,Positive vs Rest,neg_ssGSEA,neg,2.22449756733955,**,OV
pos | DEGAS | Positive vs Rest,pos_marker_score,DEGAS_Positive,0.196689301122134,0.157647645201531,1.24765137386412,Positive vs Rest,DEGAS,pos,0.0216472130449469,78445624,2.28698644222634e-122,0.0196696731243059,0.0236865925714867,Wilcoxon rank sum test with continuity correction,two.sided,0,DEGAS,GSE32062,survival,Positive vs Rest,pos_ssGSEA,pos,121.640736409982,***,OV
pos | LP_SGL | Positive vs Rest,pos_marker_score,LP_SGL_Positive,0.139538355509461,0.16228226512787,0.859849690904375,Positive vs Rest,LP_SGL,pos,-0.00753861557489432,116136313.5,1.19339384565423e-66,-0.00842924902615907,-0.00667525845279972,Wilcoxon rank sum test with continuity correction,two.sided,0,LP_SGL,GSE32062,survival,Positive vs Rest,pos_ssGSEA,pos,65.9232162061478,***,OV
pos | scAB | Positive vs Rest,pos_marker_score,scAB_Positive,0.129271787581967,0.161721513507107,0.799348118741702,Positive vs Rest,scAB,pos,-0.0147201473205527,56963116,3.83500526523041e-160,-0.0158737263700658,-0.0135987199044112,Wilcoxon rank sum test with continuity correction,two.sided,0,scAB,GSE32062,survival,Positive vs Rest,pos_ssGSEA,pos,159.416234035455,***,OV
pos | SCIPAC | Positive vs Rest,pos_marker_score,SCIPAC_Positive,0.130557132555508,0.162078510492648,0.805517845386609,Positive vs Rest,SCIPAC,pos,-0.0170723468027707,63727815.5,4.86275579756135e-248,-0.0181497728493064,-0.0160422502935458,Wilcoxon rank sum test with continuity correction,two.sided,0,SCIPAC,GSE32062,survival,Positive vs Rest,pos_ssGSEA,pos,247.313117539693,***,OV
pos | scissor | Positive vs Rest,pos_marker_score,scissor_Positive,0.133728794658419,0.161817467135205,0.826417549513878,Positive vs Rest,scissor,pos,-0.0117827614290848,73587873,3.13966496394112e-116,-0.012827605626498,-0.0107310081413612,Wilcoxon rank sum test with continuity correction,two.sided,0,scissor,GSE32062,survival,Positive vs Rest,pos_ssGSEA,pos,115.503116693352,***,OV
pos | scPAS | Positive vs Rest,pos_marker_score,scPAS_Positive,0.160948464192326,0.15957150016942,1.0086291350363,Positive vs Rest,scPAS,pos,1.11315233714405e-05,26498934.5,0.991915712124106,-0.00217819955084603,0.00221108272100545,Wilcoxon rank sum test with continuity correction,two.sided,0,scPAS,GSE32062,survival,Positive vs Rest,pos_ssGSEA,pos,0.00352523038073291,NS,OV
neg | scAB | Positive vs Rest,neg_marker_score,scAB_Positive,0.282540696796854,0.277166788021148,1.01938871830234,Positive vs Rest,scAB,neg,0.00452255541691201,31948694,0.0173760366737582,0.000797171385695863,0.00823136022352463,Wilcoxon rank sum test with continuity correction,two.sided,0,scAB,GSE162228,binary,Positive vs Rest,neg_ssGSEA,neg,1.76004927547097,*,HER2
neg | SCIPAC | Positive vs Rest,neg_marker_score,SCIPAC_Positive,0.183971403847951,0.279367225650652,0.658528943112342,Positive vs Rest,SCIPAC,neg,-0.0633180927519147,4751484,4.8852773958931e-104,-0.0687365201179495,-0.0578352729863903,Wilcoxon rank sum test with continuity correction,two.sided,0,SCIPAC,GSE162228,binary,Positive vs Rest,neg_ssGSEA,neg,103.311110771129,***,HER2
neg | scPP | Positive vs Rest,neg_marker_score,scPP_Positive,0.189751829942906,0.282168483640647,0.672477051634735,Positive vs Rest,scPP,neg,-0.0601644339723524,12722078,4.38683858628024e-227,-0.0637649806100832,-0.0565622651225157,Wilcoxon rank sum test with continuity correction,two.sided,0,scPP,GSE162228,binary,Positive vs Rest,neg_ssGSEA,neg,226.357848345166,***,HER2
pos | scAB | Positive vs Rest,pos_marker_score,scAB_Positive,0.237808422302253,0.28903590599726,0.822764291106818,Positive vs Rest,scAB,pos,-0.0301344338205666,25719030,1.65690251073981e-38,-0.0350350875415411,-0.0253854837402089,Wilcoxon rank sum test with continuity correction,two.sided,0,scAB,GSE162228,binary,Positive vs Rest,pos_ssGSEA,pos,37.7807030439604,***,HER2
pos | SCIPAC | Positive vs Rest,pos_marker_score,SCIPAC_Positive,0.714467701362954,0.277214378652869,2.57731112229795,Positive vs Rest,SCIPAC,pos,0.456162499415944,18363933,1.9469396261938e-308,0.442846646220469,0.46902879504898,Wilcoxon rank sum test with continuity correction,two.sided,0,SCIPAC,GSE162228,binary,Positive vs Rest,pos_ssGSEA,pos,299.999999995168,***,HER2
pos | scPP | Positive vs Rest,pos_marker_score,scPP_Positive,0.617501904015908,0.268109097919174,2.30317400195821,Positive vs Rest,scPP,pos,0.348345007038739,45041538,0,0.340232562365995,0.356465926864933,Wilcoxon rank sum test with continuity correction,two.sided,0,scPP,GSE162228,binary,Positive vs Rest,pos_ssGSEA,pos,300,***,HER2
neg | LP_SGL | Positive vs Rest,neg_marker_score,LP_SGL_Positive,0.345863949801004,0.313490757285722,1.10326681652619,Positive vs Rest,LP_SGL,neg,0.0128895177490719,8448422,3.97608542358569e-12,0.00916961249963327,0.016595759864151,Wilcoxon rank sum test with continuity correction,two.sided,0,LP_SGL,GSE42568,binary,Positive vs Rest,neg_ssGSEA,neg,11.4005442936426,***,HER2
neg | PIPET | Positive vs Rest,neg_marker_score,PIPET_Positive,0.290831643992379,0.320804549736281,0.906569574002172,Positive vs Rest,PIPET,neg,-0.00738377894725981,78933301,7.40521581914986e-54,-0.00834675161285222,-0.0064250660074726,Wilcoxon rank sum test with continuity correction,two.sided,0,PIPET,GSE42568,binary,Positive vs Rest,neg_ssGSEA,neg,53.1304622797896,***,HER2
neg | scAB | Positive vs Rest,neg_marker_score,scAB_Positive,0.329173683586047,0.294827145465636,1.11649720403515,Positive vs Rest,scAB,neg,0.0133446679710493,150549662,1.50962828552658e-209,0.012503545545904,0.0141990159989362,Wilcoxon rank sum test with continuity correction,two.sided,0,scAB,GSE42568,binary,Positive vs Rest,neg_ssGSEA,neg,208.8211299755,***,HER2
neg | SCIPAC | Positive vs Rest,neg_marker_score,SCIPAC_Positive,0.363266436620525,0.313147892881544,1.16004752028761,Positive vs Rest,SCIPAC,neg,0.0168971848542884,9844350,3.21031644190481e-19,0.0131859573699977,0.0205584100608548,Wilcoxon rank sum test with continuity correction,two.sided,0,SCIPAC,GSE42568,binary,Positive vs Rest,neg_ssGSEA,neg,18.493452156941,***,HER2
neg | scissor | Positive vs Rest,neg_marker_score,scissor_Positive,0.330223253038553,0.312407045920618,1.0570288261759,Positive vs Rest,scissor,neg,0.00693068404502725,44288984,5.27614733664994e-19,0.0054070987018125,0.00848681539057572,Wilcoxon rank sum test with continuity correction,two.sided,0,scissor,GSE42568,binary,Positive vs Rest,neg_ssGSEA,neg,18.2776830852635,***,HER2
neg | scPP | Positive vs Rest,neg_marker_score,scPP_Positive,0.330981881588476,0.312337684900728,1.05969243414759,Positive vs Rest,scPP,neg,0.00736516140806081,44404917,1.73579977273769e-20,0.0057952742265908,0.00892377203622843,Wilcoxon rank sum test with continuity correction,two.sided,0,scPP,GSE42568,binary,Positive vs Rest,neg_ssGSEA,neg,19.7605003728291,***,HER2
pos | LP_SGL | Positive vs Rest,pos_marker_score,LP_SGL_Positive,0.217691937661376,0.167830037721635,1.29709759120976,Positive vs Rest,LP_SGL,pos,0.0698815260634487,9554494,1.38910376179869e-36,0.059984215330723,0.0796657057354296,Wilcoxon rank sum test with continuity correction,two.sided,0,LP_SGL,GSE42568,binary,Positive vs Rest,pos_ssGSEA,pos,35.8572653125824,***,HER2
pos | PIPET | Positive vs Rest,pos_marker_score,PIPET_Positive,0.107211512810593,0.186720572109193,0.574181578384926,Positive vs Rest,PIPET,pos,-0.0717215454181198,55825671.5,0,-0.0748758658524907,-0.0686196998129438,Wilcoxon rank sum test with continuity correction,two.sided,0,PIPET,GSE42568,binary,Positive vs Rest,pos_ssGSEA,pos,300,***,HER2
pos | scAB | Positive vs Rest,pos_marker_score,scAB_Positive,0.226843749055522,0.0952979552662609,2.38036323467513,Positive vs Rest,scAB,pos,0.13673604238665,216957019,0,0.134833644646639,0.138642237932467,Wilcoxon rank sum test with continuity correction,two.sided,0,scAB,GSE42568,binary,Positive vs Rest,pos_ssGSEA,pos,300,***,HER2
pos | SCIPAC | Positive vs Rest,pos_marker_score,SCIPAC_Positive,0.275370371756014,0.166799874097352,1.6509027554499,Positive vs Rest,SCIPAC,pos,0.125307043093497,12292939,1.83891357302439e-96,0.115316051021402,0.135165852526645,Wilcoxon rank sum test with continuity correction,two.sided,0,SCIPAC,GSE42568,binary,Positive vs Rest,pos_ssGSEA,pos,95.7354386816595,***,HER2
pos | scissor | Positive vs Rest,pos_marker_score,scissor_Positive,0.215545009514428,0.164080527438063,1.31365380694423,Positive vs Rest,scissor,pos,0.045513593235325,49120591,1.52162107557042e-83,0.0404293139262371,0.0506902621834266,Wilcoxon rank sum test with continuity correction,two.sided,0,scissor,GSE42568,binary,Positive vs Rest,pos_ssGSEA,pos,82.8176934850672,***,HER2
pos | scPP | Positive vs Rest,pos_marker_score,scPP_Positive,0.272455440013439,0.158700692003011,1.71678797725891,Positive vs Rest,scPP,pos,0.123265748698492,61797364,0,0.119001174428913,0.127516950007555,Wilcoxon rank sum test with continuity correction,two.sided,0,scPP,GSE42568,binary,Positive vs Rest,pos_ssGSEA,pos,300,***,HER2
neg | LP_SGL | Positive vs Rest,neg_marker_score,LP_SGL_Positive,0.568673516380216,0.531580857833674,1.06977801777457,Positive vs Rest,LP_SGL,neg,0.00706784610623286,43292953,1.06018468290049e-60,0.00620812067250327,0.00795518346614617,Wilcoxon rank sum test with continuity correction,two.sided,0,LP_SGL,TCGA_BRCA,binary,Positive vs Rest,neg_ssGSEA,neg,59.9746184745671,***,HER2
neg | PIPET | Positive vs Rest,neg_marker_score,PIPET_Positive,0.635202842733196,0.534218202333097,1.18903257125846,Positive vs Rest,PIPET,neg,0.0194168265856785,1728459,1.35683888295575e-16,0.0150700067479535,0.0238126526100867,Wilcoxon rank sum test with continuity correction,two.sided,0,PIPET,TCGA_BRCA,binary,Positive vs Rest,neg_ssGSEA,neg,15.8674717193244,***,HER2
neg | scAB | Positive vs Rest,neg_marker_score,scAB_Positive,0.585075727478174,0.521973600518942,1.12089141461656,Positive vs Rest,scAB,neg,0.0119059157814219,108569799,0,0.0113804597859329,0.0124609865664878,Wilcoxon rank sum test with continuity correction,two.sided,0,scAB,TCGA_BRCA,binary,Positive vs Rest,neg_ssGSEA,neg,300,***,HER2
neg | SCIPAC | Positive vs Rest,neg_marker_score,SCIPAC_Positive,0.5822930788357,0.523922770630757,1.11141013805273,Positive vs Rest,SCIPAC,neg,0.0112555803590097,100309792,0,0.0107145974697486,0.0118107415634822,Wilcoxon rank sum test with continuity correction,two.sided,0,SCIPAC,TCGA_BRCA,binary,Positive vs Rest,neg_ssGSEA,neg,300,***,HER2
neg | scissor | Positive vs Rest,neg_marker_score,scissor_Positive,0.540121732136459,0.533825187734696,1.01179514295398,Positive vs Rest,scissor,neg,0.00143921998652613,46384541,0.000156158237370139,0.00070051179323584,0.00222532919481725,Wilcoxon rank sum test with continuity correction,two.sided,0,scissor,TCGA_BRCA,binary,Positive vs Rest,neg_ssGSEA,neg,3.80643510173132,***,HER2
neg | scPAS | Positive vs Rest,neg_marker_score,scPAS_Positive,0.498526811035556,0.534451477962416,0.932782173109855,Positive vs Rest,scPAS,neg,-0.00535009336248153,166426,0.220266384695179,-0.0151734552690248,0.00313721936635241,Wilcoxon rank sum test with continuity correction,two.sided,0,scPAS,TCGA_BRCA,binary,Positive vs Rest,neg_ssGSEA,neg,0.657051776364084,NS,HER2
neg | scPP | Positive vs Rest,neg_marker_score,scPP_Positive,0.576730096464811,0.526136276340261,1.09616105636447,Positive vs Rest,scPP,neg,0.0102331146986389,90424060,2.06038828773979e-255,0.00964596742805441,0.0108322158744738,Wilcoxon rank sum test with continuity correction,two.sided,0,scPP,TCGA_BRCA,binary,Positive vs Rest,neg_ssGSEA,neg,254.686050927528,***,HER2
pos | LP_SGL | Positive vs Rest,pos_marker_score,LP_SGL_Positive,0.296003732960749,0.23373843055125,1.26638881018689,Positive vs Rest,LP_SGL,pos,0.053822926395859,47086461,5.10529352474577e-139,0.0497582136012176,0.0578976041809421,Wilcoxon rank sum test with continuity correction,two.sided,0,LP_SGL,TCGA_BRCA,binary,Positive vs Rest,pos_ssGSEA,pos,138.291979283447,***,HER2
pos | PIPET | Positive vs Rest,pos_marker_score,PIPET_Positive,0.175315257725285,0.238669734234484,0.734551694573239,Positive vs Rest,PIPET,pos,-0.0374437830205454,794356,7.28342112704748e-05,-0.0574971208713624,-0.018361118693817,Wilcoxon rank sum test with continuity correction,two.sided,0,PIPET,TCGA_BRCA,binary,Positive vs Rest,pos_ssGSEA,pos,4.13766457843439,***,HER2
pos | scAB | Positive vs Rest,pos_marker_score,scAB_Positive,0.210712289370654,0.245379694610552,0.8587193398585,Positive vs Rest,scAB,pos,-0.0241640663176112,68030958,4.24671441756244e-81,-0.0266592131563195,-0.0216461125598349,Wilcoxon rank sum test with continuity correction,two.sided,0,scAB,TCGA_BRCA,binary,Positive vs Rest,pos_ssGSEA,pos,80.3719469433999,***,HER2
pos | SCIPAC | Positive vs Rest,pos_marker_score,SCIPAC_Positive,0.236290089820772,0.239025253720918,0.988557008694407,Positive vs Rest,SCIPAC,pos,0.00365106896511404,76722898,0.00662590339637901,0.00101608238929887,0.00627737390383207,Wilcoxon rank sum test with continuity correction,two.sided,0,SCIPAC,TCGA_BRCA,binary,Positive vs Rest,pos_ssGSEA,pos,2.17875490028705,**,HER2
pos | scissor | Positive vs Rest,pos_marker_score,scissor_Positive,0.27538746764503,0.234567372491428,1.17402290318571,Positive vs Rest,scissor,pos,0.0340422207340691,53594199,3.0903789624061e-77,0.0305007925315446,0.0375765129610288,Wilcoxon rank sum test with continuity correction,two.sided,0,scissor,TCGA_BRCA,binary,Positive vs Rest,pos_ssGSEA,pos,76.5099882612903,***,HER2
pos | scPAS | Positive vs Rest,pos_marker_score,scPAS_Positive,0.23098093975945,0.238535658948036,0.968328763833872,Positive vs Rest,scPAS,pos,-0.00756488888663303,198035,0.785007137514226,-0.062584318075924,0.054660858510343,Wilcoxon rank sum test with continuity correction,two.sided,0,scPAS,TCGA_BRCA,binary,Positive vs Rest,pos_ssGSEA,pos,0.105126394504492,NS,HER2
pos | scPP | Positive vs Rest,pos_marker_score,scPP_Positive,0.296542098920015,0.227147531261104,1.30550438859555,Positive vs Rest,scPP,pos,0.0552248752542258,91805987,3.05434419875217e-290,0.0523598744409001,0.058064609995304,Wilcoxon rank sum test with continuity correction,two.sided,0,scPP,TCGA_BRCA,binary,Positive vs Rest,pos_ssGSEA,pos,289.515082023193,***,HER2
neg | scAB | Positive vs Rest,neg_marker_score,scAB_Positive,0.187771960999838,0.204838566766266,0.916682653877861,Positive vs Rest,scAB,neg,-0.00432568396339776,13214669,0.128911109559441,-0.0100035872158217,0.00125264814074226,Wilcoxon rank sum test with continuity correction,two.sided,0,scAB,GSE162228,binary,Positive vs Rest,neg_ssGSEA,neg,0.889709653535238,NS,TNBC
neg | SCIPAC | Positive vs Rest,neg_marker_score,SCIPAC_Positive,0.180041061686065,0.20500423960419,0.87823091870528,Positive vs Rest,SCIPAC,neg,-0.0120874928076872,17029164,3.87220579934021e-07,-0.0168149002001924,-0.00741803708797526,Wilcoxon rank sum test with continuity correction,two.sided,0,SCIPAC,GSE162228,binary,Positive vs Rest,neg_ssGSEA,neg,6.41204156894043,***,TNBC
neg | scPAS | Positive vs Rest,neg_marker_score,scPAS_Positive,0.157543130768728,0.205994721822128,0.764792075132695,Positive vs Rest,scPAS,neg,-0.030874649530454,28380410,7.79801705264543e-76,-0.0341563708907273,-0.0276314080173452,Wilcoxon rank sum test with continuity correction,two.sided,0,scPAS,GSE162228,binary,Positive vs Rest,neg_ssGSEA,neg,75.1080158194351,***,TNBC
neg | scPP | Positive vs Rest,neg_marker_score,scPP_Positive,0.131289670006521,0.206856354990143,0.634690048622279,Positive vs Rest,scPP,neg,-0.0437256735602994,22886923,7.77537454360611e-206,-0.0466430940088284,-0.0408490180506123,Wilcoxon rank sum test with continuity correction,two.sided,0,scPP,GSE162228,binary,Positive vs Rest,neg_ssGSEA,neg,205.109278681619,***,TNBC
pos | scAB | Positive vs Rest,pos_marker_score,scAB_Positive,0.174983636124997,0.184896258623018,0.946388193185497,Positive vs Rest,scAB,pos,-0.00672386618195495,13159607,0.0941332430369864,-0.0146898704481066,0.00115041307075096,Wilcoxon rank sum test with continuity correction,two.sided,0,scAB,GSE162228,binary,Positive vs Rest,pos_ssGSEA,pos,1.02625697893222,NS,TNBC
pos | SCIPAC | Positive vs Rest,pos_marker_score,SCIPAC_Positive,0.513742849091408,0.180474369645237,2.84662498116096,Positive vs Rest,SCIPAC,pos,0.386692518035708,35558466,0,0.371025330362068,0.402587757372506,Wilcoxon rank sum test with continuity correction,two.sided,0,SCIPAC,GSE162228,binary,Positive vs Rest,pos_ssGSEA,pos,300,***,TNBC
pos | scPAS | Positive vs Rest,pos_marker_score,scPAS_Positive,0.254447235384658,0.182861543277663,1.39147483294668,Positive vs Rest,scPAS,pos,0.091029793598196,57447608,9.22879263024354e-199,0.0856177340756831,0.0964763800160153,Wilcoxon rank sum test with continuity correction,two.sided,0,scPAS,GSE162228,binary,Positive vs Rest,pos_ssGSEA,pos,198.034855112443,***,TNBC
pos | scPP | Positive vs Rest,pos_marker_score,scPP_Positive,0.318491865693666,0.18083952680905,1.76118502029683,Positive vs Rest,scPP,pos,0.15780066347947,69246874,0,0.151940598140558,0.163688699263162,Wilcoxon rank sum test with continuity correction,two.sided,0,scPP,GSE162228,binary,Positive vs Rest,pos_ssGSEA,pos,300,***,TNBC
neg | LP_SGL | Positive vs Rest,neg_marker_score,LP_SGL_Positive,0.317880490594208,0.310399775451687,1.02410025951738,Positive vs Rest,LP_SGL,neg,0.0033026410976906,50031113,1.65154614729871e-07,0.00206998392586769,0.00453646364650956,Wilcoxon rank sum test with continuity correction,two.sided,0,LP_SGL,GSE42568,binary,Positive vs Rest,neg_ssGSEA,neg,6.78210928680019,***,TNBC
neg | PIPET | Positive vs Rest,neg_marker_score,PIPET_Positive,0.31121317073846,0.310503941101522,1.00228412442825,Positive vs Rest,PIPET,neg,0.00191896937775313,243743791,1.2366472044735e-13,0.00143308876543921,0.00242228386078009,Wilcoxon rank sum test with continuity correction,two.sided,0,PIPET,GSE42568,binary,Positive vs Rest,neg_ssGSEA,neg,12.907754179921,***,TNBC
neg | scAB | Positive vs Rest,neg_marker_score,scAB_Positive,0.331328810780668,0.28590014200048,1.15889697872242,Positive vs Rest,scAB,neg,0.0139426939867086,485150503.5,0,0.0135227033610724,0.0143454538667048,Wilcoxon rank sum test with continuity correction,two.sided,0,scAB,GSE42568,binary,Positive vs Rest,neg_ssGSEA,neg,300,***,TNBC
neg | SCIPAC | Positive vs Rest,neg_marker_score,SCIPAC_Positive,0.312905965102041,0.310423020997817,1.00799858237396,Positive vs Rest,SCIPAC,neg,0.00202978106136817,125582294,1.25294297158551e-08,0.00131140700281569,0.00272699980378661,Wilcoxon rank sum test with continuity correction,two.sided,0,SCIPAC,GSE42568,binary,Positive vs Rest,neg_ssGSEA,neg,7.90206869571723,***,TNBC
neg | scissor | Positive vs Rest,neg_marker_score,scissor_Positive,0.305580179027653,0.31102347763169,0.982498753324073,Positive vs Rest,scissor,neg,-0.000585709337228666,96250639,0.174088347644982,-0.00143419255881749,0.000259929468732,Wilcoxon rank sum test with continuity correction,two.sided,0,scissor,GSE42568,binary,Positive vs Rest,neg_ssGSEA,neg,0.75923029679101,NS,TNBC
neg | scPP | Positive vs Rest,neg_marker_score,scPP_Positive,0.309400518416453,0.310733626892608,0.995709802992724,Positive vs Rest,scPP,neg,0.000202771759550067,96883017,0.644320979868951,-0.000648489266947927,0.00107602968265687,Wilcoxon rank sum test with continuity correction,two.sided,0,scPP,GSE42568,binary,Positive vs Rest,neg_ssGSEA,neg,0.190897727270796,NS,TNBC
pos | LP_SGL | Positive vs Rest,pos_marker_score,LP_SGL_Positive,0.300117324938857,0.160036354611422,1.87530718046884,Positive vs Rest,LP_SGL,pos,0.139336495945307,73989614,0,0.133349764877212,0.145411165116839,Wilcoxon rank sum test with continuity correction,two.sided,0,LP_SGL,GSE42568,binary,Positive vs Rest,pos_ssGSEA,pos,300,***,TNBC
pos | PIPET | Positive vs Rest,pos_marker_score,PIPET_Positive,0.135098434511879,0.171618025358895,0.78720422420288,Positive vs Rest,PIPET,pos,-0.0228065600052896,196010526,7.57647515129673e-142,-0.0247992249938509,-0.0208554050300426,Wilcoxon rank sum test with continuity correction,two.sided,0,PIPET,GSE42568,binary,Positive vs Rest,pos_ssGSEA,pos,141.120532796793,***,TNBC
pos | scAB | Positive vs Rest,pos_marker_score,scAB_Positive,0.21213021618647,0.107659336434426,1.97038383490014,Positive vs Rest,scAB,pos,0.102905755735607,609610943,0,0.101500272103873,0.104322227662687,Wilcoxon rank sum test with continuity correction,two.sided,0,scAB,GSE42568,binary,Positive vs Rest,pos_ssGSEA,pos,300,***,TNBC
pos | SCIPAC | Positive vs Rest,pos_marker_score,SCIPAC_Positive,0.271035727481095,0.154302468170356,1.7565223077434,Positive vs Rest,SCIPAC,pos,0.119394270232034,187130618,0,0.116155464751335,0.12263473851829,Wilcoxon rank sum test with continuity correction,two.sided,0,SCIPAC,GSE42568,binary,Positive vs Rest,pos_ssGSEA,pos,300,***,TNBC
pos | scissor | Positive vs Rest,pos_marker_score,scissor_Positive,0.197298276329513,0.162081467543888,1.21727844225059,Positive vs Rest,scissor,pos,0.0155176350045156,106765049,1.1678250550585e-22,0.0123061391824464,0.0187810572108833,Wilcoxon rank sum test with continuity correction,two.sided,0,scissor,GSE42568,binary,Positive vs Rest,pos_ssGSEA,pos,21.9326222114302,***,TNBC
pos | scPP | Positive vs Rest,pos_marker_score,scPP_Positive,0.25346635064721,0.157924212246035,1.60498727232735,Positive vs Rest,scPP,pos,0.0966540919731569,140655038,0,0.0928330415390877,0.100487399348458,Wilcoxon rank sum test with continuity correction,two.sided,0,scPP,GSE42568,binary,Positive vs Rest,pos_ssGSEA,pos,300,***,TNBC
neg | LP_SGL | Positive vs Rest,neg_marker_score,LP_SGL_Positive,0.516338748229794,0.511874152132013,1.00872205810585,Positive vs Rest,LP_SGL,neg,0.00144598046541995,82896324,4.8910387451461e-05,0.000738040858333907,0.00217217410248607,Wilcoxon rank sum test with continuity correction,two.sided,0,LP_SGL,TCGA_BRCA,binary,Positive vs Rest,neg_ssGSEA,neg,4.31059889683186,***,TNBC
neg | PIPET | Positive vs Rest,neg_marker_score,PIPET_Positive,0.586665214979983,0.511245379312645,1.14752179426783,Positive vs Rest,PIPET,neg,0.0132489326974442,24512393,1.79180117895307e-75,0.011878357867554,0.0146127649699305,Wilcoxon rank sum test with continuity correction,two.sided,0,PIPET,TCGA_BRCA,binary,Positive vs Rest,neg_ssGSEA,neg,74.746710181992,***,TNBC
neg | scAB | Positive vs Rest,neg_marker_score,scAB_Positive,0.504469422665511,0.524322520308404,0.962135714423986,Positive vs Rest,scAB,neg,-0.00413638682901192,310749057,4.16499876686738e-127,-0.00447757514643913,-0.00379043254212542,Wilcoxon rank sum test with continuity correction,two.sided,0,scAB,TCGA_BRCA,binary,Positive vs Rest,neg_ssGSEA,neg,126.380385122839,***,TNBC
neg | SCIPAC | Positive vs Rest,neg_marker_score,SCIPAC_Positive,0.516298626818788,0.511592263648462,1.00919944163495,Positive vs Rest,SCIPAC,neg,0.00102418046003726,154484006,0.000183831744920851,0.000480415039666148,0.0015291054273968,Wilcoxon rank sum test with continuity correction,two.sided,0,SCIPAC,TCGA_BRCA,binary,Positive vs Rest,neg_ssGSEA,neg,3.73557949048247,***,TNBC
neg | scissor | Positive vs Rest,neg_marker_score,scissor_Positive,0.507835379404027,0.512575107525347,0.990753105151355,Positive vs Rest,scissor,neg,-8.37231682824692e-05,127822348,0.777725632195318,-0.000605502948573088,0.000468135599814369,Wilcoxon rank sum test with continuity correction,two.sided,0,scissor,TCGA_BRCA,binary,Positive vs Rest,neg_ssGSEA,neg,0.109173587379527,NS,TNBC
neg | scPP | Positive vs Rest,neg_marker_score,scPP_Positive,0.540347481524728,0.506528557487131,1.06676607574778,Positive vs Rest,scPP,neg,0.00566286185157272,240352242,1.17147410909923e-136,0.00521385856791051,0.00609071859448021,Wilcoxon rank sum test with continuity correction,two.sided,0,scPP,TCGA_BRCA,binary,Positive vs Rest,neg_ssGSEA,neg,135.931267305359,***,TNBC
pos | LP_SGL | Positive vs Rest,pos_marker_score,LP_SGL_Positive,0.248233159625273,0.196673278647009,1.26216007244586,Positive vs Rest,LP_SGL,pos,0.0305606818729943,101708077,5.05883108134102e-151,0.0280969959065646,0.0330474627991586,Wilcoxon rank sum test with continuity correction,two.sided,0,LP_SGL,TCGA_BRCA,binary,Positive vs Rest,pos_ssGSEA,pos,150.29594982181,***,TNBC
pos | PIPET | Positive vs Rest,pos_marker_score,PIPET_Positive,0.159669839792325,0.200051494363578,0.798143699452393,Positive vs Rest,PIPET,pos,-0.0169833748680753,12796470,4.51320508131273e-29,-0.0202938846587704,-0.0138355666216743,Wilcoxon rank sum test with continuity correction,two.sided,0,PIPET,TCGA_BRCA,binary,Positive vs Rest,pos_ssGSEA,pos,28.3455149315676,***,TNBC
pos | scAB | Positive vs Rest,pos_marker_score,scAB_Positive,0.203740815633689,0.19295200831598,1.05591445982796,Positive vs Rest,scAB,pos,0.0064314902782479,380043243,2.17900309642234e-48,0.0055621917681386,0.00728257802283151,Wilcoxon rank sum test with continuity correction,two.sided,0,scAB,TCGA_BRCA,binary,Positive vs Rest,pos_ssGSEA,pos,47.6617421526091,***,TNBC
pos | SCIPAC | Positive vs Rest,pos_marker_score,SCIPAC_Positive,0.198270868381316,0.199747479482859,0.992607610842621,Positive vs Rest,SCIPAC,pos,-0.00127897557169027,147952598,0.0649728662476247,-0.00266524855038953,6.79326552070902e-05,Wilcoxon rank sum test with continuity correction,two.sided,0,SCIPAC,TCGA_BRCA,binary,Positive vs Rest,pos_ssGSEA,pos,1.18726797411396,NS,TNBC
pos | scissor | Positive vs Rest,pos_marker_score,scissor_Positive,0.226549710043443,0.196756077892218,1.15142420234431,Positive vs Rest,scissor,pos,0.0161295779017762,148779168,1.83016969699389e-81,0.0144508515264599,0.0177972417681038,Wilcoxon rank sum test with continuity correction,two.sided,0,scissor,TCGA_BRCA,binary,Positive vs Rest,pos_ssGSEA,pos,80.7375086397498,***,TNBC
pos | scPP | Positive vs Rest,pos_marker_score,scPP_Positive,0.208389201226395,0.197832920650374,1.05335957504604,Positive vs Rest,scPP,pos,0.00903628678882358,225958372,6.89796525842427e-47,0.00780692647916452,0.0102654355168637,Wilcoxon rank sum test with continuity correction,two.sided,0,scPP,TCGA_BRCA,binary,Positive vs Rest,pos_ssGSEA,pos,46.1612789972856,***,TNBC
neg | LP_SGL | Positive vs Rest,neg_marker_score,LP_SGL_Positive,0.355490651199596,0.377916219855831,0.940659946628408,Positive vs Rest,LP_SGL,neg,-0.00375946307994057,9799320,0.0296440936562604,-0.00712393595644337,-0.000376888252389683,Wilcoxon rank sum test with continuity correction,two.sided,0,LP_SGL,TCGA_LUAD,binary,Positive vs Rest,neg_ssGSEA,neg,1.528061823312,*,LUAD
neg | PIPET | Positive vs Rest,neg_marker_score,PIPET_Positive,0.355881798539704,0.377531097981723,0.942655586366908,Positive vs Rest,PIPET,neg,-0.00151114441318742,1600489,0.564992161866313,-0.00679879050049574,0.0036052804948585,Wilcoxon rank sum test with continuity correction,two.sided,0,PIPET,TCGA_LUAD,binary,Positive vs Rest,neg_ssGSEA,neg,0.247957577104138,NS,LUAD
neg | scAB | Positive vs Rest,neg_marker_score,scAB_Positive,0.37519819179025,0.397747332807993,0.943307876237528,Positive vs Rest,scAB,neg,-0.00242443246426806,45203224,0.00063325802347348,-0.00383151269126242,-0.00103030093972824,Wilcoxon rank sum test with continuity correction,two.sided,0,scAB,TCGA_LUAD,binary,Positive vs Rest,neg_ssGSEA,neg,3.19841929892678,***,LUAD
neg | SCIPAC | Positive vs Rest,neg_marker_score,SCIPAC_Positive,0.282818413609993,0.384171861789256,0.736176804549881,Positive vs Rest,SCIPAC,neg,-0.030039647265533,13820130,0,-0.0313426799290074,-0.0287453026972785,Wilcoxon rank sum test with continuity correction,two.sided,0,SCIPAC,TCGA_LUAD,binary,Positive vs Rest,neg_ssGSEA,neg,300,***,LUAD
neg | scissor | Positive vs Rest,neg_marker_score,scissor_Positive,0.356069154615102,0.378276239654298,0.941293999698498,Positive vs Rest,scissor,neg,-0.00233372290127328,17529363,0.00881813577500234,-0.00410242694101968,-0.000586269693618341,Wilcoxon rank sum test with continuity correction,two.sided,0,scissor,TCGA_LUAD,binary,Positive vs Rest,neg_ssGSEA,neg,2.05462321851941,**,LUAD
neg | scPP | Positive vs Rest,neg_marker_score,scPP_Positive,0.322429819377604,0.387923810024923,0.831167902163285,Positive vs Rest,scPP,neg,-0.0176890576657799,47312545,1.08906419244297e-293,-0.0186260449218432,-0.0167345071296793,Wilcoxon rank sum test with continuity correction,two.sided,0,scPP,TCGA_LUAD,binary,Positive vs Rest,neg_ssGSEA,neg,292.962946481099,***,LUAD
pos | LP_SGL | Positive vs Rest,pos_marker_score,LP_SGL_Positive,0.26465244574544,0.151478607067294,1.74712753747378,Positive vs Rest,LP_SGL,pos,0.0773230412960553,14688911,3.23446031418261e-77,0.0682021100640165,0.0887090436304344,Wilcoxon rank sum test with continuity correction,two.sided,0,LP_SGL,TCGA_LUAD,binary,Positive vs Rest,pos_ssGSEA,pos,76.4901981731484,***,LUAD
pos | PIPET | Positive vs Rest,pos_marker_score,PIPET_Positive,0.109255238456785,0.153913997301762,0.709846020323808,Positive vs Rest,PIPET,pos,-0.0229837592701192,1321701,0.000412070841483441,-0.0393223671996336,-0.00920532314012734,Wilcoxon rank sum test with continuity correction,two.sided,0,PIPET,TCGA_LUAD,binary,Positive vs Rest,pos_ssGSEA,pos,3.38502811547024,***,LUAD
pos | scAB | Positive vs Rest,pos_marker_score,scAB_Positive,0.149347871967849,0.193409871922215,0.772183293869887,Positive vs Rest,scAB,pos,-0.0106282713804274,43510894,1.13949780744177e-11,-0.0139040351255561,-0.00748883204360442,Wilcoxon rank sum test with continuity correction,two.sided,0,scAB,TCGA_LUAD,binary,Positive vs Rest,pos_ssGSEA,pos,10.9432865061281,***,LUAD
pos | SCIPAC | Positive vs Rest,pos_marker_score,SCIPAC_Positive,0.400017590591563,0.136313169386763,2.93454838143031,Positive vs Rest,SCIPAC,pos,0.312130582569633,59030756,0,0.304120299365303,0.320180595688201,Wilcoxon rank sum test with continuity correction,two.sided,0,SCIPAC,TCGA_LUAD,binary,Positive vs Rest,pos_ssGSEA,pos,300,***,LUAD
pos | scissor | Positive vs Rest,pos_marker_score,scissor_Positive,0.322232181627816,0.147358801306837,2.18671826026089,Positive vs Rest,scissor,pos,0.210637374269448,30100990,1.97187820173701e-306,0.199745868314675,0.221418513592624,Wilcoxon rank sum test with continuity correction,two.sided,0,scissor,TCGA_LUAD,binary,Positive vs Rest,pos_ssGSEA,pos,299.999999143625,***,LUAD
pos | scPP | Positive vs Rest,pos_marker_score,scPP_Positive,0.293648647777493,0.127179879987361,2.30892376849762,Positive vs Rest,scPP,pos,0.16366785408356,111327012,0,0.158074690750427,0.169264758620355,Wilcoxon rank sum test with continuity correction,two.sided,0,scPP,TCGA_LUAD,binary,Positive vs Rest,pos_ssGSEA,pos,300,***,LUAD
neg | LP_SGL | Positive vs Rest,neg_marker_score,LP_SGL_Positive,0.178281747855175,0.225809404418426,0.789523130422052,Positive vs Rest,LP_SGL,neg,-0.0328862782761493,30664803,2.02447448080508e-54,-0.0372876221899153,-0.0285521876476445,Wilcoxon rank sum test with continuity correction,two.sided,0,LP_SGL,GSE140082,binary,Positive vs Rest,neg_ssGSEA,neg,53.6936876932919,***,OV
neg | PIPET | Positive vs Rest,neg_marker_score,PIPET_Positive,0.221947496260513,0.234357570153136,0.947046413373746,Positive vs Rest,PIPET,neg,-0.00409487772433329,194094601,0.000156826428984153,-0.00619619312696368,-0.00195995289847625,Wilcoxon rank sum test with continuity correction,two.sided,0,PIPET,GSE140082,binary,Positive vs Rest,neg_ssGSEA,neg,3.80458074653187,***,OV
neg | scAB | Positive vs Rest,neg_marker_score,scAB_Positive,0.240743459189778,0.214193602048384,1.12395261523917,Positive vs Rest,scAB,neg,0.0149009171033794,333224473,7.9474308625875e-69,0.0132005480976688,0.0165765387234679,Wilcoxon rank sum test with continuity correction,two.sided,0,scAB,GSE140082,binary,Positive vs Rest,neg_ssGSEA,neg,68.0997732414726,***,OV
neg | SCIPAC | Positive vs Rest,neg_marker_score,SCIPAC_Positive,0.16495695897846,0.227429901498751,0.725309020016287,Positive vs Rest,SCIPAC,neg,-0.0444111408999847,41780386,4.83960151679668e-164,-0.0478881409915074,-0.040956381899589,Wilcoxon rank sum test with continuity correction,two.sided,0,SCIPAC,GSE140082,binary,Positive vs Rest,neg_ssGSEA,neg,163.315190395831,***,OV
neg | scissor | Positive vs Rest,neg_marker_score,scissor_Positive,0.197008636771208,0.226683204314593,0.869092341300229,Positive vs Rest,scissor,neg,-0.0227476911684292,80914642,2.32504559812429e-58,-0.0256576384484357,-0.0198839045924136,Wilcoxon rank sum test with continuity correction,two.sided,0,scissor,GSE140082,binary,Positive vs Rest,neg_ssGSEA,neg,57.6335685254323,***,OV
neg | scPAS | Positive vs Rest,neg_marker_score,scPAS_Positive,0.15979229465696,0.225175625664862,0.709634065344112,Positive vs Rest,scPAS,neg,-0.0469082253976068,11181088,3.17921253759624e-53,-0.0532377992073353,-0.0406666677851315,Wilcoxon rank sum test with continuity correction,two.sided,0,scPAS,GSE140082,binary,Positive vs Rest,neg_ssGSEA,neg,52.4976804375398,***,OV
neg | scPP | Positive vs Rest,neg_marker_score,scPP_Positive,0.132611192957462,0.228223328489208,0.581058885764752,Positive vs Rest,scPP,neg,-0.0707307053745186,24931562,0,-0.0741624630565892,-0.0673078599689005,Wilcoxon rank sum test with continuity correction,two.sided,0,scPP,GSE140082,binary,Positive vs Rest,neg_ssGSEA,neg,300,***,OV
pos | LP_SGL | Positive vs Rest,pos_marker_score,LP_SGL_Positive,0.265154930868403,0.168921318147257,1.56969489568661,Positive vs Rest,LP_SGL,pos,0.0198998016890803,54088327,2.32933892478603e-136,0.01793076286431,0.0219754691676829,Wilcoxon rank sum test with continuity correction,two.sided,0,LP_SGL,GSE140082,binary,Positive vs Rest,pos_ssGSEA,pos,135.632767315907,***,OV
pos | PIPET | Positive vs Rest,pos_marker_score,PIPET_Positive,0.160918652748778,0.219111832745403,0.73441333921823,Positive vs Rest,PIPET,pos,-0.0168456225076174,117250656.5,0,-0.0173892323477059,-0.0162990761426804,Wilcoxon rank sum test with continuity correction,two.sided,0,PIPET,GSE140082,binary,Positive vs Rest,pos_ssGSEA,pos,300,***,OV
pos | scAB | Positive vs Rest,pos_marker_score,scAB_Positive,0.194338563652792,0.15821169137004,1.2283451492738,Positive vs Rest,scAB,pos,0.0114397987710712,412657580.5,0,0.0111059968171443,0.0117941528416962,Wilcoxon rank sum test with continuity correction,two.sided,0,scAB,GSE140082,binary,Positive vs Rest,pos_ssGSEA,pos,300,***,OV
pos | SCIPAC | Positive vs Rest,pos_marker_score,SCIPAC_Positive,0.20370322724067,0.170297816314704,1.19615877436874,Positive vs Rest,SCIPAC,pos,0.0021741253201884,64609442,1.52877762684591e-05,0.00118410812532057,0.00317542114008014,Wilcoxon rank sum test with continuity correction,two.sided,0,SCIPAC,GSE140082,binary,Positive vs Rest,pos_ssGSEA,pos,4.8156556816624,***,OV
pos | scissor | Positive vs Rest,pos_marker_score,scissor_Positive,0.190460345991842,0.170357533218613,1.11800366202434,Positive vs Rest,scissor,pos,0.00188390142636383,100803821,1.85173814811184e-09,0.00128709755363136,0.00250554997214618,Wilcoxon rank sum test with continuity correction,two.sided,0,scissor,GSE140082,binary,Positive vs Rest,pos_ssGSEA,pos,8.73242042633134,***,OV
pos | scPAS | Positive vs Rest,pos_marker_score,scPAS_Positive,0.268119579350127,0.170670295551729,1.57097975651459,Positive vs Rest,scPAS,pos,0.0185665180677445,23052785,6.10945101675271e-57,0.0160509540218763,0.0211189996911432,Wilcoxon rank sum test with continuity correction,two.sided,0,scPAS,GSE140082,binary,Positive vs Rest,pos_ssGSEA,pos,56.2139978128518,***,OV
pos | scPP | Positive vs Rest,pos_marker_score,scPP_Positive,0.217603722595199,0.170018684625728,1.27988122643239,Positive vs Rest,scPP,pos,0.00641256556694222,58448780,5.97060397821822e-31,0.00527601630061212,0.00757071370474948,Wilcoxon rank sum test with continuity correction,two.sided,0,scPP,GSE140082,binary,Positive vs Rest,pos_ssGSEA,pos,30.2239817340064,***,OV
neg | LP_SGL | Positive vs Rest,neg_marker_score,LP_SGL_Positive,0.20937279344431,0.197259586556779,1.06140744335406,Positive vs Rest,LP_SGL,neg,0.0032343676335074,10971389,0.0419325322325338,0.000132580789962913,0.00635580339933421,Wilcoxon rank sum test with continuity correction,two.sided,0,LP_SGL,GSE9891,binary,Positive vs Rest,neg_ssGSEA,neg,1.37744891051773,*,OV
neg | PIPET | Positive vs Rest,neg_marker_score,PIPET_Positive,0.179188835298259,0.199788155245552,0.896894188136555,Positive vs Rest,PIPET,neg,-0.00524776844206717,114953740,8.91921555434819e-76,-0.00581288451078316,-0.00468589782689133,Wilcoxon rank sum test with continuity correction,two.sided,0,PIPET,GSE9891,binary,Positive vs Rest,neg_ssGSEA,neg,75.0496733401753,***,OV
neg | scAB | Positive vs Rest,neg_marker_score,scAB_Positive,0.212465626274577,0.196593911577253,1.08073350069688,Positive vs Rest,scAB,neg,0.00709182638457053,68502470,4.81996507846655e-39,0.00604099947291892,0.00813945916746109,Wilcoxon rank sum test with continuity correction,two.sided,0,scAB,GSE9891,binary,Positive vs Rest,neg_ssGSEA,neg,38.3169561082932,***,OV
neg | scissor | Positive vs Rest,neg_marker_score,scissor_Positive,0.196760144947475,0.1976583217142,0.995455912207812,Positive vs Rest,scissor,neg,0.00046468066944208,291437237.5,0.0367147732242615,3.83933289894049e-05,0.000896369488032881,Wilcoxon rank sum test with continuity correction,two.sided,0,scissor,GSE9891,binary,Positive vs Rest,neg_ssGSEA,neg,1.43515914994986,*,OV
neg | scPAS | Positive vs Rest,neg_marker_score,scPAS_Positive,0.186647942762422,0.197465071570197,0.945220039565684,Positive vs Rest,scPAS,neg,-0.000288070791155994,12639381,0.75757181649337,-0.0021445643154306,0.00153205960615958,Wilcoxon rank sum test with continuity correction,two.sided,0,scPAS,GSE9891,binary,Positive vs Rest,neg_ssGSEA,neg,0.120576190510967,NS,OV
neg | scPP | Positive vs Rest,neg_marker_score,scPP_Positive,0.184855801786539,0.198015377970659,0.93354265553017,Positive vs Rest,scPP,neg,-0.00396529989001266,55175106,3.87249436869641e-18,-0.00486038612228356,-0.0030754246938504,Wilcoxon rank sum test with continuity correction,two.sided,0,scPP,GSE9891,binary,Positive vs Rest,neg_ssGSEA,neg,17.4120092051106,***,OV
pos | LP_SGL | Positive vs Rest,pos_marker_score,LP_SGL_Positive,0.540366416218532,0.209735792314984,2.57641488014121,Positive vs Rest,LP_SGL,pos,0.30605786576495,19003577,1.67048175929174e-186,0.292116952408873,0.319509557108638,Wilcoxon rank sum test with continuity correction,two.sided,0,LP_SGL,GSE9891,binary,Positive vs Rest,pos_ssGSEA,pos,185.777158262248,***,OV
pos | PIPET | Positive vs Rest,pos_marker_score,PIPET_Positive,0.173375538719295,0.21762923297891,0.796655561140064,Positive vs Rest,PIPET,pos,-0.0260933666961713,101780395,1.16865453725001e-207,-0.0279793897719662,-0.02425686867629,Wilcoxon rank sum test with continuity correction,two.sided,0,PIPET,GSE9891,binary,Positive vs Rest,pos_ssGSEA,pos,206.932313850463,***,OV
pos | scAB | Positive vs Rest,pos_marker_score,scAB_Positive,0.330888707756378,0.206419422418236,1.60299212099309,Positive vs Rest,scAB,pos,0.100453909583567,91577693,0,0.0963660241985459,0.10453203859096,Wilcoxon rank sum test with continuity correction,two.sided,0,scAB,GSE9891,binary,Positive vs Rest,pos_ssGSEA,pos,300,***,OV
pos | scissor | Positive vs Rest,pos_marker_score,scissor_Positive,0.24947717162973,0.193736015972409,1.28771705342211,Positive vs Rest,scissor,pos,0.0331754052322017,357241396,0,0.0315497331019964,0.0348256437577226,Wilcoxon rank sum test with continuity correction,two.sided,0,scissor,GSE9891,binary,Positive vs Rest,pos_ssGSEA,pos,300,***,OV
pos | scPAS | Positive vs Rest,pos_marker_score,scPAS_Positive,0.227164517224284,0.2122590801408,1.07022284782162,Positive vs Rest,scPAS,pos,0.0115240746234766,13963992,0.000197842196909841,0.00546471461699394,0.0176666219624511,Wilcoxon rank sum test with continuity correction,two.sided,0,scPAS,GSE9891,binary,Positive vs Rest,pos_ssGSEA,pos,3.70368107406021,***,OV
pos | scPP | Positive vs Rest,pos_marker_score,scPP_Positive,0.256909210530034,0.210065397544558,1.22299633129982,Positive vs Rest,scPP,pos,0.011290118851274,66326434,1.30064599756033e-11,0.00791294308390319,0.0147805384162741,Wilcoxon rank sum test with continuity correction,two.sided,0,scPP,GSE9891,binary,Positive vs Rest,pos_ssGSEA,pos,10.8858408911605,***,OV
