meta_column,label_value,score_group,mean_score,count,log_count,sample
scissor,Neutral,Neg_ctrl_Sample_1,-0.00197932472940738,54650,4.73759811304709,Sample_100_GSE162228
scissor,Neutral,Neg_ctrl_Sample_2,0.011047397690685,54650,4.73759811304709,Sample_100_GSE162228
scissor,Neutral,Neg_ctrl_Sample_3,0.0127356828456074,54650,4.73759811304709,Sample_100_GSE162228
scissor,Neutral,Neg_ctrl_Sample_4,-0.196127026981565,54650,4.73759811304709,Sample_100_GSE162228
scissor,Neutral,Neg_ctrl_Sample_5,-0.0811341196877448,54650,4.73759811304709,Sample_100_GSE162228
scissor,Neutral,Neg_ctrl_Sample_6,-0.0444776133176952,54650,4.73759811304709,Sample_100_GSE162228
scissor,Neutral,Neg_ctrl_Sample_7,0.00184491357296778,54650,4.73759811304709,Sample_100_GSE162228
scissor,Neutral,Neg_ctrl_Sample_8,-0.109186737815808,54650,4.73759811304709,Sample_100_GSE162228
scissor,Neutral,Neg_ctrl_Sample_9,0.0614007398700334,54650,4.73759811304709,Sample_100_GSE162228
scissor,Neutral,Neg_ctrl_Sample_10,0.0223330472590922,54650,4.73759811304709,Sample_100_GSE162228
scissor,Neutral,Neg_ctrl_Sample_11,0.129471750376926,54650,4.73759811304709,Sample_100_GSE162228
scissor,Neutral,Neg_ctrl_Sample_12,0.0746338731936205,54650,4.73759811304709,Sample_100_GSE162228
scissor,Neutral,Neg_ctrl_Sample_13,-0.234230526326606,54650,4.73759811304709,Sample_100_GSE162228
scissor,Neutral,Neg_ctrl_Sample_14,0.22819245710177,54650,4.73759811304709,Sample_100_GSE162228
scissor,Neutral,Neg_ctrl_Sample_15,0.0377732229700478,54650,4.73759811304709,Sample_100_GSE162228
scissor,Neutral,Neg_ctrl_Sample_16,-0.147622503356421,54650,4.73759811304709,Sample_100_GSE162228
scissor,Neutral,Neg_ctrl_Sample_17,0.100810415091695,54650,4.73759811304709,Sample_100_GSE162228
scissor,Neutral,Neg_ctrl_Sample_18,0.0555035352736672,54650,4.73759811304709,Sample_100_GSE162228
scissor,Neutral,Neg_ctrl_Sample_19,0.133773595957042,54650,4.73759811304709,Sample_100_GSE162228
scissor,Neutral,Neg_ctrl_Sample_20,0.315446075977907,54650,4.73759811304709,Sample_100_GSE162228
scissor,Neutral,Neg_ctrl_Sample_21,-0.0952321532735803,54650,4.73759811304709,Sample_100_GSE162228
scissor,Neutral,Neg_ctrl_Sample_22,0.0400671795335273,54650,4.73759811304709,Sample_100_GSE162228
scissor,Neutral,Neg_ctrl_Sample_23,0.179448405107453,54650,4.73759811304709,Sample_100_GSE162228
scissor,Neutral,Neg_ctrl_Sample_24,0.022692924212895,54650,4.73759811304709,Sample_100_GSE162228
scissor,Neutral,Neg_ctrl_Sample_25,0.102969214185629,54650,4.73759811304709,Sample_100_GSE162228
scissor,Neutral,Neg_ctrl_Sample_26,0.042371570489538,54650,4.73759811304709,Sample_100_GSE162228
scissor,Neutral,Neg_ctrl_Sample_27,-0.0817800608948012,54650,4.73759811304709,Sample_100_GSE162228
scissor,Neutral,Neg_ctrl_Sample_28,0.246677212044938,54650,4.73759811304709,Sample_100_GSE162228
scissor,Neutral,Neg_ctrl_Sample_29,-0.0699501001985763,54650,4.73759811304709,Sample_100_GSE162228
scissor,Neutral,Neg_ctrl_Sample_30,0.135966222241485,54650,4.73759811304709,Sample_100_GSE162228
scissor,Neutral,Neg_ctrl_Sample_31,0.183999407750706,54650,4.73759811304709,Sample_100_GSE162228
scissor,Neutral,Neg_ctrl_Sample_32,0.0309143249327123,54650,4.73759811304709,Sample_100_GSE162228
scissor,Neutral,Neg_ctrl_Sample_33,0.055262808198982,54650,4.73759811304709,Sample_100_GSE162228
scissor,Neutral,Neg_ctrl_Sample_34,0.184624101263498,54650,4.73759811304709,Sample_100_GSE162228
scissor,Neutral,Neg_ctrl_Sample_35,0.0180095602790597,54650,4.73759811304709,Sample_100_GSE162228
scissor,Neutral,Neg_ctrl_Sample_36,-0.146460703856362,54650,4.73759811304709,Sample_100_GSE162228
scissor,Neutral,Neg_ctrl_Sample_37,0.0488913187119999,54650,4.73759811304709,Sample_100_GSE162228
scissor,Neutral,Neg_ctrl_Sample_38,0.108247120362945,54650,4.73759811304709,Sample_100_GSE162228
scissor,Neutral,Neg_ctrl_Sample_39,0.145742387924364,54650,4.73759811304709,Sample_100_GSE162228
scissor,Neutral,Neg_ctrl_Sample_40,0.0607939770921003,54650,4.73759811304709,Sample_100_GSE162228
scissor,Neutral,Neg_ctrl_Sample_41,0.0685125558018062,54650,4.73759811304709,Sample_100_GSE162228
scissor,Neutral,Neg_ctrl_Sample_42,0.056551490722397,54650,4.73759811304709,Sample_100_GSE162228
scissor,Neutral,Neg_ctrl_Sample_43,0.0602830627094052,54650,4.73759811304709,Sample_100_GSE162228
scissor,Neutral,Neg_ctrl_Sample_44,-0.125892176391276,54650,4.73759811304709,Sample_100_GSE162228
scissor,Neutral,Neg_ctrl_Sample_45,0.0677665391092861,54650,4.73759811304709,Sample_100_GSE162228
scissor,Neutral,Neg_ctrl_Sample_46,0.291439336932092,54650,4.73759811304709,Sample_100_GSE162228
scissor,Neutral,Neg_ctrl_Sample_47,0.21072513143492,54650,4.73759811304709,Sample_100_GSE162228
scissor,Neutral,Neg_ctrl_Sample_48,0.253825567548484,54650,4.73759811304709,Sample_100_GSE162228
scissor,Neutral,Neg_ctrl_Sample_49,0.260761245043802,54650,4.73759811304709,Sample_100_GSE162228
scissor,Neutral,Neg_ctrl_Sample_50,0.116869554898408,54650,4.73759811304709,Sample_100_GSE162228
scissor,Neutral,Neg_ctrl_Sample_51,-0.100252131460397,54650,4.73759811304709,Sample_100_GSE162228
scissor,Neutral,Neg_ctrl_Sample_52,-0.0130736438735909,54650,4.73759811304709,Sample_100_GSE162228
scissor,Neutral,Neg_ctrl_Sample_53,-0.0365872266905555,54650,4.73759811304709,Sample_100_GSE162228
scissor,Neutral,Neg_ctrl_Sample_54,0.156374031119332,54650,4.73759811304709,Sample_100_GSE162228
scissor,Neutral,Neg_ctrl_Sample_55,0.0986068751942451,54650,4.73759811304709,Sample_100_GSE162228
scissor,Neutral,Neg_ctrl_Sample_56,0.0439364395585854,54650,4.73759811304709,Sample_100_GSE162228
scissor,Neutral,Neg_ctrl_Sample_57,0.0435130358688537,54650,4.73759811304709,Sample_100_GSE162228
scissor,Neutral,Neg_ctrl_Sample_58,-0.0125722103315328,54650,4.73759811304709,Sample_100_GSE162228
scissor,Neutral,Neg_ctrl_Sample_59,0.132500369413439,54650,4.73759811304709,Sample_100_GSE162228
scissor,Neutral,Neg_ctrl_Sample_60,-0.0274867689903812,54650,4.73759811304709,Sample_100_GSE162228
scissor,Neutral,Neg_ctrl_Sample_61,0.0902337971127994,54650,4.73759811304709,Sample_100_GSE162228
scissor,Neutral,Neg_ctrl_Sample_62,0.156990622980203,54650,4.73759811304709,Sample_100_GSE162228
scissor,Neutral,Neg_ctrl_Sample_63,0.157547741206329,54650,4.73759811304709,Sample_100_GSE162228
scissor,Neutral,Neg_ctrl_Sample_64,0.0845415401303206,54650,4.73759811304709,Sample_100_GSE162228
scissor,Neutral,Neg_ctrl_Sample_65,-0.189904926565843,54650,4.73759811304709,Sample_100_GSE162228
scissor,Neutral,Neg_ctrl_Sample_66,0.0629342013792001,54650,4.73759811304709,Sample_100_GSE162228
scissor,Neutral,Neg_ctrl_Sample_67,0.128555733570959,54650,4.73759811304709,Sample_100_GSE162228
scissor,Neutral,Neg_ctrl_Sample_68,-0.025135215822241,54650,4.73759811304709,Sample_100_GSE162228
scissor,Neutral,Neg_ctrl_Sample_69,0.0590016913154967,54650,4.73759811304709,Sample_100_GSE162228
scissor,Neutral,Neg_ctrl_Sample_70,0.0498682324711897,54650,4.73759811304709,Sample_100_GSE162228
scissor,Neutral,Neg_ctrl_Sample_71,0.323852938172923,54650,4.73759811304709,Sample_100_GSE162228
scissor,Neutral,Neg_ctrl_Sample_72,0.125931914145396,54650,4.73759811304709,Sample_100_GSE162228
scissor,Neutral,Neg_ctrl_Sample_73,-0.123974829754086,54650,4.73759811304709,Sample_100_GSE162228
scissor,Neutral,Neg_ctrl_Sample_74,0.137242761257362,54650,4.73759811304709,Sample_100_GSE162228
scissor,Neutral,Neg_ctrl_Sample_75,-0.129416409967178,54650,4.73759811304709,Sample_100_GSE162228
scissor,Neutral,Neg_ctrl_Sample_76,-0.120190917948414,54650,4.73759811304709,Sample_100_GSE162228
scissor,Neutral,Neg_ctrl_Sample_77,-0.0394814635896027,54650,4.73759811304709,Sample_100_GSE162228
scissor,Neutral,Neg_ctrl_Sample_78,-0.030870010144908,54650,4.73759811304709,Sample_100_GSE162228
scissor,Neutral,Neg_ctrl_Sample_79,-0.0635418692909781,54650,4.73759811304709,Sample_100_GSE162228
scissor,Neutral,Neg_ctrl_Sample_80,-0.0100102972333435,54650,4.73759811304709,Sample_100_GSE162228
scissor,Neutral,Neg_ctrl_Sample_81,0.0260843261017697,54650,4.73759811304709,Sample_100_GSE162228
scissor,Neutral,Neg_ctrl_Sample_82,0.057206297016447,54650,4.73759811304709,Sample_100_GSE162228
scissor,Neutral,Neg_ctrl_Sample_83,0.0168827221158669,54650,4.73759811304709,Sample_100_GSE162228
scissor,Neutral,Neg_ctrl_Sample_84,-0.204923209703993,54650,4.73759811304709,Sample_100_GSE162228
scissor,Neutral,Neg_ctrl_Sample_85,-0.14640039680043,54650,4.73759811304709,Sample_100_GSE162228
scissor,Neutral,Neg_ctrl_Sample_86,0.0408947794514454,54650,4.73759811304709,Sample_100_GSE162228
scissor,Neutral,Neg_ctrl_Sample_87,-0.0256816395978002,54650,4.73759811304709,Sample_100_GSE162228
scissor,Neutral,Neg_ctrl_Sample_88,0.150634909540478,54650,4.73759811304709,Sample_100_GSE162228
scissor,Neutral,Neg_ctrl_Sample_89,0.0849566366447215,54650,4.73759811304709,Sample_100_GSE162228
scissor,Neutral,Neg_ctrl_Sample_90,0.0553270058732892,54650,4.73759811304709,Sample_100_GSE162228
scissor,Neutral,Neg_ctrl_Sample_91,-0.142736369231648,54650,4.73759811304709,Sample_100_GSE162228
scissor,Neutral,Neg_ctrl_Sample_92,0.00981070061259579,54650,4.73759811304709,Sample_100_GSE162228
scissor,Neutral,Neg_ctrl_Sample_93,0.00305165554020149,54650,4.73759811304709,Sample_100_GSE162228
scissor,Neutral,Neg_ctrl_Sample_94,0.174424916973983,54650,4.73759811304709,Sample_100_GSE162228
scissor,Neutral,Neg_ctrl_Sample_95,-0.139966936298502,54650,4.73759811304709,Sample_100_GSE162228
scissor,Neutral,Neg_ctrl_Sample_96,0.15547071924457,54650,4.73759811304709,Sample_100_GSE162228
scissor,Neutral,Neg_ctrl_Sample_97,-0.0940902920783267,54650,4.73759811304709,Sample_100_GSE162228
scissor,Neutral,Neg_ctrl_Sample_98,-0.135596824460341,54650,4.73759811304709,Sample_100_GSE162228
scissor,Neutral,Neg_ctrl_Sample_99,-0.17466785795053,54650,4.73759811304709,Sample_100_GSE162228
scissor,Neutral,Neg_ctrl_Sample_100,0.0222588586371979,54650,4.73759811304709,Sample_100_GSE162228
scAB,Other,Neg_ctrl_Sample_1,-0.00197568031877638,54142,4.73354231584804,Sample_100_GSE162228
scAB,Other,Neg_ctrl_Sample_2,0.0109671102346279,54142,4.73354231584804,Sample_100_GSE162228
scAB,Other,Neg_ctrl_Sample_3,0.0126495843338645,54142,4.73354231584804,Sample_100_GSE162228
scAB,Other,Neg_ctrl_Sample_4,-0.196227404251451,54142,4.73354231584804,Sample_100_GSE162228
scAB,Other,Neg_ctrl_Sample_5,-0.081454964036938,54142,4.73354231584804,Sample_100_GSE162228
scAB,Other,Neg_ctrl_Sample_6,-0.0447480531768478,54142,4.73354231584804,Sample_100_GSE162228
scAB,Other,Neg_ctrl_Sample_7,0.00168337868509423,54142,4.73354231584804,Sample_100_GSE162228
scAB,Other,Neg_ctrl_Sample_8,-0.109269097815384,54142,4.73354231584804,Sample_100_GSE162228
scAB,Other,Neg_ctrl_Sample_9,0.0614562630298512,54142,4.73354231584804,Sample_100_GSE162228
scAB,Other,Neg_ctrl_Sample_10,0.0221725119621159,54142,4.73354231584804,Sample_100_GSE162228
scAB,Other,Neg_ctrl_Sample_11,0.129259056269959,54142,4.73354231584804,Sample_100_GSE162228
scAB,Other,Neg_ctrl_Sample_12,0.0743093987926663,54142,4.73354231584804,Sample_100_GSE162228
scAB,Other,Neg_ctrl_Sample_13,-0.234384752463402,54142,4.73354231584804,Sample_100_GSE162228
scAB,Other,Neg_ctrl_Sample_14,0.228095977939991,54142,4.73354231584804,Sample_100_GSE162228
scAB,Other,Neg_ctrl_Sample_15,0.0375742247068413,54142,4.73354231584804,Sample_100_GSE162228
scAB,Other,Neg_ctrl_Sample_16,-0.148094888310103,54142,4.73354231584804,Sample_100_GSE162228
scAB,Other,Neg_ctrl_Sample_17,0.100732961711584,54142,4.73354231584804,Sample_100_GSE162228
scAB,Other,Neg_ctrl_Sample_18,0.0556858107270229,54142,4.73354231584804,Sample_100_GSE162228
scAB,Other,Neg_ctrl_Sample_19,0.133787488305037,54142,4.73354231584804,Sample_100_GSE162228
scAB,Other,Neg_ctrl_Sample_20,0.315370502537859,54142,4.73354231584804,Sample_100_GSE162228
scAB,Other,Neg_ctrl_Sample_21,-0.0954278308026699,54142,4.73354231584804,Sample_100_GSE162228
scAB,Other,Neg_ctrl_Sample_22,0.0397620943517913,54142,4.73354231584804,Sample_100_GSE162228
scAB,Other,Neg_ctrl_Sample_23,0.179465810160022,54142,4.73354231584804,Sample_100_GSE162228
scAB,Other,Neg_ctrl_Sample_24,0.0225735488535688,54142,4.73354231584804,Sample_100_GSE162228
scAB,Other,Neg_ctrl_Sample_25,0.103068386541686,54142,4.73354231584804,Sample_100_GSE162228
scAB,Other,Neg_ctrl_Sample_26,0.0420035566480346,54142,4.73354231584804,Sample_100_GSE162228
scAB,Other,Neg_ctrl_Sample_27,-0.0818755874183909,54142,4.73354231584804,Sample_100_GSE162228
scAB,Other,Neg_ctrl_Sample_28,0.24660576563621,54142,4.73354231584804,Sample_100_GSE162228
scAB,Other,Neg_ctrl_Sample_29,-0.0699660221392858,54142,4.73354231584804,Sample_100_GSE162228
scAB,Other,Neg_ctrl_Sample_30,0.135783135650709,54142,4.73354231584804,Sample_100_GSE162228
scAB,Other,Neg_ctrl_Sample_31,0.184007045844778,54142,4.73354231584804,Sample_100_GSE162228
scAB,Other,Neg_ctrl_Sample_32,0.0307173147601503,54142,4.73354231584804,Sample_100_GSE162228
scAB,Other,Neg_ctrl_Sample_33,0.0549229903000028,54142,4.73354231584804,Sample_100_GSE162228
scAB,Other,Neg_ctrl_Sample_34,0.184508754328724,54142,4.73354231584804,Sample_100_GSE162228
scAB,Other,Neg_ctrl_Sample_35,0.0179611714477736,54142,4.73354231584804,Sample_100_GSE162228
scAB,Other,Neg_ctrl_Sample_36,-0.146601597897464,54142,4.73354231584804,Sample_100_GSE162228
scAB,Other,Neg_ctrl_Sample_37,0.0487476108092813,54142,4.73354231584804,Sample_100_GSE162228
scAB,Other,Neg_ctrl_Sample_38,0.108330131710639,54142,4.73354231584804,Sample_100_GSE162228
scAB,Other,Neg_ctrl_Sample_39,0.145783378391908,54142,4.73354231584804,Sample_100_GSE162228
scAB,Other,Neg_ctrl_Sample_40,0.0606827054711051,54142,4.73354231584804,Sample_100_GSE162228
scAB,Other,Neg_ctrl_Sample_41,0.0684028017118566,54142,4.73354231584804,Sample_100_GSE162228
scAB,Other,Neg_ctrl_Sample_42,0.0565239474630055,54142,4.73354231584804,Sample_100_GSE162228
scAB,Other,Neg_ctrl_Sample_43,0.0601327757257811,54142,4.73354231584804,Sample_100_GSE162228
scAB,Other,Neg_ctrl_Sample_44,-0.126434787572669,54142,4.73354231584804,Sample_100_GSE162228
scAB,Other,Neg_ctrl_Sample_45,0.0675444408606494,54142,4.73354231584804,Sample_100_GSE162228
scAB,Other,Neg_ctrl_Sample_46,0.291358347414312,54142,4.73354231584804,Sample_100_GSE162228
scAB,Other,Neg_ctrl_Sample_47,0.210599084836315,54142,4.73354231584804,Sample_100_GSE162228
scAB,Other,Neg_ctrl_Sample_48,0.253816295244447,54142,4.73354231584804,Sample_100_GSE162228
scAB,Other,Neg_ctrl_Sample_49,0.260607321903489,54142,4.73354231584804,Sample_100_GSE162228
scAB,Other,Neg_ctrl_Sample_50,0.116792782917007,54142,4.73354231584804,Sample_100_GSE162228
scAB,Other,Neg_ctrl_Sample_51,-0.100442060852223,54142,4.73354231584804,Sample_100_GSE162228
scAB,Other,Neg_ctrl_Sample_52,-0.0132317194713291,54142,4.73354231584804,Sample_100_GSE162228
scAB,Other,Neg_ctrl_Sample_53,-0.0368887334176839,54142,4.73354231584804,Sample_100_GSE162228
scAB,Other,Neg_ctrl_Sample_54,0.156179530339777,54142,4.73354231584804,Sample_100_GSE162228
scAB,Other,Neg_ctrl_Sample_55,0.0985815405916864,54142,4.73354231584804,Sample_100_GSE162228
scAB,Other,Neg_ctrl_Sample_56,0.043703461977084,54142,4.73354231584804,Sample_100_GSE162228
scAB,Other,Neg_ctrl_Sample_57,0.0435134493404813,54142,4.73354231584804,Sample_100_GSE162228
scAB,Other,Neg_ctrl_Sample_58,-0.0127250795414486,54142,4.73354231584804,Sample_100_GSE162228
scAB,Other,Neg_ctrl_Sample_59,0.132440312902929,54142,4.73354231584804,Sample_100_GSE162228
scAB,Other,Neg_ctrl_Sample_60,-0.0276989285217722,54142,4.73354231584804,Sample_100_GSE162228
scAB,Other,Neg_ctrl_Sample_61,0.0902837521349124,54142,4.73354231584804,Sample_100_GSE162228
scAB,Other,Neg_ctrl_Sample_62,0.156939858244966,54142,4.73354231584804,Sample_100_GSE162228
scAB,Other,Neg_ctrl_Sample_63,0.157175067810188,54142,4.73354231584804,Sample_100_GSE162228
scAB,Other,Neg_ctrl_Sample_64,0.0843724608937322,54142,4.73354231584804,Sample_100_GSE162228
scAB,Other,Neg_ctrl_Sample_65,-0.190108468634256,54142,4.73354231584804,Sample_100_GSE162228
scAB,Other,Neg_ctrl_Sample_66,0.0625488721998811,54142,4.73354231584804,Sample_100_GSE162228
scAB,Other,Neg_ctrl_Sample_67,0.128167002335501,54142,4.73354231584804,Sample_100_GSE162228
scAB,Other,Neg_ctrl_Sample_68,-0.0252576114410983,54142,4.73354231584804,Sample_100_GSE162228
scAB,Other,Neg_ctrl_Sample_69,0.0586230784642199,54142,4.73354231584804,Sample_100_GSE162228
scAB,Other,Neg_ctrl_Sample_70,0.0497856116219669,54142,4.73354231584804,Sample_100_GSE162228
scAB,Other,Neg_ctrl_Sample_71,0.32369607076829,54142,4.73354231584804,Sample_100_GSE162228
scAB,Other,Neg_ctrl_Sample_72,0.125863824618822,54142,4.73354231584804,Sample_100_GSE162228
scAB,Other,Neg_ctrl_Sample_73,-0.124344867518897,54142,4.73354231584804,Sample_100_GSE162228
scAB,Other,Neg_ctrl_Sample_74,0.137148530365276,54142,4.73354231584804,Sample_100_GSE162228
scAB,Other,Neg_ctrl_Sample_75,-0.129684774349664,54142,4.73354231584804,Sample_100_GSE162228
scAB,Other,Neg_ctrl_Sample_76,-0.120425039995783,54142,4.73354231584804,Sample_100_GSE162228
scAB,Other,Neg_ctrl_Sample_77,-0.039579243681532,54142,4.73354231584804,Sample_100_GSE162228
scAB,Other,Neg_ctrl_Sample_78,-0.0309425397955932,54142,4.73354231584804,Sample_100_GSE162228
scAB,Other,Neg_ctrl_Sample_79,-0.0637078665619694,54142,4.73354231584804,Sample_100_GSE162228
scAB,Other,Neg_ctrl_Sample_80,-0.0100014083461823,54142,4.73354231584804,Sample_100_GSE162228
scAB,Other,Neg_ctrl_Sample_81,0.0262253748080063,54142,4.73354231584804,Sample_100_GSE162228
scAB,Other,Neg_ctrl_Sample_82,0.0571657058752974,54142,4.73354231584804,Sample_100_GSE162228
scAB,Other,Neg_ctrl_Sample_83,0.0166490538807915,54142,4.73354231584804,Sample_100_GSE162228
scAB,Other,Neg_ctrl_Sample_84,-0.205095530565403,54142,4.73354231584804,Sample_100_GSE162228
scAB,Other,Neg_ctrl_Sample_85,-0.146641064022123,54142,4.73354231584804,Sample_100_GSE162228
scAB,Other,Neg_ctrl_Sample_86,0.0407760851675264,54142,4.73354231584804,Sample_100_GSE162228
scAB,Other,Neg_ctrl_Sample_87,-0.0259027193611133,54142,4.73354231584804,Sample_100_GSE162228
scAB,Other,Neg_ctrl_Sample_88,0.150525538270122,54142,4.73354231584804,Sample_100_GSE162228
scAB,Other,Neg_ctrl_Sample_89,0.0849885882434557,54142,4.73354231584804,Sample_100_GSE162228
scAB,Other,Neg_ctrl_Sample_90,0.0550083293912798,54142,4.73354231584804,Sample_100_GSE162228
scAB,Other,Neg_ctrl_Sample_91,-0.142947736485863,54142,4.73354231584804,Sample_100_GSE162228
scAB,Other,Neg_ctrl_Sample_92,0.00985375424536179,54142,4.73354231584804,Sample_100_GSE162228
scAB,Other,Neg_ctrl_Sample_93,0.00288737968133791,54142,4.73354231584804,Sample_100_GSE162228
scAB,Other,Neg_ctrl_Sample_94,0.174431912881406,54142,4.73354231584804,Sample_100_GSE162228
scAB,Other,Neg_ctrl_Sample_95,-0.140311997982566,54142,4.73354231584804,Sample_100_GSE162228
scAB,Other,Neg_ctrl_Sample_96,0.155374807959077,54142,4.73354231584804,Sample_100_GSE162228
scAB,Other,Neg_ctrl_Sample_97,-0.0941996487237262,54142,4.73354231584804,Sample_100_GSE162228
scAB,Other,Neg_ctrl_Sample_98,-0.135672182311472,54142,4.73354231584804,Sample_100_GSE162228
scAB,Other,Neg_ctrl_Sample_99,-0.174894144681155,54142,4.73354231584804,Sample_100_GSE162228
scAB,Other,Neg_ctrl_Sample_100,0.0221846241608779,54142,4.73354231584804,Sample_100_GSE162228
scAB,Positive,Neg_ctrl_Sample_1,-0.00236774142307639,508,2.70671778233676,Sample_100_GSE162228
scAB,Positive,Neg_ctrl_Sample_2,0.019604333607699,508,2.70671778233676,Sample_100_GSE162228
scAB,Positive,Neg_ctrl_Sample_3,0.0219119537566069,508,2.70671778233676,Sample_100_GSE162228
scAB,Positive,Neg_ctrl_Sample_4,-0.185428944016668,508,2.70671778233676,Sample_100_GSE162228
scAB,Positive,Neg_ctrl_Sample_5,-0.0469389331640915,508,2.70671778233676,Sample_100_GSE162228
scAB,Positive,Neg_ctrl_Sample_6,-0.0156544738408451,508,2.70671778233676,Sample_100_GSE162228
scAB,Positive,Neg_ctrl_Sample_7,0.0190610984140113,508,2.70671778233676,Sample_100_GSE162228
scAB,Positive,Neg_ctrl_Sample_8,-0.100408912821599,508,2.70671778233676,Sample_100_GSE162228
scAB,Positive,Neg_ctrl_Sample_9,0.0554831514470761,508,2.70671778233676,Sample_100_GSE162228
scAB,Positive,Neg_ctrl_Sample_10,0.039442696961642,508,2.70671778233676,Sample_100_GSE162228
scAB,Positive,Neg_ctrl_Sample_11,0.152140420336405,508,2.70671778233676,Sample_100_GSE162228
scAB,Positive,Neg_ctrl_Sample_12,0.10921594606067,508,2.70671778233676,Sample_100_GSE162228
scAB,Positive,Neg_ctrl_Sample_13,-0.217793298967513,508,2.70671778233676,Sample_100_GSE162228
scAB,Positive,Neg_ctrl_Sample_14,0.238475084615691,508,2.70671778233676,Sample_100_GSE162228
scAB,Positive,Neg_ctrl_Sample_15,0.0589822071561195,508,2.70671778233676,Sample_100_GSE162228
scAB,Positive,Neg_ctrl_Sample_16,-0.0972763101236376,508,2.70671778233676,Sample_100_GSE162228
scAB,Positive,Neg_ctrl_Sample_17,0.10906529876481,508,2.70671778233676,Sample_100_GSE162228
scAB,Positive,Neg_ctrl_Sample_18,0.0360768470933814,508,2.70671778233676,Sample_100_GSE162228
scAB,Positive,Neg_ctrl_Sample_19,0.132292967009963,508,2.70671778233676,Sample_100_GSE162228
scAB,Positive,Neg_ctrl_Sample_20,0.323500598007656,508,2.70671778233676,Sample_100_GSE162228
scAB,Positive,Neg_ctrl_Sample_21,-0.0743770887460815,508,2.70671778233676,Sample_100_GSE162228
scAB,Positive,Neg_ctrl_Sample_22,0.0725827738436778,508,2.70671778233676,Sample_100_GSE162228
scAB,Positive,Neg_ctrl_Sample_23,0.177593396532377,508,2.70671778233676,Sample_100_GSE162228
scAB,Positive,Neg_ctrl_Sample_24,0.0354157996157352,508,2.70671778233676,Sample_100_GSE162228
scAB,Positive,Neg_ctrl_Sample_25,0.0923995494186085,508,2.70671778233676,Sample_100_GSE162228
scAB,Positive,Neg_ctrl_Sample_26,0.0815940220775177,508,2.70671778233676,Sample_100_GSE162228
scAB,Positive,Neg_ctrl_Sample_27,-0.0715989643589671,508,2.70671778233676,Sample_100_GSE162228
scAB,Positive,Neg_ctrl_Sample_28,0.254291880275904,508,2.70671778233676,Sample_100_GSE162228
scAB,Positive,Neg_ctrl_Sample_29,-0.0682531598168904,508,2.70671778233676,Sample_100_GSE162228
scAB,Positive,Neg_ctrl_Sample_30,0.155479360426131,508,2.70671778233676,Sample_100_GSE162228
scAB,Positive,Neg_ctrl_Sample_31,0.183185349307383,508,2.70671778233676,Sample_100_GSE162228
scAB,Positive,Neg_ctrl_Sample_32,0.0519114209225701,508,2.70671778233676,Sample_100_GSE162228
scAB,Positive,Neg_ctrl_Sample_33,0.0914801717551495,508,2.70671778233676,Sample_100_GSE162228
scAB,Positive,Neg_ctrl_Sample_34,0.196917632252728,508,2.70671778233676,Sample_100_GSE162228
scAB,Positive,Neg_ctrl_Sample_35,0.0231667809552232,508,2.70671778233676,Sample_100_GSE162228
scAB,Positive,Neg_ctrl_Sample_36,-0.131444394459993,508,2.70671778233676,Sample_100_GSE162228
scAB,Positive,Neg_ctrl_Sample_37,0.0642075259344195,508,2.70671778233676,Sample_100_GSE162228
scAB,Positive,Neg_ctrl_Sample_38,0.0993998755070043,508,2.70671778233676,Sample_100_GSE162228
scAB,Positive,Neg_ctrl_Sample_39,0.141373675535047,508,2.70671778233676,Sample_100_GSE162228
scAB,Positive,Neg_ctrl_Sample_40,0.0726531662730532,508,2.70671778233676,Sample_100_GSE162228
scAB,Positive,Neg_ctrl_Sample_41,0.0802100084357586,508,2.70671778233676,Sample_100_GSE162228
scAB,Positive,Neg_ctrl_Sample_42,0.0594870166081788,508,2.70671778233676,Sample_100_GSE162228
scAB,Positive,Neg_ctrl_Sample_43,0.0763004600861357,508,2.70671778233676,Sample_100_GSE162228
scAB,Positive,Neg_ctrl_Sample_44,-0.0680613602829808,508,2.70671778233676,Sample_100_GSE162228
scAB,Positive,Neg_ctrl_Sample_45,0.0914374906401651,508,2.70671778233676,Sample_100_GSE162228
scAB,Positive,Neg_ctrl_Sample_46,0.300071097703068,508,2.70671778233676,Sample_100_GSE162228
scAB,Positive,Neg_ctrl_Sample_47,0.224159019115493,508,2.70671778233676,Sample_100_GSE162228
scAB,Positive,Neg_ctrl_Sample_48,0.254813798031164,508,2.70671778233676,Sample_100_GSE162228
scAB,Positive,Neg_ctrl_Sample_49,0.277166179419458,508,2.70671778233676,Sample_100_GSE162228
scAB,Positive,Neg_ctrl_Sample_50,0.125051815955602,508,2.70671778233676,Sample_100_GSE162228
scAB,Positive,Neg_ctrl_Sample_51,-0.0800096961606457,508,2.70671778233676,Sample_100_GSE162228
scAB,Positive,Neg_ctrl_Sample_52,0.00377385418298939,508,2.70671778233676,Sample_100_GSE162228
scAB,Positive,Neg_ctrl_Sample_53,-0.0044530195642104,508,2.70671778233676,Sample_100_GSE162228
scAB,Positive,Neg_ctrl_Sample_54,0.177103679163961,508,2.70671778233676,Sample_100_GSE162228
scAB,Positive,Neg_ctrl_Sample_55,0.101307005217333,508,2.70671778233676,Sample_100_GSE162228
scAB,Positive,Neg_ctrl_Sample_56,0.0687668966799436,508,2.70671778233676,Sample_100_GSE162228
scAB,Positive,Neg_ctrl_Sample_57,0.0434689685836869,508,2.70671778233676,Sample_100_GSE162228
scAB,Positive,Neg_ctrl_Sample_58,0.00372039747016934,508,2.70671778233676,Sample_100_GSE162228
scAB,Positive,Neg_ctrl_Sample_59,0.138901116641783,508,2.70671778233676,Sample_100_GSE162228
scAB,Positive,Neg_ctrl_Sample_60,-0.00487507342232885,508,2.70671778233676,Sample_100_GSE162228
scAB,Positive,Neg_ctrl_Sample_61,0.0849096537914449,508,2.70671778233676,Sample_100_GSE162228
scAB,Positive,Neg_ctrl_Sample_62,0.162401064506243,508,2.70671778233676,Sample_100_GSE162228
scAB,Positive,Neg_ctrl_Sample_63,0.197266802257353,508,2.70671778233676,Sample_100_GSE162228
scAB,Positive,Neg_ctrl_Sample_64,0.102561792152698,508,2.70671778233676,Sample_100_GSE162228
scAB,Positive,Neg_ctrl_Sample_65,-0.168211669345291,508,2.70671778233676,Sample_100_GSE162228
scAB,Positive,Neg_ctrl_Sample_66,0.104002099856946,508,2.70671778233676,Sample_100_GSE162228
scAB,Positive,Neg_ctrl_Sample_67,0.169986218905891,508,2.70671778233676,Sample_100_GSE162228
scAB,Positive,Neg_ctrl_Sample_68,-0.0120904449636376,508,2.70671778233676,Sample_100_GSE162228
scAB,Positive,Neg_ctrl_Sample_69,0.0993537720119957,508,2.70671778233676,Sample_100_GSE162228
scAB,Positive,Neg_ctrl_Sample_70,0.0586738584921018,508,2.70671778233676,Sample_100_GSE162228
scAB,Positive,Neg_ctrl_Sample_71,0.340571668530459,508,2.70671778233676,Sample_100_GSE162228
scAB,Positive,Neg_ctrl_Sample_72,0.133188810105632,508,2.70671778233676,Sample_100_GSE162228
scAB,Positive,Neg_ctrl_Sample_73,-0.0845366709698286,508,2.70671778233676,Sample_100_GSE162228
scAB,Positive,Neg_ctrl_Sample_74,0.147285771019715,508,2.70671778233676,Sample_100_GSE162228
scAB,Positive,Neg_ctrl_Sample_75,-0.10081447217865,508,2.70671778233676,Sample_100_GSE162228
scAB,Positive,Neg_ctrl_Sample_76,-0.0952384850966954,508,2.70671778233676,Sample_100_GSE162228
scAB,Positive,Neg_ctrl_Sample_77,-0.0290601845793005,508,2.70671778233676,Sample_100_GSE162228
scAB,Positive,Neg_ctrl_Sample_78,-0.0231398913508121,508,2.70671778233676,Sample_100_GSE162228
scAB,Positive,Neg_ctrl_Sample_79,-0.0458500892791386,508,2.70671778233676,Sample_100_GSE162228
scAB,Positive,Neg_ctrl_Sample_80,-0.0109576636283849,508,2.70671778233676,Sample_100_GSE162228
scAB,Positive,Neg_ctrl_Sample_81,0.0110515326902341,508,2.70671778233676,Sample_100_GSE162228
scAB,Positive,Neg_ctrl_Sample_82,0.0615324497017288,508,2.70671778233676,Sample_100_GSE162228
scAB,Positive,Neg_ctrl_Sample_83,0.041786788225017,508,2.70671778233676,Sample_100_GSE162228
scAB,Positive,Neg_ctrl_Sample_84,-0.18655746939205,508,2.70671778233676,Sample_100_GSE162228
scAB,Positive,Neg_ctrl_Sample_85,-0.120750387515144,508,2.70671778233676,Sample_100_GSE162228
scAB,Positive,Neg_ctrl_Sample_86,0.0535450666954306,508,2.70671778233676,Sample_100_GSE162228
scAB,Positive,Neg_ctrl_Sample_87,-0.00211923694957426,508,2.70671778233676,Sample_100_GSE162228
scAB,Positive,Neg_ctrl_Sample_88,0.162291561744489,508,2.70671778233676,Sample_100_GSE162228
scAB,Positive,Neg_ctrl_Sample_89,0.0815512755056196,508,2.70671778233676,Sample_100_GSE162228
scAB,Positive,Neg_ctrl_Sample_90,0.0892911438436839,508,2.70671778233676,Sample_100_GSE162228
scAB,Positive,Neg_ctrl_Sample_91,-0.120209113566905,508,2.70671778233676,Sample_100_GSE162228
scAB,Positive,Neg_ctrl_Sample_92,0.00522209867319153,508,2.70671778233676,Sample_100_GSE162228
scAB,Positive,Neg_ctrl_Sample_93,0.0205599696161693,508,2.70671778233676,Sample_100_GSE162228
scAB,Positive,Neg_ctrl_Sample_94,0.173679301974618,508,2.70671778233676,Sample_100_GSE162228
scAB,Positive,Neg_ctrl_Sample_95,-0.103190696734372,508,2.70671778233676,Sample_100_GSE162228
scAB,Positive,Neg_ctrl_Sample_96,0.165692823219301,508,2.70671778233676,Sample_100_GSE162228
scAB,Positive,Neg_ctrl_Sample_97,-0.0824351985838071,508,2.70671778233676,Sample_100_GSE162228
scAB,Positive,Neg_ctrl_Sample_98,-0.12756527962582,508,2.70671778233676,Sample_100_GSE162228
scAB,Positive,Neg_ctrl_Sample_99,-0.150550503286228,508,2.70671778233676,Sample_100_GSE162228
scAB,Positive,Neg_ctrl_Sample_100,0.030170675599638,508,2.70671778233676,Sample_100_GSE162228
scPAS,Neutral,Neg_ctrl_Sample_1,-0.002190519355977,53167,4.72565032393464,Sample_100_GSE162228
scPAS,Neutral,Neg_ctrl_Sample_2,0.0111144207654961,53167,4.72565032393464,Sample_100_GSE162228
scPAS,Neutral,Neg_ctrl_Sample_3,0.0127989517650015,53167,4.72565032393464,Sample_100_GSE162228
scPAS,Neutral,Neg_ctrl_Sample_4,-0.196435462159844,53167,4.72565032393464,Sample_100_GSE162228
scPAS,Neutral,Neg_ctrl_Sample_5,-0.081719742682952,53167,4.72565032393464,Sample_100_GSE162228
scPAS,Neutral,Neg_ctrl_Sample_6,-0.0448721416283946,53167,4.72565032393464,Sample_100_GSE162228
scPAS,Neutral,Neg_ctrl_Sample_7,0.0020062479130673,53167,4.72565032393464,Sample_100_GSE162228
scPAS,Neutral,Neg_ctrl_Sample_8,-0.10918286677908,53167,4.72565032393464,Sample_100_GSE162228
scPAS,Neutral,Neg_ctrl_Sample_9,0.0618023142982951,53167,4.72565032393464,Sample_100_GSE162228
scPAS,Neutral,Neg_ctrl_Sample_10,0.022326954529883,53167,4.72565032393464,Sample_100_GSE162228
scPAS,Neutral,Neg_ctrl_Sample_11,0.129563498804116,53167,4.72565032393464,Sample_100_GSE162228
scPAS,Neutral,Neg_ctrl_Sample_12,0.0743921948688576,53167,4.72565032393464,Sample_100_GSE162228
scPAS,Neutral,Neg_ctrl_Sample_13,-0.234319783024085,53167,4.72565032393464,Sample_100_GSE162228
scPAS,Neutral,Neg_ctrl_Sample_14,0.227921453359816,53167,4.72565032393464,Sample_100_GSE162228
scPAS,Neutral,Neg_ctrl_Sample_15,0.0377113662415682,53167,4.72565032393464,Sample_100_GSE162228
scPAS,Neutral,Neg_ctrl_Sample_16,-0.148152400929633,53167,4.72565032393464,Sample_100_GSE162228
scPAS,Neutral,Neg_ctrl_Sample_17,0.100843701685309,53167,4.72565032393464,Sample_100_GSE162228
scPAS,Neutral,Neg_ctrl_Sample_18,0.0553911112331728,53167,4.72565032393464,Sample_100_GSE162228
scPAS,Neutral,Neg_ctrl_Sample_19,0.133514943579861,53167,4.72565032393464,Sample_100_GSE162228
scPAS,Neutral,Neg_ctrl_Sample_20,0.315113796788748,53167,4.72565032393464,Sample_100_GSE162228
scPAS,Neutral,Neg_ctrl_Sample_21,-0.0955911360659604,53167,4.72565032393464,Sample_100_GSE162228
scPAS,Neutral,Neg_ctrl_Sample_22,0.0395169083768346,53167,4.72565032393464,Sample_100_GSE162228
scPAS,Neutral,Neg_ctrl_Sample_23,0.179304017441146,53167,4.72565032393464,Sample_100_GSE162228
scPAS,Neutral,Neg_ctrl_Sample_24,0.022303104931784,53167,4.72565032393464,Sample_100_GSE162228
scPAS,Neutral,Neg_ctrl_Sample_25,0.103214693883581,53167,4.72565032393464,Sample_100_GSE162228
scPAS,Neutral,Neg_ctrl_Sample_26,0.0418764831186103,53167,4.72565032393464,Sample_100_GSE162228
scPAS,Neutral,Neg_ctrl_Sample_27,-0.081768632732935,53167,4.72565032393464,Sample_100_GSE162228
scPAS,Neutral,Neg_ctrl_Sample_28,0.246969501780325,53167,4.72565032393464,Sample_100_GSE162228
scPAS,Neutral,Neg_ctrl_Sample_29,-0.0697816390391481,53167,4.72565032393464,Sample_100_GSE162228
scPAS,Neutral,Neg_ctrl_Sample_30,0.135780817625756,53167,4.72565032393464,Sample_100_GSE162228
scPAS,Neutral,Neg_ctrl_Sample_31,0.18424824506491,53167,4.72565032393464,Sample_100_GSE162228
scPAS,Neutral,Neg_ctrl_Sample_32,0.0308881102990127,53167,4.72565032393464,Sample_100_GSE162228
scPAS,Neutral,Neg_ctrl_Sample_33,0.0543872315723131,53167,4.72565032393464,Sample_100_GSE162228
scPAS,Neutral,Neg_ctrl_Sample_34,0.184706013789894,53167,4.72565032393464,Sample_100_GSE162228
scPAS,Neutral,Neg_ctrl_Sample_35,0.0182013404762802,53167,4.72565032393464,Sample_100_GSE162228
scPAS,Neutral,Neg_ctrl_Sample_36,-0.147103247968189,53167,4.72565032393464,Sample_100_GSE162228
scPAS,Neutral,Neg_ctrl_Sample_37,0.0484197636732054,53167,4.72565032393464,Sample_100_GSE162228
scPAS,Neutral,Neg_ctrl_Sample_38,0.10857573809241,53167,4.72565032393464,Sample_100_GSE162228
scPAS,Neutral,Neg_ctrl_Sample_39,0.14552070647766,53167,4.72565032393464,Sample_100_GSE162228
scPAS,Neutral,Neg_ctrl_Sample_40,0.0607299564854871,53167,4.72565032393464,Sample_100_GSE162228
scPAS,Neutral,Neg_ctrl_Sample_41,0.068482657932957,53167,4.72565032393464,Sample_100_GSE162228
scPAS,Neutral,Neg_ctrl_Sample_42,0.0568114313137102,53167,4.72565032393464,Sample_100_GSE162228
scPAS,Neutral,Neg_ctrl_Sample_43,0.060087299234737,53167,4.72565032393464,Sample_100_GSE162228
scPAS,Neutral,Neg_ctrl_Sample_44,-0.126677311246129,53167,4.72565032393464,Sample_100_GSE162228
scPAS,Neutral,Neg_ctrl_Sample_45,0.0678379929348692,53167,4.72565032393464,Sample_100_GSE162228
scPAS,Neutral,Neg_ctrl_Sample_46,0.291538511413743,53167,4.72565032393464,Sample_100_GSE162228
scPAS,Neutral,Neg_ctrl_Sample_47,0.210439199866336,53167,4.72565032393464,Sample_100_GSE162228
scPAS,Neutral,Neg_ctrl_Sample_48,0.25393605393235,53167,4.72565032393464,Sample_100_GSE162228
scPAS,Neutral,Neg_ctrl_Sample_49,0.260122908238234,53167,4.72565032393464,Sample_100_GSE162228
scPAS,Neutral,Neg_ctrl_Sample_50,0.116918300437489,53167,4.72565032393464,Sample_100_GSE162228
scPAS,Neutral,Neg_ctrl_Sample_51,-0.10124897289793,53167,4.72565032393464,Sample_100_GSE162228
scPAS,Neutral,Neg_ctrl_Sample_52,-0.0132421078435036,53167,4.72565032393464,Sample_100_GSE162228
scPAS,Neutral,Neg_ctrl_Sample_53,-0.0363524451760101,53167,4.72565032393464,Sample_100_GSE162228
scPAS,Neutral,Neg_ctrl_Sample_54,0.156164988622398,53167,4.72565032393464,Sample_100_GSE162228
scPAS,Neutral,Neg_ctrl_Sample_55,0.0985590785404736,53167,4.72565032393464,Sample_100_GSE162228
scPAS,Neutral,Neg_ctrl_Sample_56,0.043970101714124,53167,4.72565032393464,Sample_100_GSE162228
scPAS,Neutral,Neg_ctrl_Sample_57,0.0435959608991466,53167,4.72565032393464,Sample_100_GSE162228
scPAS,Neutral,Neg_ctrl_Sample_58,-0.0120474304076058,53167,4.72565032393464,Sample_100_GSE162228
scPAS,Neutral,Neg_ctrl_Sample_59,0.132718596139284,53167,4.72565032393464,Sample_100_GSE162228
scPAS,Neutral,Neg_ctrl_Sample_60,-0.0273828436234808,53167,4.72565032393464,Sample_100_GSE162228
scPAS,Neutral,Neg_ctrl_Sample_61,0.0904727166534647,53167,4.72565032393464,Sample_100_GSE162228
scPAS,Neutral,Neg_ctrl_Sample_62,0.157334472785486,53167,4.72565032393464,Sample_100_GSE162228
scPAS,Neutral,Neg_ctrl_Sample_63,0.157319502835128,53167,4.72565032393464,Sample_100_GSE162228
scPAS,Neutral,Neg_ctrl_Sample_64,0.0838065325561722,53167,4.72565032393464,Sample_100_GSE162228
scPAS,Neutral,Neg_ctrl_Sample_65,-0.190422217306663,53167,4.72565032393464,Sample_100_GSE162228
scPAS,Neutral,Neg_ctrl_Sample_66,0.0627233021133199,53167,4.72565032393464,Sample_100_GSE162228
scPAS,Neutral,Neg_ctrl_Sample_67,0.128440230011202,53167,4.72565032393464,Sample_100_GSE162228
scPAS,Neutral,Neg_ctrl_Sample_68,-0.0253621927949956,53167,4.72565032393464,Sample_100_GSE162228
scPAS,Neutral,Neg_ctrl_Sample_69,0.0591227684676757,53167,4.72565032393464,Sample_100_GSE162228
scPAS,Neutral,Neg_ctrl_Sample_70,0.0499470975751586,53167,4.72565032393464,Sample_100_GSE162228
scPAS,Neutral,Neg_ctrl_Sample_71,0.322939056552062,53167,4.72565032393464,Sample_100_GSE162228
scPAS,Neutral,Neg_ctrl_Sample_72,0.126030964122607,53167,4.72565032393464,Sample_100_GSE162228
scPAS,Neutral,Neg_ctrl_Sample_73,-0.125167375896423,53167,4.72565032393464,Sample_100_GSE162228
scPAS,Neutral,Neg_ctrl_Sample_74,0.137639848718179,53167,4.72565032393464,Sample_100_GSE162228
scPAS,Neutral,Neg_ctrl_Sample_75,-0.129583826650842,53167,4.72565032393464,Sample_100_GSE162228
scPAS,Neutral,Neg_ctrl_Sample_76,-0.12015926024898,53167,4.72565032393464,Sample_100_GSE162228
scPAS,Neutral,Neg_ctrl_Sample_77,-0.0391384948130126,53167,4.72565032393464,Sample_100_GSE162228
scPAS,Neutral,Neg_ctrl_Sample_78,-0.0309743102507027,53167,4.72565032393464,Sample_100_GSE162228
scPAS,Neutral,Neg_ctrl_Sample_79,-0.0638175026979881,53167,4.72565032393464,Sample_100_GSE162228
scPAS,Neutral,Neg_ctrl_Sample_80,-0.0100480782193854,53167,4.72565032393464,Sample_100_GSE162228
scPAS,Neutral,Neg_ctrl_Sample_81,0.0260190892490817,53167,4.72565032393464,Sample_100_GSE162228
scPAS,Neutral,Neg_ctrl_Sample_82,0.0576391739494977,53167,4.72565032393464,Sample_100_GSE162228
scPAS,Neutral,Neg_ctrl_Sample_83,0.016746477308233,53167,4.72565032393464,Sample_100_GSE162228
scPAS,Neutral,Neg_ctrl_Sample_84,-0.205012283922632,53167,4.72565032393464,Sample_100_GSE162228
scPAS,Neutral,Neg_ctrl_Sample_85,-0.146769452168785,53167,4.72565032393464,Sample_100_GSE162228
scPAS,Neutral,Neg_ctrl_Sample_86,0.0412615937972407,53167,4.72565032393464,Sample_100_GSE162228
scPAS,Neutral,Neg_ctrl_Sample_87,-0.0259458520493906,53167,4.72565032393464,Sample_100_GSE162228
scPAS,Neutral,Neg_ctrl_Sample_88,0.150715597778685,53167,4.72565032393464,Sample_100_GSE162228
scPAS,Neutral,Neg_ctrl_Sample_89,0.084938340991942,53167,4.72565032393464,Sample_100_GSE162228
scPAS,Neutral,Neg_ctrl_Sample_90,0.0553146223317118,53167,4.72565032393464,Sample_100_GSE162228
scPAS,Neutral,Neg_ctrl_Sample_91,-0.143219789717084,53167,4.72565032393464,Sample_100_GSE162228
scPAS,Neutral,Neg_ctrl_Sample_92,0.00986397924608062,53167,4.72565032393464,Sample_100_GSE162228
scPAS,Neutral,Neg_ctrl_Sample_93,0.00307886013778191,53167,4.72565032393464,Sample_100_GSE162228
scPAS,Neutral,Neg_ctrl_Sample_94,0.174208597407119,53167,4.72565032393464,Sample_100_GSE162228
scPAS,Neutral,Neg_ctrl_Sample_95,-0.141107029852369,53167,4.72565032393464,Sample_100_GSE162228
scPAS,Neutral,Neg_ctrl_Sample_96,0.155748920793893,53167,4.72565032393464,Sample_100_GSE162228
scPAS,Neutral,Neg_ctrl_Sample_97,-0.0939047615569402,53167,4.72565032393464,Sample_100_GSE162228
scPAS,Neutral,Neg_ctrl_Sample_98,-0.135471476665947,53167,4.72565032393464,Sample_100_GSE162228
scPAS,Neutral,Neg_ctrl_Sample_99,-0.175233388714545,53167,4.72565032393464,Sample_100_GSE162228
scPAS,Neutral,Neg_ctrl_Sample_100,0.0219699442604024,53167,4.72565032393464,Sample_100_GSE162228
scPAS,Positive,Neg_ctrl_Sample_1,0.005592209128197,1483,3.17143390094301,Sample_100_GSE162228
scPAS,Positive,Neg_ctrl_Sample_2,0.00864455492704363,1483,3.17143390094301,Sample_100_GSE162228
scPAS,Positive,Neg_ctrl_Sample_3,0.010467430224284,1483,3.17143390094301,Sample_100_GSE162228
scPAS,Positive,Neg_ctrl_Sample_4,-0.185069324268431,1483,3.17143390094301,Sample_100_GSE162228
scPAS,Positive,Neg_ctrl_Sample_5,-0.0601389627179607,1483,3.17143390094301,Sample_100_GSE162228
scPAS,Positive,Neg_ctrl_Sample_6,-0.0303333876299276,1483,3.17143390094301,Sample_100_GSE162228
scPAS,Positive,Neg_ctrl_Sample_7,-0.00393908026389743,1483,3.17143390094301,Sample_100_GSE162228
scPAS,Positive,Neg_ctrl_Sample_8,-0.109325518267393,1483,3.17143390094301,Sample_100_GSE162228
scPAS,Positive,Neg_ctrl_Sample_9,0.0470039039783237,1483,3.17143390094301,Sample_100_GSE162228
scPAS,Positive,Neg_ctrl_Sample_10,0.0225514775583948,1483,3.17143390094301,Sample_100_GSE162228
scPAS,Positive,Neg_ctrl_Sample_11,0.126182479555354,1483,3.17143390094301,Sample_100_GSE162228
scPAS,Positive,Neg_ctrl_Sample_12,0.08329827743682,1483,3.17143390094301,Sample_100_GSE162228
scPAS,Positive,Neg_ctrl_Sample_13,-0.231030586451458,1483,3.17143390094301,Sample_100_GSE162228
scPAS,Positive,Neg_ctrl_Sample_14,0.237908206224171,1483,3.17143390094301,Sample_100_GSE162228
scPAS,Positive,Neg_ctrl_Sample_15,0.0399908471663206,1483,3.17143390094301,Sample_100_GSE162228
scPAS,Positive,Neg_ctrl_Sample_16,-0.128625157250562,1483,3.17143390094301,Sample_100_GSE162228
scPAS,Positive,Neg_ctrl_Sample_17,0.0996170581647275,1483,3.17143390094301,Sample_100_GSE162228
scPAS,Positive,Neg_ctrl_Sample_18,0.0595340470477466,1483,3.17143390094301,Sample_100_GSE162228
scPAS,Positive,Neg_ctrl_Sample_19,0.143046536575757,1483,3.17143390094301,Sample_100_GSE162228
scPAS,Positive,Neg_ctrl_Sample_20,0.327358609794509,1483,3.17143390094301,Sample_100_GSE162228
scPAS,Positive,Neg_ctrl_Sample_21,-0.0823622691721128,1483,3.17143390094301,Sample_100_GSE162228
scPAS,Positive,Neg_ctrl_Sample_22,0.0597949385273774,1483,3.17143390094301,Sample_100_GSE162228
scPAS,Positive,Neg_ctrl_Sample_23,0.184624844119331,1483,3.17143390094301,Sample_100_GSE162228
scPAS,Positive,Neg_ctrl_Sample_24,0.0366683265856747,1483,3.17143390094301,Sample_100_GSE162228
scPAS,Positive,Neg_ctrl_Sample_25,0.0941685269968172,1483,3.17143390094301,Sample_100_GSE162228
scPAS,Positive,Neg_ctrl_Sample_26,0.0601209368078981,1483,3.17143390094301,Sample_100_GSE162228
scPAS,Positive,Neg_ctrl_Sample_27,-0.0821897716715608,1483,3.17143390094301,Sample_100_GSE162228
scPAS,Positive,Neg_ctrl_Sample_28,0.236198339245631,1483,3.17143390094301,Sample_100_GSE162228
scPAS,Positive,Neg_ctrl_Sample_29,-0.0759895974766128,1483,3.17143390094301,Sample_100_GSE162228
scPAS,Positive,Neg_ctrl_Sample_30,0.142613158994345,1483,3.17143390094301,Sample_100_GSE162228
scPAS,Positive,Neg_ctrl_Sample_31,0.175078346736349,1483,3.17143390094301,Sample_100_GSE162228
scPAS,Positive,Neg_ctrl_Sample_32,0.0318541451821451,1483,3.17143390094301,Sample_100_GSE162228
scPAS,Positive,Neg_ctrl_Sample_33,0.0866530863581911,1483,3.17143390094301,Sample_100_GSE162228
scPAS,Positive,Neg_ctrl_Sample_34,0.181687457102372,1483,3.17143390094301,Sample_100_GSE162228
scPAS,Positive,Neg_ctrl_Sample_35,0.0111340526960352,1483,3.17143390094301,Sample_100_GSE162228
scPAS,Positive,Neg_ctrl_Sample_36,-0.123424869201243,1483,3.17143390094301,Sample_100_GSE162228
scPAS,Positive,Neg_ctrl_Sample_37,0.0657970279146928,1483,3.17143390094301,Sample_100_GSE162228
scPAS,Positive,Neg_ctrl_Sample_38,0.0964658534563374,1483,3.17143390094301,Sample_100_GSE162228
scPAS,Positive,Neg_ctrl_Sample_39,0.153689884537209,1483,3.17143390094301,Sample_100_GSE162228
scPAS,Positive,Neg_ctrl_Sample_40,0.0630891784351941,1483,3.17143390094301,Sample_100_GSE162228
scPAS,Positive,Neg_ctrl_Sample_41,0.0695844236326255,1483,3.17143390094301,Sample_100_GSE162228
scPAS,Positive,Neg_ctrl_Sample_42,0.0472323663674684,1483,3.17143390094301,Sample_100_GSE162228
scPAS,Positive,Neg_ctrl_Sample_43,0.0673013746835678,1483,3.17143390094301,Sample_100_GSE162228
scPAS,Positive,Neg_ctrl_Sample_44,-0.0977443241809119,1483,3.17143390094301,Sample_100_GSE162228
scPAS,Positive,Neg_ctrl_Sample_45,0.0652048495983072,1483,3.17143390094301,Sample_100_GSE162228
scPAS,Positive,Neg_ctrl_Sample_46,0.287883834797257,1483,3.17143390094301,Sample_100_GSE162228
scPAS,Positive,Neg_ctrl_Sample_47,0.220976057737671,1483,3.17143390094301,Sample_100_GSE162228
scPAS,Positive,Neg_ctrl_Sample_48,0.249864522659068,1483,3.17143390094301,Sample_100_GSE162228
scPAS,Positive,Neg_ctrl_Sample_49,0.283646243655827,1483,3.17143390094301,Sample_100_GSE162228
scPAS,Positive,Neg_ctrl_Sample_50,0.115121979661552,1483,3.17143390094301,Sample_100_GSE162228
scPAS,Positive,Neg_ctrl_Sample_51,-0.0645143912653153,1483,3.17143390094301,Sample_100_GSE162228
scPAS,Positive,Neg_ctrl_Sample_52,-0.00703404583694295,1483,3.17143390094301,Sample_100_GSE162228
scPAS,Positive,Neg_ctrl_Sample_53,-0.04500437354412,1483,3.17143390094301,Sample_100_GSE162228
scPAS,Positive,Neg_ctrl_Sample_54,0.163868409025248,1483,3.17143390094301,Sample_100_GSE162228
scPAS,Positive,Neg_ctrl_Sample_55,0.100320431965044,1483,3.17143390094301,Sample_100_GSE162228
scPAS,Positive,Neg_ctrl_Sample_56,0.042729618369429,1483,3.17143390094301,Sample_100_GSE162228
scPAS,Positive,Neg_ctrl_Sample_57,0.040540092453092,1483,3.17143390094301,Sample_100_GSE162228
scPAS,Positive,Neg_ctrl_Sample_58,-0.0313860837067352,1483,3.17143390094301,Sample_100_GSE162228
scPAS,Positive,Neg_ctrl_Sample_59,0.124676727921188,1483,3.17143390094301,Sample_100_GSE162228
scPAS,Positive,Neg_ctrl_Sample_60,-0.0312125950065596,1483,3.17143390094301,Sample_100_GSE162228
scPAS,Positive,Neg_ctrl_Sample_61,0.0816682979768923,1483,3.17143390094301,Sample_100_GSE162228
scPAS,Positive,Neg_ctrl_Sample_62,0.144663271262424,1483,3.17143390094301,Sample_100_GSE162228
scPAS,Positive,Neg_ctrl_Sample_63,0.165730309973483,1483,3.17143390094301,Sample_100_GSE162228
scPAS,Positive,Neg_ctrl_Sample_64,0.110892280315591,1483,3.17143390094301,Sample_100_GSE162228
scPAS,Positive,Neg_ctrl_Sample_65,-0.171359547727539,1483,3.17143390094301,Sample_100_GSE162228
scPAS,Positive,Neg_ctrl_Sample_66,0.0704951462673063,1483,3.17143390094301,Sample_100_GSE162228
scPAS,Positive,Neg_ctrl_Sample_67,0.13269664912161,1483,3.17143390094301,Sample_100_GSE162228
scPAS,Positive,Neg_ctrl_Sample_68,-0.0169978694227507,1483,3.17143390094301,Sample_100_GSE162228
scPAS,Positive,Neg_ctrl_Sample_69,0.0546609570269569,1483,3.17143390094301,Sample_100_GSE162228
scPAS,Positive,Neg_ctrl_Sample_70,0.0470408413837233,1483,3.17143390094301,Sample_100_GSE162228
scPAS,Positive,Neg_ctrl_Sample_71,0.356616487826606,1483,3.17143390094301,Sample_100_GSE162228
scPAS,Positive,Neg_ctrl_Sample_72,0.122380875616498,1483,3.17143390094301,Sample_100_GSE162228
scPAS,Positive,Neg_ctrl_Sample_73,-0.0812208845419205,1483,3.17143390094301,Sample_100_GSE162228
scPAS,Positive,Neg_ctrl_Sample_74,0.123006787535675,1483,3.17143390094301,Sample_100_GSE162228
scPAS,Positive,Neg_ctrl_Sample_75,-0.123414358166509,1483,3.17143390094301,Sample_100_GSE162228
scPAS,Positive,Neg_ctrl_Sample_76,-0.121325877426364,1483,3.17143390094301,Sample_100_GSE162228
scPAS,Positive,Neg_ctrl_Sample_77,-0.0517772295673336,1483,3.17143390094301,Sample_100_GSE162228
scPAS,Positive,Neg_ctrl_Sample_78,-0.0271307493729655,1483,3.17143390094301,Sample_100_GSE162228
scPAS,Positive,Neg_ctrl_Sample_79,-0.0536601421497109,1483,3.17143390094301,Sample_100_GSE162228
scPAS,Positive,Neg_ctrl_Sample_80,-0.00865581194346154,1483,3.17143390094301,Sample_100_GSE162228
scPAS,Positive,Neg_ctrl_Sample_81,0.0284231310558255,1483,3.17143390094301,Sample_100_GSE162228
scPAS,Positive,Neg_ctrl_Sample_82,0.0416872357221093,1483,3.17143390094301,Sample_100_GSE162228
scPAS,Positive,Neg_ctrl_Sample_83,0.0217672316826027,1483,3.17143390094301,Sample_100_GSE162228
scPAS,Positive,Neg_ctrl_Sample_84,-0.201729811873711,1483,3.17143390094301,Sample_100_GSE162228
scPAS,Positive,Neg_ctrl_Sample_85,-0.133169401001813,1483,3.17143390094301,Sample_100_GSE162228
scPAS,Positive,Neg_ctrl_Sample_86,0.027744126502766,1483,3.17143390094301,Sample_100_GSE162228
scPAS,Positive,Neg_ctrl_Sample_87,-0.0162093648751394,1483,3.17143390094301,Sample_100_GSE162228
scPAS,Positive,Neg_ctrl_Sample_88,0.147742157307999,1483,3.17143390094301,Sample_100_GSE162228
scPAS,Positive,Neg_ctrl_Sample_89,0.085612553685394,1483,3.17143390094301,Sample_100_GSE162228
scPAS,Positive,Neg_ctrl_Sample_90,0.0557709679468182,1483,3.17143390094301,Sample_100_GSE162228
scPAS,Positive,Neg_ctrl_Sample_91,-0.125405272165455,1483,3.17143390094301,Sample_100_GSE162228
scPAS,Positive,Neg_ctrl_Sample_92,0.00790060950909837,1483,3.17143390094301,Sample_100_GSE162228
scPAS,Positive,Neg_ctrl_Sample_93,0.00207634411770777,1483,3.17143390094301,Sample_100_GSE162228
scPAS,Positive,Neg_ctrl_Sample_94,0.182180184952036,1483,3.17143390094301,Sample_100_GSE162228
scPAS,Positive,Neg_ctrl_Sample_95,-0.0990934676683983,1483,3.17143390094301,Sample_100_GSE162228
scPAS,Positive,Neg_ctrl_Sample_96,0.145496921690306,1483,3.17143390094301,Sample_100_GSE162228
scPAS,Positive,Neg_ctrl_Sample_97,-0.100741742672093,1483,3.17143390094301,Sample_100_GSE162228
scPAS,Positive,Neg_ctrl_Sample_98,-0.140090665447915,1483,3.17143390094301,Sample_100_GSE162228
scPAS,Positive,Neg_ctrl_Sample_99,-0.154393027114125,1483,3.17143390094301,Sample_100_GSE162228
scPAS,Positive,Neg_ctrl_Sample_100,0.0326167215307137,1483,3.17143390094301,Sample_100_GSE162228
scPP,Negative,Neg_ctrl_Sample_1,-0.00813582067202324,2078,3.31785448933147,Sample_100_GSE162228
scPP,Negative,Neg_ctrl_Sample_2,0.0096052128985403,2078,3.31785448933147,Sample_100_GSE162228
scPP,Negative,Neg_ctrl_Sample_3,0.0113253077020488,2078,3.31785448933147,Sample_100_GSE162228
scPP,Negative,Neg_ctrl_Sample_4,-0.203758552639109,2078,3.31785448933147,Sample_100_GSE162228
scPP,Negative,Neg_ctrl_Sample_5,-0.104130316676858,2078,3.31785448933147,Sample_100_GSE162228
scPP,Negative,Neg_ctrl_Sample_6,-0.0596877849723259,2078,3.31785448933147,Sample_100_GSE162228
scPP,Negative,Neg_ctrl_Sample_7,-0.00292333645371361,2078,3.31785448933147,Sample_100_GSE162228
scPP,Negative,Neg_ctrl_Sample_8,-0.111951688467006,2078,3.31785448933147,Sample_100_GSE162228
scPP,Negative,Neg_ctrl_Sample_9,0.0745739882773135,2078,3.31785448933147,Sample_100_GSE162228
scPP,Negative,Neg_ctrl_Sample_10,0.010616272256773,2078,3.31785448933147,Sample_100_GSE162228
scPP,Negative,Neg_ctrl_Sample_11,0.121918718488072,2078,3.31785448933147,Sample_100_GSE162228
scPP,Negative,Neg_ctrl_Sample_12,0.0613533618660323,2078,3.31785448933147,Sample_100_GSE162228
scPP,Negative,Neg_ctrl_Sample_13,-0.249567668133033,2078,3.31785448933147,Sample_100_GSE162228
scPP,Negative,Neg_ctrl_Sample_14,0.222041224683757,2078,3.31785448933147,Sample_100_GSE162228
scPP,Negative,Neg_ctrl_Sample_15,0.0243630696733025,2078,3.31785448933147,Sample_100_GSE162228
scPP,Negative,Neg_ctrl_Sample_16,-0.17204474077819,2078,3.31785448933147,Sample_100_GSE162228
scPP,Negative,Neg_ctrl_Sample_17,0.0970214031292683,2078,3.31785448933147,Sample_100_GSE162228
scPP,Negative,Neg_ctrl_Sample_18,0.0664684756402426,2078,3.31785448933147,Sample_100_GSE162228
scPP,Negative,Neg_ctrl_Sample_19,0.124140395766905,2078,3.31785448933147,Sample_100_GSE162228
scPP,Negative,Neg_ctrl_Sample_20,0.312991678824056,2078,3.31785448933147,Sample_100_GSE162228
scPP,Negative,Neg_ctrl_Sample_21,-0.106528623035941,2078,3.31785448933147,Sample_100_GSE162228
scPP,Negative,Neg_ctrl_Sample_22,0.00976191802170969,2078,3.31785448933147,Sample_100_GSE162228
scPP,Negative,Neg_ctrl_Sample_23,0.177565706419389,2078,3.31785448933147,Sample_100_GSE162228
scPP,Negative,Neg_ctrl_Sample_24,0.01015836024723,2078,3.31785448933147,Sample_100_GSE162228
scPP,Negative,Neg_ctrl_Sample_25,0.115806632201729,2078,3.31785448933147,Sample_100_GSE162228
scPP,Negative,Neg_ctrl_Sample_26,0.0176178741341769,2078,3.31785448933147,Sample_100_GSE162228
scPP,Negative,Neg_ctrl_Sample_27,-0.0870738029369468,2078,3.31785448933147,Sample_100_GSE162228
scPP,Negative,Neg_ctrl_Sample_28,0.251417534282036,2078,3.31785448933147,Sample_100_GSE162228
scPP,Negative,Neg_ctrl_Sample_29,-0.0742601250003028,2078,3.31785448933147,Sample_100_GSE162228
scPP,Negative,Neg_ctrl_Sample_30,0.123221310276151,2078,3.31785448933147,Sample_100_GSE162228
scPP,Negative,Neg_ctrl_Sample_31,0.193236089466083,2078,3.31785448933147,Sample_100_GSE162228
scPP,Negative,Neg_ctrl_Sample_32,0.0220306281790238,2078,3.31785448933147,Sample_100_GSE162228
scPP,Negative,Neg_ctrl_Sample_33,0.0315213136163417,2078,3.31785448933147,Sample_100_GSE162228
scPP,Negative,Neg_ctrl_Sample_34,0.181075233619954,2078,3.31785448933147,Sample_100_GSE162228
scPP,Negative,Neg_ctrl_Sample_35,0.0250187550514266,2078,3.31785448933147,Sample_100_GSE162228
scPP,Negative,Neg_ctrl_Sample_36,-0.158610206546216,2078,3.31785448933147,Sample_100_GSE162228
scPP,Negative,Neg_ctrl_Sample_37,0.0429240491986772,2078,3.31785448933147,Sample_100_GSE162228
scPP,Negative,Neg_ctrl_Sample_38,0.118132342727498,2078,3.31785448933147,Sample_100_GSE162228
scPP,Negative,Neg_ctrl_Sample_39,0.143442898469166,2078,3.31785448933147,Sample_100_GSE162228
scPP,Negative,Neg_ctrl_Sample_40,0.0596064635247909,2078,3.31785448933147,Sample_100_GSE162228
scPP,Negative,Neg_ctrl_Sample_41,0.0683551835916992,2078,3.31785448933147,Sample_100_GSE162228
scPP,Negative,Neg_ctrl_Sample_42,0.0553705772720049,2078,3.31785448933147,Sample_100_GSE162228
scPP,Negative,Neg_ctrl_Sample_43,0.0523189971031925,2078,3.31785448933147,Sample_100_GSE162228
scPP,Negative,Neg_ctrl_Sample_44,-0.153314369855827,2078,3.31785448933147,Sample_100_GSE162228
scPP,Negative,Neg_ctrl_Sample_45,0.0530649171889884,2078,3.31785448933147,Sample_100_GSE162228
scPP,Negative,Neg_ctrl_Sample_46,0.288836269875944,2078,3.31785448933147,Sample_100_GSE162228
scPP,Negative,Neg_ctrl_Sample_47,0.197085732999153,2078,3.31785448933147,Sample_100_GSE162228
scPP,Negative,Neg_ctrl_Sample_48,0.259219905917209,2078,3.31785448933147,Sample_100_GSE162228
scPP,Negative,Neg_ctrl_Sample_49,0.242827691476711,2078,3.31785448933147,Sample_100_GSE162228
scPP,Negative,Neg_ctrl_Sample_50,0.117020709378025,2078,3.31785448933147,Sample_100_GSE162228
scPP,Negative,Neg_ctrl_Sample_51,-0.123290298737262,2078,3.31785448933147,Sample_100_GSE162228
scPP,Negative,Neg_ctrl_Sample_52,-0.0202842810760326,2078,3.31785448933147,Sample_100_GSE162228
scPP,Negative,Neg_ctrl_Sample_53,-0.0456165975954799,2078,3.31785448933147,Sample_100_GSE162228
scPP,Negative,Neg_ctrl_Sample_54,0.144110960792849,2078,3.31785448933147,Sample_100_GSE162228
scPP,Negative,Neg_ctrl_Sample_55,0.0980097714534916,2078,3.31785448933147,Sample_100_GSE162228
scPP,Negative,Neg_ctrl_Sample_56,0.0345789244751233,2078,3.31785448933147,Sample_100_GSE162228
scPP,Negative,Neg_ctrl_Sample_57,0.0400554902757283,2078,3.31785448933147,Sample_100_GSE162228
scPP,Negative,Neg_ctrl_Sample_58,-0.00155308271138469,2078,3.31785448933147,Sample_100_GSE162228
scPP,Negative,Neg_ctrl_Sample_59,0.143430152507685,2078,3.31785448933147,Sample_100_GSE162228
scPP,Negative,Neg_ctrl_Sample_60,-0.0320263079925754,2078,3.31785448933147,Sample_100_GSE162228
scPP,Negative,Neg_ctrl_Sample_61,0.0932507758620722,2078,3.31785448933147,Sample_100_GSE162228
scPP,Negative,Neg_ctrl_Sample_62,0.152534688312894,2078,3.31785448933147,Sample_100_GSE162228
scPP,Negative,Neg_ctrl_Sample_63,0.135547650616159,2078,3.31785448933147,Sample_100_GSE162228
scPP,Negative,Neg_ctrl_Sample_64,0.0637609534550757,2078,3.31785448933147,Sample_100_GSE162228
scPP,Negative,Neg_ctrl_Sample_65,-0.196104420861547,2078,3.31785448933147,Sample_100_GSE162228
scPP,Negative,Neg_ctrl_Sample_66,0.0489318517050911,2078,3.31785448933147,Sample_100_GSE162228
scPP,Negative,Neg_ctrl_Sample_67,0.11510316568551,2078,3.31785448933147,Sample_100_GSE162228
scPP,Negative,Neg_ctrl_Sample_68,-0.0317181483895254,2078,3.31785448933147,Sample_100_GSE162228
scPP,Negative,Neg_ctrl_Sample_69,0.0513271207101227,2078,3.31785448933147,Sample_100_GSE162228
scPP,Negative,Neg_ctrl_Sample_70,0.0514844994983758,2078,3.31785448933147,Sample_100_GSE162228
scPP,Negative,Neg_ctrl_Sample_71,0.301656485282896,2078,3.31785448933147,Sample_100_GSE162228
scPP,Negative,Neg_ctrl_Sample_72,0.123930444099117,2078,3.31785448933147,Sample_100_GSE162228
scPP,Negative,Neg_ctrl_Sample_73,-0.148942110167136,2078,3.31785448933147,Sample_100_GSE162228
scPP,Negative,Neg_ctrl_Sample_74,0.138102590913606,2078,3.31785448933147,Sample_100_GSE162228
scPP,Negative,Neg_ctrl_Sample_75,-0.146744127223043,2078,3.31785448933147,Sample_100_GSE162228
scPP,Negative,Neg_ctrl_Sample_76,-0.133322229379364,2078,3.31785448933147,Sample_100_GSE162228
scPP,Negative,Neg_ctrl_Sample_77,-0.0434053113203408,2078,3.31785448933147,Sample_100_GSE162228
scPP,Negative,Neg_ctrl_Sample_78,-0.03528209831565,2078,3.31785448933147,Sample_100_GSE162228
scPP,Negative,Neg_ctrl_Sample_79,-0.0712069844062364,2078,3.31785448933147,Sample_100_GSE162228
scPP,Negative,Neg_ctrl_Sample_80,-0.00436182947997668,2078,3.31785448933147,Sample_100_GSE162228
scPP,Negative,Neg_ctrl_Sample_81,0.0293850527683267,2078,3.31785448933147,Sample_100_GSE162228
scPP,Negative,Neg_ctrl_Sample_82,0.0640524884069309,2078,3.31785448933147,Sample_100_GSE162228
scPP,Negative,Neg_ctrl_Sample_83,0.00400243371153065,2078,3.31785448933147,Sample_100_GSE162228
scPP,Negative,Neg_ctrl_Sample_84,-0.217661158375967,2078,3.31785448933147,Sample_100_GSE162228
scPP,Negative,Neg_ctrl_Sample_85,-0.163622840243093,2078,3.31785448933147,Sample_100_GSE162228
scPP,Negative,Neg_ctrl_Sample_86,0.0420079927109555,2078,3.31785448933147,Sample_100_GSE162228
scPP,Negative,Neg_ctrl_Sample_87,-0.0403071776647231,2078,3.31785448933147,Sample_100_GSE162228
scPP,Negative,Neg_ctrl_Sample_88,0.142079385026809,2078,3.31785448933147,Sample_100_GSE162228
scPP,Negative,Neg_ctrl_Sample_89,0.0882251472177661,2078,3.31785448933147,Sample_100_GSE162228
scPP,Negative,Neg_ctrl_Sample_90,0.042835950102695,2078,3.31785448933147,Sample_100_GSE162228
scPP,Negative,Neg_ctrl_Sample_91,-0.161932280620212,2078,3.31785448933147,Sample_100_GSE162228
scPP,Negative,Neg_ctrl_Sample_92,0.0121849751245907,2078,3.31785448933147,Sample_100_GSE162228
scPP,Negative,Neg_ctrl_Sample_93,-0.00103183886862424,2078,3.31785448933147,Sample_100_GSE162228
scPP,Negative,Neg_ctrl_Sample_94,0.167373468957013,2078,3.31785448933147,Sample_100_GSE162228
scPP,Negative,Neg_ctrl_Sample_95,-0.163446273329131,2078,3.31785448933147,Sample_100_GSE162228
scPP,Negative,Neg_ctrl_Sample_96,0.154530287187227,2078,3.31785448933147,Sample_100_GSE162228
scPP,Negative,Neg_ctrl_Sample_97,-0.0924535638268367,2078,3.31785448933147,Sample_100_GSE162228
scPP,Negative,Neg_ctrl_Sample_98,-0.138085014079806,2078,3.31785448933147,Sample_100_GSE162228
scPP,Negative,Neg_ctrl_Sample_99,-0.190751238096827,2078,3.31785448933147,Sample_100_GSE162228
scPP,Negative,Neg_ctrl_Sample_100,0.0127537258993067,2078,3.31785448933147,Sample_100_GSE162228
scPP,Neutral,Neg_ctrl_Sample_1,-0.00187230431596993,50998,4.70756166043637,Sample_100_GSE162228
scPP,Neutral,Neg_ctrl_Sample_2,0.0110450840396631,50998,4.70756166043637,Sample_100_GSE162228
scPP,Neutral,Neg_ctrl_Sample_3,0.0125911086090775,50998,4.70756166043637,Sample_100_GSE162228
scPP,Neutral,Neg_ctrl_Sample_4,-0.196166486667007,50998,4.70756166043637,Sample_100_GSE162228
scPP,Neutral,Neg_ctrl_Sample_5,-0.0806188459588386,50998,4.70756166043637,Sample_100_GSE162228
scPP,Neutral,Neg_ctrl_Sample_6,-0.0441900520036978,50998,4.70756166043637,Sample_100_GSE162228
scPP,Neutral,Neg_ctrl_Sample_7,0.00202353312396448,50998,4.70756166043637,Sample_100_GSE162228
scPP,Neutral,Neg_ctrl_Sample_8,-0.109185163753062,50998,4.70756166043637,Sample_100_GSE162228
scPP,Neutral,Neg_ctrl_Sample_9,0.0611631883153399,50998,4.70756166043637,Sample_100_GSE162228
scPP,Neutral,Neg_ctrl_Sample_10,0.0227674430847691,50998,4.70756166043637,Sample_100_GSE162228
scPP,Neutral,Neg_ctrl_Sample_11,0.129874713351098,50998,4.70756166043637,Sample_100_GSE162228
scPP,Neutral,Neg_ctrl_Sample_12,0.0749942796903368,50998,4.70756166043637,Sample_100_GSE162228
scPP,Neutral,Neg_ctrl_Sample_13,-0.233879973395657,50998,4.70756166043637,Sample_100_GSE162228
scPP,Neutral,Neg_ctrl_Sample_14,0.228237897105655,50998,4.70756166043637,Sample_100_GSE162228
scPP,Neutral,Neg_ctrl_Sample_15,0.0383475486051049,50998,4.70756166043637,Sample_100_GSE162228
scPP,Neutral,Neg_ctrl_Sample_16,-0.146998422232874,50998,4.70756166043637,Sample_100_GSE162228
scPP,Neutral,Neg_ctrl_Sample_17,0.101036562238191,50998,4.70756166043637,Sample_100_GSE162228
scPP,Neutral,Neg_ctrl_Sample_18,0.0549865186631765,50998,4.70756166043637,Sample_100_GSE162228
scPP,Neutral,Neg_ctrl_Sample_19,0.13393312138177,50998,4.70756166043637,Sample_100_GSE162228
scPP,Neutral,Neg_ctrl_Sample_20,0.315405833010877,50998,4.70756166043637,Sample_100_GSE162228
scPP,Neutral,Neg_ctrl_Sample_21,-0.0950516712469608,50998,4.70756166043637,Sample_100_GSE162228
scPP,Neutral,Neg_ctrl_Sample_22,0.0409435593262941,50998,4.70756166043637,Sample_100_GSE162228
scPP,Neutral,Neg_ctrl_Sample_23,0.179375904007611,50998,4.70756166043637,Sample_100_GSE162228
scPP,Neutral,Neg_ctrl_Sample_24,0.0228938059615897,50998,4.70756166043637,Sample_100_GSE162228
scPP,Neutral,Neg_ctrl_Sample_25,0.10247111042521,50998,4.70756166043637,Sample_100_GSE162228
scPP,Neutral,Neg_ctrl_Sample_26,0.0427956684788669,50998,4.70756166043637,Sample_100_GSE162228
scPP,Neutral,Neg_ctrl_Sample_27,-0.0817499801550209,50998,4.70756166043637,Sample_100_GSE162228
scPP,Neutral,Neg_ctrl_Sample_28,0.246728092694025,50998,4.70756166043637,Sample_100_GSE162228
scPP,Neutral,Neg_ctrl_Sample_29,-0.0697533988526058,50998,4.70756166043637,Sample_100_GSE162228
scPP,Neutral,Neg_ctrl_Sample_30,0.136266845853084,50998,4.70756166043637,Sample_100_GSE162228
scPP,Neutral,Neg_ctrl_Sample_31,0.183852037466428,50998,4.70756166043637,Sample_100_GSE162228
scPP,Neutral,Neg_ctrl_Sample_32,0.0312410664247771,50998,4.70756166043637,Sample_100_GSE162228
scPP,Neutral,Neg_ctrl_Sample_33,0.0556265263586014,50998,4.70756166043637,Sample_100_GSE162228
scPP,Neutral,Neg_ctrl_Sample_34,0.184758517111907,50998,4.70756166043637,Sample_100_GSE162228
scPP,Neutral,Neg_ctrl_Sample_35,0.0177777898944806,50998,4.70756166043637,Sample_100_GSE162228
scPP,Neutral,Neg_ctrl_Sample_36,-0.146258410046709,50998,4.70756166043637,Sample_100_GSE162228
scPP,Neutral,Neg_ctrl_Sample_37,0.0488101939644125,50998,4.70756166043637,Sample_100_GSE162228
scPP,Neutral,Neg_ctrl_Sample_38,0.107843560779887,50998,4.70756166043637,Sample_100_GSE162228
scPP,Neutral,Neg_ctrl_Sample_39,0.14557563924027,50998,4.70756166043637,Sample_100_GSE162228
scPP,Neutral,Neg_ctrl_Sample_40,0.060837476906644,50998,4.70756166043637,Sample_100_GSE162228
scPP,Neutral,Neg_ctrl_Sample_41,0.0684990503702349,50998,4.70756166043637,Sample_100_GSE162228
scPP,Neutral,Neg_ctrl_Sample_42,0.0566473739700381,50998,4.70756166043637,Sample_100_GSE162228
scPP,Neutral,Neg_ctrl_Sample_43,0.0604479627247224,50998,4.70756166043637,Sample_100_GSE162228
scPP,Neutral,Neg_ctrl_Sample_44,-0.125361939694016,50998,4.70756166043637,Sample_100_GSE162228
scPP,Neutral,Neg_ctrl_Sample_45,0.0682197865556492,50998,4.70756166043637,Sample_100_GSE162228
scPP,Neutral,Neg_ctrl_Sample_46,0.29166784936885,50998,4.70756166043637,Sample_100_GSE162228
scPP,Neutral,Neg_ctrl_Sample_47,0.21100665725382,50998,4.70756166043637,Sample_100_GSE162228
scPP,Neutral,Neg_ctrl_Sample_48,0.253632342459835,50998,4.70756166043637,Sample_100_GSE162228
scPP,Neutral,Neg_ctrl_Sample_49,0.261096833394644,50998,4.70756166043637,Sample_100_GSE162228
scPP,Neutral,Neg_ctrl_Sample_50,0.116886957813743,50998,4.70756166043637,Sample_100_GSE162228
scPP,Neutral,Neg_ctrl_Sample_51,-0.099980826259417,50998,4.70756166043637,Sample_100_GSE162228
scPP,Neutral,Neg_ctrl_Sample_52,-0.0128872443627662,50998,4.70756166043637,Sample_100_GSE162228
scPP,Neutral,Neg_ctrl_Sample_53,-0.036097545802634,50998,4.70756166043637,Sample_100_GSE162228
scPP,Neutral,Neg_ctrl_Sample_54,0.156780043672044,50998,4.70756166043637,Sample_100_GSE162228
scPP,Neutral,Neg_ctrl_Sample_55,0.0986677228478516,50998,4.70756166043637,Sample_100_GSE162228
scPP,Neutral,Neg_ctrl_Sample_56,0.0441912865278964,50998,4.70756166043637,Sample_100_GSE162228
scPP,Neutral,Neg_ctrl_Sample_57,0.0436467894070247,50998,4.70756166043637,Sample_100_GSE162228
scPP,Neutral,Neg_ctrl_Sample_58,-0.0126411828063624,50998,4.70756166043637,Sample_100_GSE162228
scPP,Neutral,Neg_ctrl_Sample_59,0.132139076185455,50998,4.70756166043637,Sample_100_GSE162228
scPP,Neutral,Neg_ctrl_Sample_60,-0.0273569399925522,50998,4.70756166043637,Sample_100_GSE162228
scPP,Neutral,Neg_ctrl_Sample_61,0.0901736851590398,50998,4.70756166043637,Sample_100_GSE162228
scPP,Neutral,Neg_ctrl_Sample_62,0.157281325935315,50998,4.70756166043637,Sample_100_GSE162228
scPP,Neutral,Neg_ctrl_Sample_63,0.158289341478153,50998,4.70756166043637,Sample_100_GSE162228
scPP,Neutral,Neg_ctrl_Sample_64,0.0848345574320794,50998,4.70756166043637,Sample_100_GSE162228
scPP,Neutral,Neg_ctrl_Sample_65,-0.189928059430695,50998,4.70756166043637,Sample_100_GSE162228
scPP,Neutral,Neg_ctrl_Sample_66,0.0633508468997428,50998,4.70756166043637,Sample_100_GSE162228
scPP,Neutral,Neg_ctrl_Sample_67,0.129056474897777,50998,4.70756166043637,Sample_100_GSE162228
scPP,Neutral,Neg_ctrl_Sample_68,-0.0251045644846744,50998,4.70756166043637,Sample_100_GSE162228
scPP,Neutral,Neg_ctrl_Sample_69,0.0593588091232494,50998,4.70756166043637,Sample_100_GSE162228
scPP,Neutral,Neg_ctrl_Sample_70,0.0499594182478476,50998,4.70756166043637,Sample_100_GSE162228
scPP,Neutral,Neg_ctrl_Sample_71,0.324268800023189,50998,4.70756166043637,Sample_100_GSE162228
scPP,Neutral,Neg_ctrl_Sample_72,0.126026358229459,50998,4.70756166043637,Sample_100_GSE162228
scPP,Neutral,Neg_ctrl_Sample_73,-0.123651010338536,50998,4.70756166043637,Sample_100_GSE162228
scPP,Neutral,Neg_ctrl_Sample_74,0.137380414111912,50998,4.70756166043637,Sample_100_GSE162228
scPP,Neutral,Neg_ctrl_Sample_75,-0.128947251892365,50998,4.70756166043637,Sample_100_GSE162228
scPP,Neutral,Neg_ctrl_Sample_76,-0.119727945153931,50998,4.70756166043637,Sample_100_GSE162228
scPP,Neutral,Neg_ctrl_Sample_77,-0.0392142048069346,50998,4.70756166043637,Sample_100_GSE162228
scPP,Neutral,Neg_ctrl_Sample_78,-0.0308050973312076,50998,4.70756166043637,Sample_100_GSE162228
scPP,Neutral,Neg_ctrl_Sample_79,-0.063322621893464,50998,4.70756166043637,Sample_100_GSE162228
scPP,Neutral,Neg_ctrl_Sample_80,-0.010261601853933,50998,4.70756166043637,Sample_100_GSE162228
scPP,Neutral,Neg_ctrl_Sample_81,0.025868575857849,50998,4.70756166043637,Sample_100_GSE162228
scPP,Neutral,Neg_ctrl_Sample_82,0.0572562793461389,50998,4.70756166043637,Sample_100_GSE162228
scPP,Neutral,Neg_ctrl_Sample_83,0.0172920516871595,50998,4.70756166043637,Sample_100_GSE162228
scPP,Neutral,Neg_ctrl_Sample_84,-0.204575215677882,50998,4.70756166043637,Sample_100_GSE162228
scPP,Neutral,Neg_ctrl_Sample_85,-0.14596459246103,50998,4.70756166043637,Sample_100_GSE162228
scPP,Neutral,Neg_ctrl_Sample_86,0.0409155293618293,50998,4.70756166043637,Sample_100_GSE162228
scPP,Neutral,Neg_ctrl_Sample_87,-0.0252814014580913,50998,4.70756166043637,Sample_100_GSE162228
scPP,Neutral,Neg_ctrl_Sample_88,0.150941075099876,50998,4.70756166043637,Sample_100_GSE162228
scPP,Neutral,Neg_ctrl_Sample_89,0.0847676540373897,50998,4.70756166043637,Sample_100_GSE162228
scPP,Neutral,Neg_ctrl_Sample_90,0.0557723573990666,50998,4.70756166043637,Sample_100_GSE162228
scPP,Neutral,Neg_ctrl_Sample_91,-0.142255285235997,50998,4.70756166043637,Sample_100_GSE162228
scPP,Neutral,Neg_ctrl_Sample_92,0.00968004975528106,50998,4.70756166043637,Sample_100_GSE162228
scPP,Neutral,Neg_ctrl_Sample_93,0.00314920777363772,50998,4.70756166043637,Sample_100_GSE162228
scPP,Neutral,Neg_ctrl_Sample_94,0.17457795545754,50998,4.70756166043637,Sample_100_GSE162228
scPP,Neutral,Neg_ctrl_Sample_95,-0.13953955846533,50998,4.70756166043637,Sample_100_GSE162228
scPP,Neutral,Neg_ctrl_Sample_96,0.155515801277,50998,4.70756166043637,Sample_100_GSE162228
scPP,Neutral,Neg_ctrl_Sample_97,-0.094134770350177,50998,4.70756166043637,Sample_100_GSE162228
scPP,Neutral,Neg_ctrl_Sample_98,-0.135426261154949,50998,4.70756166043637,Sample_100_GSE162228
scPP,Neutral,Neg_ctrl_Sample_99,-0.174441252523868,50998,4.70756166043637,Sample_100_GSE162228
scPP,Neutral,Neg_ctrl_Sample_100,0.0222940966601429,50998,4.70756166043637,Sample_100_GSE162228
scPP,Positive,Neg_ctrl_Sample_1,0.00268101296072781,1574,3.19728055812562,Sample_100_GSE162228
scPP,Positive,Neg_ctrl_Sample_2,0.0130263376988713,1574,3.19728055812562,Sample_100_GSE162228
scPP,Positive,Neg_ctrl_Sample_3,0.019281906773733,1574,3.19728055812562,Sample_100_GSE162228
scPP,Positive,Neg_ctrl_Sample_4,-0.18477335776012,1574,3.19728055812562,Sample_100_GSE162228
scPP,Positive,Neg_ctrl_Sample_5,-0.0674694642133911,1574,3.19728055812562,Sample_100_GSE162228
scPP,Positive,Neg_ctrl_Sample_6,-0.0337141541010055,1574,3.19728055812562,Sample_100_GSE162228
scPP,Positive,Neg_ctrl_Sample_7,0.00235265416617866,1574,3.19728055812562,Sample_100_GSE162228
scPP,Positive,Neg_ctrl_Sample_8,-0.105587440864529,1574,3.19728055812562,Sample_100_GSE162228
scPP,Positive,Neg_ctrl_Sample_9,0.0517061045434295,1574,3.19728055812562,Sample_100_GSE162228
scPP,Positive,Neg_ctrl_Sample_10,0.0237270371809154,1574,3.19728055812562,Sample_100_GSE162228
scPP,Positive,Neg_ctrl_Sample_11,0.126387185261442,1574,3.19728055812562,Sample_100_GSE162228
scPP,Positive,Neg_ctrl_Sample_12,0.0804895860393532,1574,3.19728055812562,Sample_100_GSE162228
scPP,Positive,Neg_ctrl_Sample_13,-0.225340385093338,1574,3.19728055812562,Sample_100_GSE162228
scPP,Positive,Neg_ctrl_Sample_14,0.23484106678825,1574,3.19728055812562,Sample_100_GSE162228
scPP,Positive,Neg_ctrl_Sample_15,0.036869055126334,1574,3.19728055812562,Sample_100_GSE162228
scPP,Positive,Neg_ctrl_Sample_16,-0.135600571829232,1574,3.19728055812562,Sample_100_GSE162228
scPP,Positive,Neg_ctrl_Sample_17,0.0984854561850638,1574,3.19728055812562,Sample_100_GSE162228
scPP,Positive,Neg_ctrl_Sample_18,0.0577790543461453,1574,3.19728055812562,Sample_100_GSE162228
scPP,Positive,Neg_ctrl_Sample_19,0.141322714371797,1574,3.19728055812562,Sample_100_GSE162228
scPP,Positive,Neg_ctrl_Sample_20,0.319990261567598,1574,3.19728055812562,Sample_100_GSE162228
scPP,Positive,Neg_ctrl_Sample_21,-0.0861661801016427,1574,3.19728055812562,Sample_100_GSE162228
scPP,Positive,Neg_ctrl_Sample_22,0.0516813579007644,1574,3.19728055812562,Sample_100_GSE162228
scPP,Positive,Neg_ctrl_Sample_23,0.184283004194883,1574,3.19728055812562,Sample_100_GSE162228
scPP,Positive,Neg_ctrl_Sample_24,0.0327324772629126,1574,3.19728055812562,Sample_100_GSE162228
scPP,Positive,Neg_ctrl_Sample_25,0.102159900930487,1574,3.19728055812562,Sample_100_GSE162228
scPP,Positive,Neg_ctrl_Sample_26,0.0613105995661949,1574,3.19728055812562,Sample_100_GSE162228
scPP,Positive,Neg_ctrl_Sample_27,-0.0757658687751755,1574,3.19728055812562,Sample_100_GSE162228
scPP,Positive,Neg_ctrl_Sample_28,0.238770477006284,1574,3.19728055812562,Sample_100_GSE162228
scPP,Positive,Neg_ctrl_Sample_29,-0.0706331648134555,1574,3.19728055812562,Sample_100_GSE162228
scPP,Positive,Neg_ctrl_Sample_30,0.143051815710116,1574,3.19728055812562,Sample_100_GSE162228
scPP,Positive,Neg_ctrl_Sample_31,0.176579944696687,1574,3.19728055812562,Sample_100_GSE162228
scPP,Positive,Neg_ctrl_Sample_32,0.032056103358277,1574,3.19728055812562,Sample_100_GSE162228
scPP,Positive,Neg_ctrl_Sample_33,0.0748218469781681,1574,3.19728055812562,Sample_100_GSE162228
scPP,Positive,Neg_ctrl_Sample_34,0.184954220403319,1574,3.19728055812562,Sample_100_GSE162228
scPP,Positive,Neg_ctrl_Sample_35,0.0162654175444876,1574,3.19728055812562,Sample_100_GSE162228
scPP,Positive,Neg_ctrl_Sample_36,-0.13697526110867,1574,3.19728055812562,Sample_100_GSE162228
scPP,Positive,Neg_ctrl_Sample_37,0.0593977900755,1574,3.19728055812562,Sample_100_GSE162228
scPP,Positive,Neg_ctrl_Sample_38,0.1082720501871,1574,3.19728055812562,Sample_100_GSE162228
scPP,Positive,Neg_ctrl_Sample_39,0.154180881240284,1574,3.19728055812562,Sample_100_GSE162228
scPP,Positive,Neg_ctrl_Sample_40,0.060952331381037,1574,3.19728055812562,Sample_100_GSE162228
scPP,Positive,Neg_ctrl_Sample_41,0.0691578985285388,1574,3.19728055812562,Sample_100_GSE162228
scPP,Positive,Neg_ctrl_Sample_42,0.0550038949706289,1574,3.19728055812562,Sample_100_GSE162228
scPP,Positive,Neg_ctrl_Sample_43,0.0654544460312467,1574,3.19728055812562,Sample_100_GSE162228
scPP,Positive,Neg_ctrl_Sample_44,-0.106869109725133,1574,3.19728055812562,Sample_100_GSE162228
scPP,Positive,Neg_ctrl_Sample_45,0.0724903364922325,1574,3.19728055812562,Sample_100_GSE162228
scPP,Positive,Neg_ctrl_Sample_46,0.287472053636586,1574,3.19728055812562,Sample_100_GSE162228
scPP,Positive,Neg_ctrl_Sample_47,0.219610402233738,1574,3.19728055812562,Sample_100_GSE162228
scPP,Positive,Neg_ctrl_Sample_48,0.252964486189321,1574,3.19728055812562,Sample_100_GSE162228
scPP,Positive,Neg_ctrl_Sample_49,0.27356403385968,1574,3.19728055812562,Sample_100_GSE162228
scPP,Positive,Neg_ctrl_Sample_50,0.116106141375627,1574,3.19728055812562,Sample_100_GSE162228
scPP,Positive,Neg_ctrl_Sample_51,-0.0786274243690575,1574,3.19728055812562,Sample_100_GSE162228
scPP,Positive,Neg_ctrl_Sample_52,-0.00959352833760384,1574,3.19728055812562,Sample_100_GSE162228
scPP,Positive,Neg_ctrl_Sample_53,-0.0405324066027403,1574,3.19728055812562,Sample_100_GSE162228
scPP,Positive,Neg_ctrl_Sample_54,0.159408867190005,1574,3.19728055812562,Sample_100_GSE162228
scPP,Positive,Neg_ctrl_Sample_55,0.0974236940854052,1574,3.19728055812562,Sample_100_GSE162228
scPP,Positive,Neg_ctrl_Sample_56,0.0480331553162214,1574,3.19728055812562,Sample_100_GSE162228
scPP,Positive,Neg_ctrl_Sample_57,0.0437440503560696,1574,3.19728055812562,Sample_100_GSE162228
scPP,Positive,Neg_ctrl_Sample_58,-0.0248849733069482,1574,3.19728055812562,Sample_100_GSE162228
scPP,Positive,Neg_ctrl_Sample_59,0.129776826065836,1574,3.19728055812562,Sample_100_GSE162228
scPP,Positive,Neg_ctrl_Sample_60,-0.0257001471255292,1574,3.19728055812562,Sample_100_GSE162228
scPP,Positive,Neg_ctrl_Sample_61,0.0881984143788992,1574,3.19728055812562,Sample_100_GSE162228
scPP,Positive,Neg_ctrl_Sample_62,0.153454513027125,1574,3.19728055812562,Sample_100_GSE162228
scPP,Positive,Neg_ctrl_Sample_63,0.162564296215219,1574,3.19728055812562,Sample_100_GSE162228
scPP,Positive,Neg_ctrl_Sample_64,0.102482304270135,1574,3.19728055812562,Sample_100_GSE162228
scPP,Positive,Neg_ctrl_Sample_65,-0.180970823015483,1574,3.19728055812562,Sample_100_GSE162228
scPP,Positive,Neg_ctrl_Sample_66,0.0679207289307701,1574,3.19728055812562,Sample_100_GSE162228
scPP,Positive,Neg_ctrl_Sample_67,0.130091711894268,1574,3.19728055812562,Sample_100_GSE162228
scPP,Positive,Neg_ctrl_Sample_68,-0.0174375176255442,1574,3.19728055812562,Sample_100_GSE162228
scPP,Positive,Neg_ctrl_Sample_69,0.057562977057673,1574,3.19728055812562,Sample_100_GSE162228
scPP,Positive,Neg_ctrl_Sample_70,0.0447799890655408,1574,3.19728055812562,Sample_100_GSE162228
scPP,Positive,Neg_ctrl_Sample_71,0.339682738977125,1574,3.19728055812562,Sample_100_GSE162228
scPP,Positive,Neg_ctrl_Sample_72,0.125514249188041,1574,3.19728055812562,Sample_100_GSE162228
scPP,Positive,Neg_ctrl_Sample_73,-0.101504775024669,1574,3.19728055812562,Sample_100_GSE162228
scPP,Positive,Neg_ctrl_Sample_74,0.13164762383549,1574,3.19728055812562,Sample_100_GSE162228
scPP,Positive,Neg_ctrl_Sample_75,-0.12174114125152,1574,3.19728055812562,Sample_100_GSE162228
scPP,Positive,Neg_ctrl_Sample_76,-0.117855353411874,1574,3.19728055812562,Sample_100_GSE162228
scPP,Positive,Neg_ctrl_Sample_77,-0.0429604393291478,1574,3.19728055812562,Sample_100_GSE162228
scPP,Positive,Neg_ctrl_Sample_78,-0.0271483484259058,1574,3.19728055812562,Sample_100_GSE162228
scPP,Positive,Neg_ctrl_Sample_79,-0.0605260303894052,1574,3.19728055812562,Sample_100_GSE162228
scPP,Positive,Neg_ctrl_Sample_80,-0.00932508945104843,1574,3.19728055812562,Sample_100_GSE162228
scPP,Positive,Neg_ctrl_Sample_81,0.0287170585835734,1574,3.19728055812562,Sample_100_GSE162228
scPP,Positive,Neg_ctrl_Sample_82,0.0465484923410624,1574,3.19728055812562,Sample_100_GSE162228
scPP,Positive,Neg_ctrl_Sample_83,0.020624939287042,1574,3.19728055812562,Sample_100_GSE162228
scPP,Positive,Neg_ctrl_Sample_84,-0.199381622666665,1574,3.19728055812562,Sample_100_GSE162228
scPP,Positive,Neg_ctrl_Sample_85,-0.137783441417228,1574,3.19728055812562,Sample_100_GSE162228
scPP,Positive,Neg_ctrl_Sample_86,0.0387528092589317,1574,3.19728055812562,Sample_100_GSE162228
scPP,Positive,Neg_ctrl_Sample_87,-0.0193407733626155,1574,3.19728055812562,Sample_100_GSE162228
scPP,Positive,Neg_ctrl_Sample_88,0.152010099337961,1574,3.19728055812562,Sample_100_GSE162228
scPP,Positive,Neg_ctrl_Sample_89,0.0867646226916579,1574,3.19728055812562,Sample_100_GSE162228
scPP,Positive,Neg_ctrl_Sample_90,0.0573882363559448,1574,3.19728055812562,Sample_100_GSE162228
scPP,Positive,Neg_ctrl_Sample_91,-0.132981107315997,1574,3.19728055812562,Sample_100_GSE162228
scPP,Positive,Neg_ctrl_Sample_92,0.0109092965372522,1574,3.19728055812562,Sample_100_GSE162228
scPP,Positive,Neg_ctrl_Sample_93,0.00528198119506705,1574,3.19728055812562,Sample_100_GSE162228
scPP,Positive,Neg_ctrl_Sample_94,0.178775776182898,1574,3.19728055812562,Sample_100_GSE162228
scPP,Positive,Neg_ctrl_Sample_95,-0.122816588386479,1574,3.19728055812562,Sample_100_GSE162228
scPP,Positive,Neg_ctrl_Sample_96,0.155251611446067,1574,3.19728055812562,Sample_100_GSE162228
scPP,Positive,Neg_ctrl_Sample_97,-0.094809998812001,1574,3.19728055812562,Sample_100_GSE162228
scPP,Positive,Neg_ctrl_Sample_98,-0.137838202744411,1574,3.19728055812562,Sample_100_GSE162228
scPP,Positive,Neg_ctrl_Sample_99,-0.160776599757939,1574,3.19728055812562,Sample_100_GSE162228
scPP,Positive,Neg_ctrl_Sample_100,0.0336658453812775,1574,3.19728055812562,Sample_100_GSE162228
DEGAS,Other,Neg_ctrl_Sample_1,-0.00197932472940738,54650,4.73759811304709,Sample_100_GSE162228
DEGAS,Other,Neg_ctrl_Sample_2,0.011047397690685,54650,4.73759811304709,Sample_100_GSE162228
DEGAS,Other,Neg_ctrl_Sample_3,0.0127356828456074,54650,4.73759811304709,Sample_100_GSE162228
DEGAS,Other,Neg_ctrl_Sample_4,-0.196127026981565,54650,4.73759811304709,Sample_100_GSE162228
DEGAS,Other,Neg_ctrl_Sample_5,-0.0811341196877448,54650,4.73759811304709,Sample_100_GSE162228
DEGAS,Other,Neg_ctrl_Sample_6,-0.0444776133176952,54650,4.73759811304709,Sample_100_GSE162228
DEGAS,Other,Neg_ctrl_Sample_7,0.00184491357296778,54650,4.73759811304709,Sample_100_GSE162228
DEGAS,Other,Neg_ctrl_Sample_8,-0.109186737815808,54650,4.73759811304709,Sample_100_GSE162228
DEGAS,Other,Neg_ctrl_Sample_9,0.0614007398700334,54650,4.73759811304709,Sample_100_GSE162228
DEGAS,Other,Neg_ctrl_Sample_10,0.0223330472590922,54650,4.73759811304709,Sample_100_GSE162228
DEGAS,Other,Neg_ctrl_Sample_11,0.129471750376926,54650,4.73759811304709,Sample_100_GSE162228
DEGAS,Other,Neg_ctrl_Sample_12,0.0746338731936205,54650,4.73759811304709,Sample_100_GSE162228
DEGAS,Other,Neg_ctrl_Sample_13,-0.234230526326606,54650,4.73759811304709,Sample_100_GSE162228
DEGAS,Other,Neg_ctrl_Sample_14,0.22819245710177,54650,4.73759811304709,Sample_100_GSE162228
DEGAS,Other,Neg_ctrl_Sample_15,0.0377732229700478,54650,4.73759811304709,Sample_100_GSE162228
DEGAS,Other,Neg_ctrl_Sample_16,-0.147622503356421,54650,4.73759811304709,Sample_100_GSE162228
DEGAS,Other,Neg_ctrl_Sample_17,0.100810415091695,54650,4.73759811304709,Sample_100_GSE162228
DEGAS,Other,Neg_ctrl_Sample_18,0.0555035352736672,54650,4.73759811304709,Sample_100_GSE162228
DEGAS,Other,Neg_ctrl_Sample_19,0.133773595957042,54650,4.73759811304709,Sample_100_GSE162228
DEGAS,Other,Neg_ctrl_Sample_20,0.315446075977907,54650,4.73759811304709,Sample_100_GSE162228
DEGAS,Other,Neg_ctrl_Sample_21,-0.0952321532735803,54650,4.73759811304709,Sample_100_GSE162228
DEGAS,Other,Neg_ctrl_Sample_22,0.0400671795335273,54650,4.73759811304709,Sample_100_GSE162228
DEGAS,Other,Neg_ctrl_Sample_23,0.179448405107453,54650,4.73759811304709,Sample_100_GSE162228
DEGAS,Other,Neg_ctrl_Sample_24,0.022692924212895,54650,4.73759811304709,Sample_100_GSE162228
DEGAS,Other,Neg_ctrl_Sample_25,0.102969214185629,54650,4.73759811304709,Sample_100_GSE162228
DEGAS,Other,Neg_ctrl_Sample_26,0.042371570489538,54650,4.73759811304709,Sample_100_GSE162228
DEGAS,Other,Neg_ctrl_Sample_27,-0.0817800608948012,54650,4.73759811304709,Sample_100_GSE162228
DEGAS,Other,Neg_ctrl_Sample_28,0.246677212044938,54650,4.73759811304709,Sample_100_GSE162228
DEGAS,Other,Neg_ctrl_Sample_29,-0.0699501001985763,54650,4.73759811304709,Sample_100_GSE162228
DEGAS,Other,Neg_ctrl_Sample_30,0.135966222241485,54650,4.73759811304709,Sample_100_GSE162228
DEGAS,Other,Neg_ctrl_Sample_31,0.183999407750706,54650,4.73759811304709,Sample_100_GSE162228
DEGAS,Other,Neg_ctrl_Sample_32,0.0309143249327123,54650,4.73759811304709,Sample_100_GSE162228
DEGAS,Other,Neg_ctrl_Sample_33,0.055262808198982,54650,4.73759811304709,Sample_100_GSE162228
DEGAS,Other,Neg_ctrl_Sample_34,0.184624101263498,54650,4.73759811304709,Sample_100_GSE162228
DEGAS,Other,Neg_ctrl_Sample_35,0.0180095602790597,54650,4.73759811304709,Sample_100_GSE162228
DEGAS,Other,Neg_ctrl_Sample_36,-0.146460703856362,54650,4.73759811304709,Sample_100_GSE162228
DEGAS,Other,Neg_ctrl_Sample_37,0.0488913187119999,54650,4.73759811304709,Sample_100_GSE162228
DEGAS,Other,Neg_ctrl_Sample_38,0.108247120362945,54650,4.73759811304709,Sample_100_GSE162228
DEGAS,Other,Neg_ctrl_Sample_39,0.145742387924364,54650,4.73759811304709,Sample_100_GSE162228
DEGAS,Other,Neg_ctrl_Sample_40,0.0607939770921003,54650,4.73759811304709,Sample_100_GSE162228
DEGAS,Other,Neg_ctrl_Sample_41,0.0685125558018062,54650,4.73759811304709,Sample_100_GSE162228
DEGAS,Other,Neg_ctrl_Sample_42,0.056551490722397,54650,4.73759811304709,Sample_100_GSE162228
DEGAS,Other,Neg_ctrl_Sample_43,0.0602830627094052,54650,4.73759811304709,Sample_100_GSE162228
DEGAS,Other,Neg_ctrl_Sample_44,-0.125892176391276,54650,4.73759811304709,Sample_100_GSE162228
DEGAS,Other,Neg_ctrl_Sample_45,0.0677665391092861,54650,4.73759811304709,Sample_100_GSE162228
DEGAS,Other,Neg_ctrl_Sample_46,0.291439336932092,54650,4.73759811304709,Sample_100_GSE162228
DEGAS,Other,Neg_ctrl_Sample_47,0.21072513143492,54650,4.73759811304709,Sample_100_GSE162228
DEGAS,Other,Neg_ctrl_Sample_48,0.253825567548484,54650,4.73759811304709,Sample_100_GSE162228
DEGAS,Other,Neg_ctrl_Sample_49,0.260761245043802,54650,4.73759811304709,Sample_100_GSE162228
DEGAS,Other,Neg_ctrl_Sample_50,0.116869554898408,54650,4.73759811304709,Sample_100_GSE162228
DEGAS,Other,Neg_ctrl_Sample_51,-0.100252131460397,54650,4.73759811304709,Sample_100_GSE162228
DEGAS,Other,Neg_ctrl_Sample_52,-0.0130736438735909,54650,4.73759811304709,Sample_100_GSE162228
DEGAS,Other,Neg_ctrl_Sample_53,-0.0365872266905555,54650,4.73759811304709,Sample_100_GSE162228
DEGAS,Other,Neg_ctrl_Sample_54,0.156374031119332,54650,4.73759811304709,Sample_100_GSE162228
DEGAS,Other,Neg_ctrl_Sample_55,0.0986068751942451,54650,4.73759811304709,Sample_100_GSE162228
DEGAS,Other,Neg_ctrl_Sample_56,0.0439364395585854,54650,4.73759811304709,Sample_100_GSE162228
DEGAS,Other,Neg_ctrl_Sample_57,0.0435130358688537,54650,4.73759811304709,Sample_100_GSE162228
DEGAS,Other,Neg_ctrl_Sample_58,-0.0125722103315328,54650,4.73759811304709,Sample_100_GSE162228
DEGAS,Other,Neg_ctrl_Sample_59,0.132500369413439,54650,4.73759811304709,Sample_100_GSE162228
DEGAS,Other,Neg_ctrl_Sample_60,-0.0274867689903812,54650,4.73759811304709,Sample_100_GSE162228
DEGAS,Other,Neg_ctrl_Sample_61,0.0902337971127994,54650,4.73759811304709,Sample_100_GSE162228
DEGAS,Other,Neg_ctrl_Sample_62,0.156990622980203,54650,4.73759811304709,Sample_100_GSE162228
DEGAS,Other,Neg_ctrl_Sample_63,0.157547741206329,54650,4.73759811304709,Sample_100_GSE162228
DEGAS,Other,Neg_ctrl_Sample_64,0.0845415401303206,54650,4.73759811304709,Sample_100_GSE162228
DEGAS,Other,Neg_ctrl_Sample_65,-0.189904926565843,54650,4.73759811304709,Sample_100_GSE162228
DEGAS,Other,Neg_ctrl_Sample_66,0.0629342013792001,54650,4.73759811304709,Sample_100_GSE162228
DEGAS,Other,Neg_ctrl_Sample_67,0.128555733570959,54650,4.73759811304709,Sample_100_GSE162228
DEGAS,Other,Neg_ctrl_Sample_68,-0.025135215822241,54650,4.73759811304709,Sample_100_GSE162228
DEGAS,Other,Neg_ctrl_Sample_69,0.0590016913154967,54650,4.73759811304709,Sample_100_GSE162228
DEGAS,Other,Neg_ctrl_Sample_70,0.0498682324711897,54650,4.73759811304709,Sample_100_GSE162228
DEGAS,Other,Neg_ctrl_Sample_71,0.323852938172923,54650,4.73759811304709,Sample_100_GSE162228
DEGAS,Other,Neg_ctrl_Sample_72,0.125931914145396,54650,4.73759811304709,Sample_100_GSE162228
DEGAS,Other,Neg_ctrl_Sample_73,-0.123974829754086,54650,4.73759811304709,Sample_100_GSE162228
DEGAS,Other,Neg_ctrl_Sample_74,0.137242761257362,54650,4.73759811304709,Sample_100_GSE162228
DEGAS,Other,Neg_ctrl_Sample_75,-0.129416409967178,54650,4.73759811304709,Sample_100_GSE162228
DEGAS,Other,Neg_ctrl_Sample_76,-0.120190917948414,54650,4.73759811304709,Sample_100_GSE162228
DEGAS,Other,Neg_ctrl_Sample_77,-0.0394814635896027,54650,4.73759811304709,Sample_100_GSE162228
DEGAS,Other,Neg_ctrl_Sample_78,-0.030870010144908,54650,4.73759811304709,Sample_100_GSE162228
DEGAS,Other,Neg_ctrl_Sample_79,-0.0635418692909781,54650,4.73759811304709,Sample_100_GSE162228
DEGAS,Other,Neg_ctrl_Sample_80,-0.0100102972333435,54650,4.73759811304709,Sample_100_GSE162228
DEGAS,Other,Neg_ctrl_Sample_81,0.0260843261017697,54650,4.73759811304709,Sample_100_GSE162228
DEGAS,Other,Neg_ctrl_Sample_82,0.057206297016447,54650,4.73759811304709,Sample_100_GSE162228
DEGAS,Other,Neg_ctrl_Sample_83,0.0168827221158669,54650,4.73759811304709,Sample_100_GSE162228
DEGAS,Other,Neg_ctrl_Sample_84,-0.204923209703993,54650,4.73759811304709,Sample_100_GSE162228
DEGAS,Other,Neg_ctrl_Sample_85,-0.14640039680043,54650,4.73759811304709,Sample_100_GSE162228
DEGAS,Other,Neg_ctrl_Sample_86,0.0408947794514454,54650,4.73759811304709,Sample_100_GSE162228
DEGAS,Other,Neg_ctrl_Sample_87,-0.0256816395978002,54650,4.73759811304709,Sample_100_GSE162228
DEGAS,Other,Neg_ctrl_Sample_88,0.150634909540478,54650,4.73759811304709,Sample_100_GSE162228
DEGAS,Other,Neg_ctrl_Sample_89,0.0849566366447215,54650,4.73759811304709,Sample_100_GSE162228
DEGAS,Other,Neg_ctrl_Sample_90,0.0553270058732892,54650,4.73759811304709,Sample_100_GSE162228
DEGAS,Other,Neg_ctrl_Sample_91,-0.142736369231648,54650,4.73759811304709,Sample_100_GSE162228
DEGAS,Other,Neg_ctrl_Sample_92,0.00981070061259579,54650,4.73759811304709,Sample_100_GSE162228
DEGAS,Other,Neg_ctrl_Sample_93,0.00305165554020149,54650,4.73759811304709,Sample_100_GSE162228
DEGAS,Other,Neg_ctrl_Sample_94,0.174424916973983,54650,4.73759811304709,Sample_100_GSE162228
DEGAS,Other,Neg_ctrl_Sample_95,-0.139966936298502,54650,4.73759811304709,Sample_100_GSE162228
DEGAS,Other,Neg_ctrl_Sample_96,0.15547071924457,54650,4.73759811304709,Sample_100_GSE162228
DEGAS,Other,Neg_ctrl_Sample_97,-0.0940902920783267,54650,4.73759811304709,Sample_100_GSE162228
DEGAS,Other,Neg_ctrl_Sample_98,-0.135596824460341,54650,4.73759811304709,Sample_100_GSE162228
DEGAS,Other,Neg_ctrl_Sample_99,-0.17466785795053,54650,4.73759811304709,Sample_100_GSE162228
DEGAS,Other,Neg_ctrl_Sample_100,0.0222588586371979,54650,4.73759811304709,Sample_100_GSE162228
LP_SGL,Neutral,Neg_ctrl_Sample_1,-0.00197932472940738,54650,4.73759811304709,Sample_100_GSE162228
LP_SGL,Neutral,Neg_ctrl_Sample_2,0.011047397690685,54650,4.73759811304709,Sample_100_GSE162228
LP_SGL,Neutral,Neg_ctrl_Sample_3,0.0127356828456074,54650,4.73759811304709,Sample_100_GSE162228
LP_SGL,Neutral,Neg_ctrl_Sample_4,-0.196127026981565,54650,4.73759811304709,Sample_100_GSE162228
LP_SGL,Neutral,Neg_ctrl_Sample_5,-0.0811341196877448,54650,4.73759811304709,Sample_100_GSE162228
LP_SGL,Neutral,Neg_ctrl_Sample_6,-0.0444776133176952,54650,4.73759811304709,Sample_100_GSE162228
LP_SGL,Neutral,Neg_ctrl_Sample_7,0.00184491357296778,54650,4.73759811304709,Sample_100_GSE162228
LP_SGL,Neutral,Neg_ctrl_Sample_8,-0.109186737815808,54650,4.73759811304709,Sample_100_GSE162228
LP_SGL,Neutral,Neg_ctrl_Sample_9,0.0614007398700334,54650,4.73759811304709,Sample_100_GSE162228
LP_SGL,Neutral,Neg_ctrl_Sample_10,0.0223330472590922,54650,4.73759811304709,Sample_100_GSE162228
LP_SGL,Neutral,Neg_ctrl_Sample_11,0.129471750376926,54650,4.73759811304709,Sample_100_GSE162228
LP_SGL,Neutral,Neg_ctrl_Sample_12,0.0746338731936205,54650,4.73759811304709,Sample_100_GSE162228
LP_SGL,Neutral,Neg_ctrl_Sample_13,-0.234230526326606,54650,4.73759811304709,Sample_100_GSE162228
LP_SGL,Neutral,Neg_ctrl_Sample_14,0.22819245710177,54650,4.73759811304709,Sample_100_GSE162228
LP_SGL,Neutral,Neg_ctrl_Sample_15,0.0377732229700478,54650,4.73759811304709,Sample_100_GSE162228
LP_SGL,Neutral,Neg_ctrl_Sample_16,-0.147622503356421,54650,4.73759811304709,Sample_100_GSE162228
LP_SGL,Neutral,Neg_ctrl_Sample_17,0.100810415091695,54650,4.73759811304709,Sample_100_GSE162228
LP_SGL,Neutral,Neg_ctrl_Sample_18,0.0555035352736672,54650,4.73759811304709,Sample_100_GSE162228
LP_SGL,Neutral,Neg_ctrl_Sample_19,0.133773595957042,54650,4.73759811304709,Sample_100_GSE162228
LP_SGL,Neutral,Neg_ctrl_Sample_20,0.315446075977907,54650,4.73759811304709,Sample_100_GSE162228
LP_SGL,Neutral,Neg_ctrl_Sample_21,-0.0952321532735803,54650,4.73759811304709,Sample_100_GSE162228
LP_SGL,Neutral,Neg_ctrl_Sample_22,0.0400671795335273,54650,4.73759811304709,Sample_100_GSE162228
LP_SGL,Neutral,Neg_ctrl_Sample_23,0.179448405107453,54650,4.73759811304709,Sample_100_GSE162228
LP_SGL,Neutral,Neg_ctrl_Sample_24,0.022692924212895,54650,4.73759811304709,Sample_100_GSE162228
LP_SGL,Neutral,Neg_ctrl_Sample_25,0.102969214185629,54650,4.73759811304709,Sample_100_GSE162228
LP_SGL,Neutral,Neg_ctrl_Sample_26,0.042371570489538,54650,4.73759811304709,Sample_100_GSE162228
LP_SGL,Neutral,Neg_ctrl_Sample_27,-0.0817800608948012,54650,4.73759811304709,Sample_100_GSE162228
LP_SGL,Neutral,Neg_ctrl_Sample_28,0.246677212044938,54650,4.73759811304709,Sample_100_GSE162228
LP_SGL,Neutral,Neg_ctrl_Sample_29,-0.0699501001985763,54650,4.73759811304709,Sample_100_GSE162228
LP_SGL,Neutral,Neg_ctrl_Sample_30,0.135966222241485,54650,4.73759811304709,Sample_100_GSE162228
LP_SGL,Neutral,Neg_ctrl_Sample_31,0.183999407750706,54650,4.73759811304709,Sample_100_GSE162228
LP_SGL,Neutral,Neg_ctrl_Sample_32,0.0309143249327123,54650,4.73759811304709,Sample_100_GSE162228
LP_SGL,Neutral,Neg_ctrl_Sample_33,0.055262808198982,54650,4.73759811304709,Sample_100_GSE162228
LP_SGL,Neutral,Neg_ctrl_Sample_34,0.184624101263498,54650,4.73759811304709,Sample_100_GSE162228
LP_SGL,Neutral,Neg_ctrl_Sample_35,0.0180095602790597,54650,4.73759811304709,Sample_100_GSE162228
LP_SGL,Neutral,Neg_ctrl_Sample_36,-0.146460703856362,54650,4.73759811304709,Sample_100_GSE162228
LP_SGL,Neutral,Neg_ctrl_Sample_37,0.0488913187119999,54650,4.73759811304709,Sample_100_GSE162228
LP_SGL,Neutral,Neg_ctrl_Sample_38,0.108247120362945,54650,4.73759811304709,Sample_100_GSE162228
LP_SGL,Neutral,Neg_ctrl_Sample_39,0.145742387924364,54650,4.73759811304709,Sample_100_GSE162228
LP_SGL,Neutral,Neg_ctrl_Sample_40,0.0607939770921003,54650,4.73759811304709,Sample_100_GSE162228
LP_SGL,Neutral,Neg_ctrl_Sample_41,0.0685125558018062,54650,4.73759811304709,Sample_100_GSE162228
LP_SGL,Neutral,Neg_ctrl_Sample_42,0.056551490722397,54650,4.73759811304709,Sample_100_GSE162228
LP_SGL,Neutral,Neg_ctrl_Sample_43,0.0602830627094052,54650,4.73759811304709,Sample_100_GSE162228
LP_SGL,Neutral,Neg_ctrl_Sample_44,-0.125892176391276,54650,4.73759811304709,Sample_100_GSE162228
LP_SGL,Neutral,Neg_ctrl_Sample_45,0.0677665391092861,54650,4.73759811304709,Sample_100_GSE162228
LP_SGL,Neutral,Neg_ctrl_Sample_46,0.291439336932092,54650,4.73759811304709,Sample_100_GSE162228
LP_SGL,Neutral,Neg_ctrl_Sample_47,0.21072513143492,54650,4.73759811304709,Sample_100_GSE162228
LP_SGL,Neutral,Neg_ctrl_Sample_48,0.253825567548484,54650,4.73759811304709,Sample_100_GSE162228
LP_SGL,Neutral,Neg_ctrl_Sample_49,0.260761245043802,54650,4.73759811304709,Sample_100_GSE162228
LP_SGL,Neutral,Neg_ctrl_Sample_50,0.116869554898408,54650,4.73759811304709,Sample_100_GSE162228
LP_SGL,Neutral,Neg_ctrl_Sample_51,-0.100252131460397,54650,4.73759811304709,Sample_100_GSE162228
LP_SGL,Neutral,Neg_ctrl_Sample_52,-0.0130736438735909,54650,4.73759811304709,Sample_100_GSE162228
LP_SGL,Neutral,Neg_ctrl_Sample_53,-0.0365872266905555,54650,4.73759811304709,Sample_100_GSE162228
LP_SGL,Neutral,Neg_ctrl_Sample_54,0.156374031119332,54650,4.73759811304709,Sample_100_GSE162228
LP_SGL,Neutral,Neg_ctrl_Sample_55,0.0986068751942451,54650,4.73759811304709,Sample_100_GSE162228
LP_SGL,Neutral,Neg_ctrl_Sample_56,0.0439364395585854,54650,4.73759811304709,Sample_100_GSE162228
LP_SGL,Neutral,Neg_ctrl_Sample_57,0.0435130358688537,54650,4.73759811304709,Sample_100_GSE162228
LP_SGL,Neutral,Neg_ctrl_Sample_58,-0.0125722103315328,54650,4.73759811304709,Sample_100_GSE162228
LP_SGL,Neutral,Neg_ctrl_Sample_59,0.132500369413439,54650,4.73759811304709,Sample_100_GSE162228
LP_SGL,Neutral,Neg_ctrl_Sample_60,-0.0274867689903812,54650,4.73759811304709,Sample_100_GSE162228
LP_SGL,Neutral,Neg_ctrl_Sample_61,0.0902337971127994,54650,4.73759811304709,Sample_100_GSE162228
LP_SGL,Neutral,Neg_ctrl_Sample_62,0.156990622980203,54650,4.73759811304709,Sample_100_GSE162228
LP_SGL,Neutral,Neg_ctrl_Sample_63,0.157547741206329,54650,4.73759811304709,Sample_100_GSE162228
LP_SGL,Neutral,Neg_ctrl_Sample_64,0.0845415401303206,54650,4.73759811304709,Sample_100_GSE162228
LP_SGL,Neutral,Neg_ctrl_Sample_65,-0.189904926565843,54650,4.73759811304709,Sample_100_GSE162228
LP_SGL,Neutral,Neg_ctrl_Sample_66,0.0629342013792001,54650,4.73759811304709,Sample_100_GSE162228
LP_SGL,Neutral,Neg_ctrl_Sample_67,0.128555733570959,54650,4.73759811304709,Sample_100_GSE162228
LP_SGL,Neutral,Neg_ctrl_Sample_68,-0.025135215822241,54650,4.73759811304709,Sample_100_GSE162228
LP_SGL,Neutral,Neg_ctrl_Sample_69,0.0590016913154967,54650,4.73759811304709,Sample_100_GSE162228
LP_SGL,Neutral,Neg_ctrl_Sample_70,0.0498682324711897,54650,4.73759811304709,Sample_100_GSE162228
LP_SGL,Neutral,Neg_ctrl_Sample_71,0.323852938172923,54650,4.73759811304709,Sample_100_GSE162228
LP_SGL,Neutral,Neg_ctrl_Sample_72,0.125931914145396,54650,4.73759811304709,Sample_100_GSE162228
LP_SGL,Neutral,Neg_ctrl_Sample_73,-0.123974829754086,54650,4.73759811304709,Sample_100_GSE162228
LP_SGL,Neutral,Neg_ctrl_Sample_74,0.137242761257362,54650,4.73759811304709,Sample_100_GSE162228
LP_SGL,Neutral,Neg_ctrl_Sample_75,-0.129416409967178,54650,4.73759811304709,Sample_100_GSE162228
LP_SGL,Neutral,Neg_ctrl_Sample_76,-0.120190917948414,54650,4.73759811304709,Sample_100_GSE162228
LP_SGL,Neutral,Neg_ctrl_Sample_77,-0.0394814635896027,54650,4.73759811304709,Sample_100_GSE162228
LP_SGL,Neutral,Neg_ctrl_Sample_78,-0.030870010144908,54650,4.73759811304709,Sample_100_GSE162228
LP_SGL,Neutral,Neg_ctrl_Sample_79,-0.0635418692909781,54650,4.73759811304709,Sample_100_GSE162228
LP_SGL,Neutral,Neg_ctrl_Sample_80,-0.0100102972333435,54650,4.73759811304709,Sample_100_GSE162228
LP_SGL,Neutral,Neg_ctrl_Sample_81,0.0260843261017697,54650,4.73759811304709,Sample_100_GSE162228
LP_SGL,Neutral,Neg_ctrl_Sample_82,0.057206297016447,54650,4.73759811304709,Sample_100_GSE162228
LP_SGL,Neutral,Neg_ctrl_Sample_83,0.0168827221158669,54650,4.73759811304709,Sample_100_GSE162228
LP_SGL,Neutral,Neg_ctrl_Sample_84,-0.204923209703993,54650,4.73759811304709,Sample_100_GSE162228
LP_SGL,Neutral,Neg_ctrl_Sample_85,-0.14640039680043,54650,4.73759811304709,Sample_100_GSE162228
LP_SGL,Neutral,Neg_ctrl_Sample_86,0.0408947794514454,54650,4.73759811304709,Sample_100_GSE162228
LP_SGL,Neutral,Neg_ctrl_Sample_87,-0.0256816395978002,54650,4.73759811304709,Sample_100_GSE162228
LP_SGL,Neutral,Neg_ctrl_Sample_88,0.150634909540478,54650,4.73759811304709,Sample_100_GSE162228
LP_SGL,Neutral,Neg_ctrl_Sample_89,0.0849566366447215,54650,4.73759811304709,Sample_100_GSE162228
LP_SGL,Neutral,Neg_ctrl_Sample_90,0.0553270058732892,54650,4.73759811304709,Sample_100_GSE162228
LP_SGL,Neutral,Neg_ctrl_Sample_91,-0.142736369231648,54650,4.73759811304709,Sample_100_GSE162228
LP_SGL,Neutral,Neg_ctrl_Sample_92,0.00981070061259579,54650,4.73759811304709,Sample_100_GSE162228
LP_SGL,Neutral,Neg_ctrl_Sample_93,0.00305165554020149,54650,4.73759811304709,Sample_100_GSE162228
LP_SGL,Neutral,Neg_ctrl_Sample_94,0.174424916973983,54650,4.73759811304709,Sample_100_GSE162228
LP_SGL,Neutral,Neg_ctrl_Sample_95,-0.139966936298502,54650,4.73759811304709,Sample_100_GSE162228
LP_SGL,Neutral,Neg_ctrl_Sample_96,0.15547071924457,54650,4.73759811304709,Sample_100_GSE162228
LP_SGL,Neutral,Neg_ctrl_Sample_97,-0.0940902920783267,54650,4.73759811304709,Sample_100_GSE162228
LP_SGL,Neutral,Neg_ctrl_Sample_98,-0.135596824460341,54650,4.73759811304709,Sample_100_GSE162228
LP_SGL,Neutral,Neg_ctrl_Sample_99,-0.17466785795053,54650,4.73759811304709,Sample_100_GSE162228
LP_SGL,Neutral,Neg_ctrl_Sample_100,0.0222588586371979,54650,4.73759811304709,Sample_100_GSE162228
