gene,logFC,AveExpr,t,P.Value,adj.P.Val,B
GAB1,0.582538045603981,12.9069110839522,4.56011599702364,4.67466610369799e-05,0.150270533356589,1.70608400092304
TERF2IP,-0.780388678648723,13.0340878436205,-4.51027871371803,5.46496137507575e-05,0.150270533356589,1.57856373617456
PEX11B,-0.644014153147427,13.8573328755974,-4.4471195893638,6.65708680615775e-05,0.150270533356589,1.41739825191893
GAP43,-0.828075982914532,13.7755492347051,-4.25997473733278,0.000118924245797372,0.150270533356589,0.943137007709662
SVOP,-0.860900442500855,11.166535441301,-4.24720408589574,0.000123695140909921,0.150270533356589,0.91097143305606
ENO2,-1.09290007412197,13.152624149514,-4.23138975343448,0.00012986287742196,0.150270533356589,0.87117750430945
BNIP3,-0.685501785133405,11.8183689404029,-4.14534932545597,0.00016905889299283,0.150270533356589,0.655434344529206
OFD1,0.807983968031467,11.1985470614092,4.12585491740302,0.000179428261605893,0.150270533356589,0.606739136055746
SYT17,-0.753115824812871,11.3251400291748,-4.09769558472191,0.000195508819434847,0.150270533356589,0.536526622090914
MAGEE1,-0.689906206591595,12.1929552791097,-4.09552716304725,0.000196803753086928,0.150270533356589,0.531126193099186
PRKAG2-AS1,-0.85414435924546,10.1492258882181,-4.08684135571632,0.000202074999131484,0.150270533356589,0.509503457087713
SACS,-0.750716365797357,11.3184914053548,-4.06620435709375,0.000215156674934028,0.150270533356589,0.458188444556823
NRXN3,-0.692906255859473,12.1357643142284,-4.05652983214785,0.000221569685696723,0.150270533356589,0.43416135641338
ARL8B,-0.998231671835963,13.2654275077367,-4.04309743625248,0.000230783044982987,0.150270533356589,0.400832697331285
BEX5,-0.812466273992907,11.5987086262091,-4.01607547290969,0.000250460358558043,0.152890395127275,0.333897181943759
IL13RA1,0.635108229574567,11.8534245247026,3.99363693422546,0.000268031540074546,0.153992003053417,0.27843080846617
GFAP,0.763128899109812,13.0198502744252,3.93788544616953,0.000317034332874494,0.172026351621399,0.141085849484385
SLC2A3,-0.658884325961261,12.3255200849734,-3.87142558252577,0.000386868401213695,0.188927183732708,-0.0217294557322045
TCEAL2,-0.608366754489547,12.6714908020279,-3.80885705342098,0.000466093424609085,0.21141501498678,-0.174059543991546
CSPG4,1.08834047745501,9.57502132755896,3.77535817626943,0.000514744558851935,0.21141501498678,-0.255219839129697
SNX27,-0.697866815466157,11.4640349409746,-3.75848866538894,0.00054106785706743,0.21141501498678,-0.295983073408822
NAPB,-0.733230492933398,13.127964223137,-3.73957465622289,0.000572127989037739,0.21141501498678,-0.341599171917295
SLITRK4,-1.01696541204271,10.1798724583619,-3.7384791725021,0.000573978754662181,0.21141501498678,-0.344238360068522
DMTF1,0.633307458069855,10.6480451266239,3.7257820313274,0.00059585612627583,0.21141501498678,-0.374804691544223
ATP6V1E1,-0.777152774181767,12.4469053727052,-3.71999973494559,0.000606083794371849,0.21141501498678,-0.388710523211381
HK1,-0.770825669733874,10.6330219250826,-3.70540718441923,0.000632653764933435,0.211866441810433,-0.423764499163779
PLEKHH1,0.678962163239678,13.7366021553268,3.65503876179893,0.000733269202152953,0.211866441810433,-0.54431493490203
NPTX2,-0.809301607349764,11.1676655683949,-3.65430374473309,0.000734845877765032,0.211866441810433,-0.546068928100072
DYNC1I1,-0.8131107914437,11.5607563956074,-3.63952429542376,0.000767250697005093,0.211866441810433,-0.581305456508871
MCCC1,1.00644064864517,9.21867774685979,3.63300780686495,0.000781971543901562,0.211866441810433,-0.596822249261198
ARHGEF17,1.56065597000589,8.32220014362307,3.62866228991077,0.000791938819082123,0.211866441810433,-0.607162927297133
ZNF711,-0.902810143044213,10.0077577818451,-3.59934124541047,0.000862458630347869,0.211866441810433,-0.676794663710607
BASP1,-0.603387670738697,14.6832684010861,-3.58514328193111,0.000898739259191982,0.211866441810433,-0.710422652841716
MAP3K9,-0.592782869858363,11.1718747888578,-3.57925229531008,0.000914219439359608,0.211866441810433,-0.724358179495764
LDHA,-0.649184598515152,12.5012318211779,-3.55596788846917,0.000977950514248826,0.211866441810433,-0.779338569370106
BEX2,-0.833584270532495,11.5260995132088,-3.55051480893666,0.000993481161736453,0.211866441810433,-0.792191315005588
LMBRD2,-0.615337045001065,11.2256243589757,-3.52104233582634,0.00108160350261678,0.211866441810433,-0.861501552339349
FXYD7,1.31415840255944,7.85732232937992,3.50510985992014,0.00113231500379628,0.211866441810433,-0.898859297113256
GPNMB,0.703504529827658,11.2544108360718,3.4877743864035,0.00119007938300795,0.211866441810433,-0.939417324137064
CDK14,-0.641986333772503,12.4358346776695,-3.48700651397149,0.00119270227184399,0.211866441810433,-0.94121166492431
IGFBP7,0.739619809937496,12.296392038328,3.46635998728484,0.00126533869227209,0.211866441810433,-0.98938817063087
THBS4,1.22994969133474,8.53492630831058,3.46591242334742,0.00126695922648214,0.211866441810433,-0.990431019333099
CNKSR2,-0.671914169569988,11.7165217285165,-3.4604852644909,0.00128676861213237,0.211866441810433,-1.00307152141849
BHLHE40,0.919521936218182,9.89997873629367,3.45848721102091,0.00129413599389588,0.211866441810433,-1.00772285994177
ATP6V1D,-0.600289748663486,12.431610830977,-3.45638380936192,0.00130193543798631,0.211866441810433,-1.01261806292014
CRYM,-0.766263536834433,11.2778785443852,-3.44785502213558,0.00133402374534713,0.211866441810433,-1.0324523941047
NCALD,-0.736271960131544,10.2538072859304,-3.43421967514891,0.00138690183437813,0.211866441810433,-1.0641136999944
GDPD2,1.44166207799812,7.45489538031203,3.43102355210183,0.00139958333466201,0.211866441810433,-1.07152638585301
TYROBP,1.43677239575046,8.26751697506891,3.4201112269421,0.00144372171419301,0.211866441810433,-1.09680995690502
JAKMIP3,0.738491232122249,10.0377728447406,3.41911918595905,0.00144779966589814,0.211866441810433,-1.0991065578723
LITAF,0.620636709262295,10.4263281469435,3.41639544094164,0.001459052764321,0.211866441810433,-1.10541043828578
ST6GALNAC5,-0.680736147044286,10.8678317082213,-3.39045531940104,0.00157049530506798,0.211866441810433,-1.16532387714142
YWHAG,-0.588692280768133,14.2378873525893,-3.38944868121843,0.00157497977304549,0.211866441810433,-1.16764438271725
LDLRAP1,0.644118443639352,10.9359869310666,3.38726407073458,0.00158475407798233,0.211866441810433,-1.1726791877821
INPP5F,-0.893340098219704,11.6228022462775,-3.38726072258731,0.00158476910249162,0.211866441810433,-1.17268690292875
NRIP3,-0.684491136091849,12.7753255379433,-3.38469699500957,0.00159631360372299,0.211866441810433,-1.17859340612448
TEF,0.813975230114652,9.38562742349644,3.38278229273297,0.00160498785565229,0.211866441810433,-1.18300319934105
USMG5,-0.700647005144656,11.3189314850764,-3.37950495519343,0.00161993981751505,0.211866441810433,-1.19054844971781
MRPL21,1.37640654177136,7.84026228967551,3.37882544721035,0.00162305648363957,0.211866441810433,-1.19211239477534
CAP2,-0.815767704561878,12.5070166029759,-3.37798804999175,0.00162690520485128,0.211866441810433,-1.19403952139818
TRAF1,1.35732683221102,8.12799377085541,3.36351265519683,0.00169482729616532,0.215969437777004,-1.22731472486431
PCDH11Y,-0.812710239577091,9.67002162378619,-3.3546073069706,0.00173794834756161,0.215969437777004,-1.24775047267448
HLA-DMB,1.01562690178257,9.22664294357851,3.34973958272507,0.00176195878307461,0.215969437777004,-1.25890934073276
NDUFAB1,-0.596203261652875,10.9496331894612,-3.34368211570839,0.00179227950923803,0.215969437777004,-1.27278424796747
MEF2C-AS1,1.72108198764721,7.81989710062009,3.33597220867143,0.00183159130239526,0.215969437777004,-1.29042586839914
SLC41A3,-0.821197063227247,9.19779024348144,-3.33343033064412,0.00184473113122222,0.215969437777004,-1.29623762918905
CHGB,-0.736767700562525,10.9659206608783,-3.33099178203647,0.00185742119107898,0.215969437777004,-1.30181103328102
AASS,0.752034289224773,11.220423396427,3.32479017033948,0.00189006976214268,0.217180133727618,-1.31597577061452
BOK,1.12342026756986,7.93745126269294,3.30925772710111,0.00197425649565964,0.221638657392042,-1.35139360357324
STAG1,0.636265605461626,10.7103512355863,3.29691245373761,0.00204370233818438,0.22371814493726,-1.37948341700454
SAMD12,-0.973457555474025,10.6862226909599,-3.28968738325903,0.00208541725351237,0.223827146319289,-1.3958979511752
SLC17A7,-0.614447971551237,14.7994958532732,-3.26854320262458,0.00221219881233091,0.229360216905922,-1.44382805484146
ACTR10,-0.7376376288067,10.1128292714024,-3.2610839780809,0.00225864765852316,0.229360216905922,-1.46069843583912
C9orf85,0.730479887965321,10.1567445232296,3.25073818810446,0.00232460716663925,0.229360216905922,-1.48406392824876
ITPKB,0.593157629599169,10.8903066399592,3.23337174583604,0.00243945732326304,0.229360216905922,-1.52319742490992
LMO3,-0.782311717266013,12.5360386267944,-3.23025909771472,0.00246060337739184,0.229360216905922,-1.53019975502457
GRM5,-0.622909395667312,12.6755208734054,-3.22880223352388,0.00247056036575837,0.229360216905922,-1.53347594385987
DNAJC6,-0.602276943713262,12.2199722938561,-3.21903904143235,0.00253828034942624,0.229360216905922,-1.55541110397779
ZIC1,0.756135358609393,12.2861412557282,3.21428446715732,0.00257189326979634,0.229360216905922,-1.56608049698289
AVIL,0.618751697804381,10.2278658097587,3.21424576135476,0.00257216862848229,0.229360216905922,-1.56616731933323
PTPRS,-0.630265955557791,12.0945343526409,-3.21324647664518,0.00257928737028285,0.229360216905922,-1.5684086569082
FHOD3,-1.14697587459215,7.94663713290675,-3.21173611437186,0.00259008241371808,0.229360216905922,-1.57179560544763
CCT6A,-0.69409900885599,11.3533063943062,-3.20872182979205,0.00261175466488836,0.229360216905922,-1.57855251683961
MRVI1,0.725271216197647,10.7738350956139,3.20600692554791,0.00263142147710656,0.229360216905922,-1.58463542251856
KIAA1549L,-0.68046499223808,12.1390537202008,-3.20174314135168,0.00266259202369411,0.229360216905922,-1.59418311696355
MRPS23,-0.683014555153758,9.66456627628551,-3.19656153984067,0.00270094343307294,0.229360216905922,-1.60577685446509
FAM19A1,-1.66608871179356,6.91047871325891,-3.18753634548873,0.00276899590850831,0.229360216905922,-1.6259464159024
WASH1,0.764332277270185,10.1206586521454,3.1838362403683,0.00279736252009226,0.229360216905922,-1.634206537069
NAP1L2,-0.625121520313937,11.7823908947142,-3.18256327714749,0.00280718508037834,0.229360216905922,-1.63704710292382
ATP6V1A,-0.605597385539309,13.7415767692535,-3.17671755039446,0.00285271332633945,0.229360216905922,-1.65008370400937
KCNIP2,-0.593536230884412,11.7553919920022,-3.17222848745426,0.0028881491188528,0.229360216905922,-1.66008596982004
NUP93,-0.913756069776692,11.6342735530814,-3.17121283608793,0.00289622407606895,0.229360216905922,-1.66234791813565
WWTR1,0.63159885751161,11.5084284532084,3.16850985619068,0.00291781841789032,0.229360216905922,-1.66836578112009
SYT1,-0.744657836020833,13.2411811916798,-3.15424385475675,0.00303433800833685,0.229360216905922,-1.70008093269998
GLT1D1,-0.682470940393892,9.63452137316452,-3.1416575200026,0.00314078039750363,0.229360216905922,-1.72799681777985
HEY2,0.796274150161983,10.3992221891169,3.14132740308226,0.00314361914183948,0.229360216905922,-1.72872817497801
AMPH,-0.635024968992091,10.4417643115718,-3.13902424363251,0.0031634920883066,0.229360216905922,-1.73382952861761
CAMK4,-0.776382460775474,9.87565699323645,-3.13849626564954,0.00316806447981381,0.229360216905922,-1.73499867604606
LDOC1,-0.774431948884102,9.84471363037136,-3.12354373340578,0.00330017975717963,0.229360216905922,-1.76806420106737
PAQR4,1.50535231878333,8.58070237849568,3.12313757502415,0.00330384002878967,0.229360216905922,-1.76896114519727
RBCK1,0.599501170767203,10.4112718501029,3.12195973095485,0.00331447637617003,0.229360216905922,-1.77156188325789
SNUPN,1.00717491492047,9.67351594600001,3.12143851984978,0.00331919341210295,0.229360216905922,-1.77271256928195
RGS4,-0.77145134066669,11.3910546984766,-3.12084114952153,0.00332460749806747,0.229360216905922,-1.77403126194293
ARHGEF3,-0.683114680491607,11.1233073486368,-3.11973975501264,0.00333461152868239,0.229360216905922,-1.77646221824301
C11orf74,-0.844674557840835,9.58032850019893,-3.10610382349525,0.00346084562618389,0.231249751639147,-1.8065193160144
FAM181B,0.580018118435703,10.5406089906184,3.0988627141645,0.00352970033319237,0.232936372664121,-1.82245065821424
CYP20A1,0.915117262889994,8.83478290995505,3.08625451691652,0.00365268436041928,0.233605940258652,-1.85014041244121
GSKIP,-1.07075769983621,9.59944104039037,-3.08606737522871,0.00365453987308459,0.233605940258652,-1.85055092879632
BEX4,-0.724285477739562,11.2226282501754,-3.07998806368682,0.00371530201272513,0.233605940258652,-1.86387893952662
PRRX1,0.685480253438009,11.2888583756413,3.0784139783428,0.00373118938060301,0.233605940258652,-1.86732747323816
C1QB,1.12956211707325,8.66127242257986,3.05891678062572,0.00393335978240094,0.23968670641441,-1.90995931217895
FAM196A,1.12403380147485,7.99845902672315,3.05763094029173,0.00394704929619142,0.23968670641441,-1.91276546343479
MOAP1,-0.755312600809286,12.2889797886121,-3.05725926703242,0.00395101461377291,0.23968670641441,-1.91357645847413
PIP4K2C,-0.624200546698967,10.9022264228956,-3.05234556340299,0.00400379196034726,0.239908196789642,-1.92429291946775
EXOC1,-0.78358746990524,10.3387021029151,-3.04044515184267,0.00413437592362587,0.244205616356326,-1.95020601671502
RAB3B,-0.843365455410511,10.1804409205388,-3.03899852196144,0.00415052035580527,0.244205616356326,-1.95335208659665
ADAMTS17,0.739225748343849,9.50594673950371,3.03383876249007,0.00420858782629081,0.244898590276341,-1.96456629868699
FANCB,1.10816674839695,9.28275560386111,3.03169706261167,0.00423291405637979,0.244898590276341,-1.96921784170596
SPRY2,-0.902753344559993,8.2270349914016,-3.0312928206504,0.00423752040101379,0.244898590276341,-1.97009559953739
PALM,1.25874857250612,9.16194482005768,3.02455876063623,0.00431495199839197,0.246456936656692,-1.98470777795752
STMN2,-0.639892833707571,13.1403502211895,-3.01391761573098,0.00444002673184365,0.249861879947755,-2.00775954953527
HNRNPLL,-0.667880707143147,10.6977931116734,-3.01083471401804,0.00447689454191227,0.249861879947755,-2.01442918901127
GNG3,-0.616867444663179,11.3601353980319,-3.00664262525475,0.00452748859772185,0.25124989280653,-2.02349210544358
DDB1,-1.54839052665587,6.88994120458145,-2.99896909254364,0.00462149435244543,0.252147781464177,-2.0400625176226
EIF1AY,-1.61188568866069,7.59740730947289,-2.99874860349868,0.00462422238971493,0.252147781464177,-2.04053828164904
NSUN6,0.685414868040065,11.7528672999954,2.98915818485998,0.00474435542722847,0.252707861877351,-2.06121236028682
ZNF667-AS1,-0.660826899337117,10.6929133913479,-2.98786708823181,0.00476075013672904,0.252707861877351,-2.06399261498517
CD200,-1.05416973975328,10.4486911846901,-2.9743124251464,0.00493611040001048,0.255926271576032,-2.09313866205427
SEMA5B,-1.77561382291999,6.34436680603869,-2.97408378281353,0.00493911972428642,0.255926271576032,-2.09362963289587
CACNA1B,-0.888496144243408,9.33659978798264,-2.9718800410917,0.00496821309098096,0.255926271576032,-2.09836065439413
PIGU,1.81277999886745,6.00083608917252,2.96938205376028,0.00500138535101554,0.255926271576032,-2.10372086158429
OLFM3,-1.02357553107862,9.12513552094803,-2.96716454610599,0.00503100687443413,0.255926271576032,-2.10847697993381
DOK5,-1.17953080688555,10.1498081659735,-2.96458182518817,0.00506571427683765,0.256356639077064,-2.11401375852684
DCN,0.652032763865312,11.2140660224111,2.95757741478281,0.00516097495548629,0.257179808113442,-2.12901526866799
SV2A,-0.597421390636636,11.2054521167737,-2.94234405818399,0.00537397571390172,0.262994704505255,-2.16156801647406
SLC2A13,-0.837361939965931,13.2547707694682,-2.94154496162003,0.00538537328770871,0.262994704505255,-2.16327286901754
SLC27A1,0.712296444014089,9.16128016036286,2.93471740379161,0.00548368228281605,0.264899308327166,-2.17782799869825
ADNP2,-0.695698351691309,9.80043687054448,-2.9344688986459,0.00548729196345887,0.264899308327166,-2.17835738520542
TTC5,-0.790847243170406,10.6665085078548,-2.92591930441645,0.00561284280746081,0.267624360055351,-2.19655406603578
TRIM36,-0.619038835681962,10.061916285247,-2.92510146350458,0.00562499263849584,0.267624360055351,-2.1982930610113
PXDC1,0.65695244330164,9.97260325400839,2.9209093548808,0.00568765779324999,0.268301573010471,-2.20720225089036
NAP1L5,-0.608712879324587,13.6632718128451,-2.91429850548895,0.00578780753867257,0.268301573010471,-2.22123617070984
REEP1,-0.723435277399729,11.3363637589435,-2.90406004958533,0.0059461727385335,0.271384435220826,-2.24293306318567
SHQ1,-0.739553627235202,10.8407615190965,-2.88793668758657,0.00620379575662954,0.278031831819373,-2.27700699796902
MCTP1,-0.644154277554051,11.2704808857891,-2.88686128205431,0.00622134443832299,0.278031831819373,-2.27927557197449
TTTY15,-1.97311394243257,6.70963843685633,-2.8847454593348,0.00625600624054568,0.278031831819373,-2.28373740672915
SAP25,0.749278181348316,9.46880562314819,2.88195081455034,0.0063020650158994,0.278031831819373,-2.28962767534711
NUAK1,-0.743033742386199,13.2568476665381,-2.87398371981954,0.00643511474460614,0.278031831819373,-2.30640073485982
GSDMD,-1.28148492640784,7.51406969334692,-2.87057722019449,0.0064927990585532,0.278031831819373,-2.31356372550234
CDKAL1,0.822575800934098,8.66161589938906,2.87027569014421,0.00649792822122959,0.278031831819373,-2.31419751434089
RAP1GAP,-0.635855023168656,10.1760143111028,-2.86743394005544,0.00654645369853992,0.278031831819373,-2.32016860694343
UBASH3B,-0.598774448106787,9.87606783846178,-2.84622148740548,0.00691949479896305,0.287934478681691,-2.36462506096576
EBF1,0.892496522885252,9.42686577485973,2.83405708210511,0.00714225853181506,0.287934478681691,-2.39002664605635
ITGA6,0.593779539712337,11.0298743219493,2.8323677014377,0.00717371857949795,0.287934478681691,-2.39354904555502
LEMD3,-0.596959206320859,10.4316153677654,-2.83144911832297,0.00719087874783664,0.287934478681691,-2.39546376480911
CCDC126,-0.604600970701713,9.47603855689146,-2.83038715387297,0.00721076506213167,0.287934478681691,-2.39767686990389
HPS3,0.603875564128514,11.1030454695217,2.82903586553992,0.00723614325961536,0.287934478681691,-2.4004921703065
EFCAB7,-1.02472617687902,7.90177280988714,-2.8266462831749,0.00728122498550943,0.287934478681691,-2.40546862114291
RGS1,0.876680918932362,10.5150197128549,2.82538137253073,0.00730519438617612,0.287934478681691,-2.40810181283
ANKMY1,0.749762196747431,9.23608013787515,2.81798833734926,0.00744676353924164,0.288621188443544,-2.4234773239209
TCEAL8,-0.67961867603429,10.3031631123039,-2.80667366563368,0.00766837699574247,0.291428163880999,-2.44695990763702
HGS,0.688712878372924,9.81671307468575,2.79884429349029,0.00782529836250597,0.295095324735891,-2.46317430940194
CACNA2D3,-1.73153200499231,7.20999136014221,-2.79663525337757,0.00787011009159734,0.295345249590289,-2.46774400704758
BEX1,-0.582006122046503,13.7816815126046,-2.79308886811826,0.00794254954802908,0.295345249590289,-2.47507542351193
PLEKHB2,-0.587672127633736,10.4103824916092,-2.79257107045284,0.00795317789462214,0.295345249590289,-2.47614537157613
PITPNB,-0.687325847383458,10.3883431343347,-2.78872446554507,0.00803254806701941,0.295345249590289,-2.48408985597973
F5,0.90252434431746,8.98886579951034,2.78772468253178,0.00805329751534567,0.295345249590289,-2.4861535979523
HTR2A,-0.700325166235707,10.0721505902549,-2.78164550495862,0.00818053955576078,0.295345249590289,-2.49869208855674
PPFIBP2,1.63540645334278,6.358803655075,2.78156084330201,0.00818232469558563,0.295345249590289,-2.49886658337647
NKIRAS1,-0.887827582515589,10.1472671237711,-2.78096990769352,0.00819479498709616,0.295345249590289,-2.50008445775787
KIAA1211L,-0.665913294812926,10.7788641149772,-2.77695780777689,0.00827992837398081,0.29622668355629,-2.50834875606617
JOSD2,1.26199463275928,9.28278717463145,2.76582511343943,0.00852047170146192,0.298954723369572,-2.53124062810271
RABGGTB,-0.605012015179284,10.5372136571454,-2.7561561037688,0.00873463114694943,0.298954723369572,-2.55107516897385
SLC4A1AP,-0.641666542107553,9.96855078109976,-2.75216306680033,0.00882452016712598,0.298954723369572,-2.55925333215612
MDH1,-0.588318167205006,11.3417053952752,-2.75202102742292,0.00882773341075035,0.298954723369572,-2.5595441040155
RAI14,1.26753077110158,7.6987559259356,2.74984627781388,0.00887706660068493,0.298954723369572,-2.56399487974867
VPS29,-0.615848238134717,10.0312552220975,-2.74755732950063,0.00892926613481276,0.298954723369572,-2.56867693402903
SYNM,0.746866073797738,11.2461893865919,2.74722467958333,0.00893687584660789,0.298954723369572,-2.56935716279374
URGCP,-0.914680924336156,9.06029865486736,-2.74496962112659,0.00898862124913133,0.298954723369572,-2.57396709000213
RALYL,-1.28252459800505,8.89387738807827,-2.7433687765364,0.00902552308555278,0.298954723369572,-2.57723815797676
UBE2QL1,-0.673401823335452,10.2281172540573,-2.73829815921752,0.00914333631022525,0.298954723369572,-2.5875910492061
HECA,-0.59845683481514,10.9330680994582,-2.73826054793308,0.00914421548487751,0.298954723369572,-2.58766779569417
MALT1,0.898057306364599,8.5142594207012,2.73535915921874,0.00921227264740802,0.298954723369572,-2.59358608432259
RMDN3,-1.01755233130219,8.47659468894802,-2.73439627179376,0.00923496228273835,0.298954723369572,-2.59554930062807
SH3GL2,-0.700820644950369,12.4630928345752,-2.73415135830781,0.00924074170959685,0.298954723369572,-2.59604857988323
MAP2K1,-0.848733715725022,11.1705061064992,-2.7318619012971,0.00929493006971975,0.298954723369572,-2.60071445923109
NAIP,0.789634690489914,10.1158404941174,2.73174748513891,0.0092976458461025,0.298954723369572,-2.60094757151439
KIFAP3,-0.627461396822373,10.2273567209992,-2.73093523829428,0.0093169464179282,0.298954723369572,-2.60260226782608
CSGALNACT1,0.720411341508821,9.29529221942521,2.72866532523368,0.00937108074252508,0.298954723369572,-2.60722481422807
MTMR4,-0.843008093195361,10.083462021752,-2.72859546365589,0.00937275145289821,0.298954723369572,-2.60736704391166
FAM193B,0.815690789986031,9.47213252862589,2.71755628326794,0.00964023802998144,0.303604537408258,-2.62981187342054
TMEM143,1.10774040247567,8.03838888847772,2.71561561510213,0.0096879849769626,0.303604537408258,-2.63375154171817
MICAL1,-1.26000559112586,7.23550822500966,-2.71255245995931,0.00976379394298138,0.303703743442991,-2.63996620667167
KIF3A,-0.592282350606372,12.0888423871159,-2.71008925598062,0.00982515227071068,0.30464210231121,-2.64496035941972
ENTPD3-AS1,1.29780617543827,7.92717862282845,2.70106449832182,0.0100530158745286,0.306836893895376,-2.66323285319892
INSIG2,-0.848785898226134,10.1828934662924,-2.69635466913629,0.010173862211374,0.309222639898048,-2.67275309921291
GYG2,0.662565992145937,11.1796117636481,2.69555547331882,0.0101945008751071,0.309222639898048,-2.6743674827664
HPS5,0.906787560982725,7.95426174123237,2.68477852204057,0.0104766090752994,0.312335801687037,-2.69610645199556
PVT1,-1.52677364607812,6.26295885313088,-2.67974428203509,0.0106108436391521,0.312335801687037,-2.70624182067703
ERC2,-0.635649893987284,12.1146214521866,-2.67289153534956,0.0107961177068277,0.312335801687037,-2.72001827517615
TPRN,1.16320675004116,8.91126415868374,2.67174937072454,0.0108272862685232,0.312335801687037,-2.72231217510248
NEGR1,-0.613927927091421,12.8914259362341,-2.6674495020211,0.010945370991935,0.312335801687037,-2.73094214924762
CADPS2,-0.907922678023766,10.2248732626667,-2.6672395212969,0.0109511678538753,0.312335801687037,-2.7313633526135
APOC1,0.590415778538434,10.6314210417219,2.66709899257066,0.0109550489600084,0.312335801687037,-2.7316452289991
CNRIP1,-0.706829747240607,11.5917749492373,-2.66502817951108,0.0110123876059962,0.312335801687037,-2.73579778678854
SNAPC1,0.933085459617363,8.99712274181769,2.66499341861338,0.0110133524547526,0.312335801687037,-2.73586747392058
CYP4X1,-0.726561684886756,8.86603490607416,-2.66442613190054,0.0110291094907475,0.312335801687037,-2.73700466079554
PLXNB1,0.644420730488171,9.82001920883988,2.66024186166586,0.0111459756119334,0.312532971266463,-2.74538753825953
EXTL2,-0.81342929459358,10.4909501404448,-2.65671221668791,0.0112454440456907,0.312532971266463,-2.75245214892173
C14orf132,-0.626713768302846,10.5004293315993,-2.65179024537787,0.0113855147121583,0.313378264587782,-2.76229314260605
C10orf107,-1.35582177086558,7.4357376869957,-2.64699974432502,0.0115233849049248,0.313378264587782,-2.77185965393039
TMEM150A,1.20591594245401,7.83648806625784,2.64643263563463,0.0115398075770416,0.313378264587782,-2.77299139581988
XKR6,-0.585253413746747,10.2507017374875,-2.64569666608637,0.0115611523411589,0.313378264587782,-2.7744598822043
NETO2,-0.853292761297955,9.90554193530977,-2.64380886195311,0.0116160691325451,0.313378264587782,-2.77822539326673
PSMC4,-1.04078331067591,9.42184198142823,-2.64357662394344,0.0116228415636368,0.313378264587782,-2.77868850373458
UBB,-0.58374203018418,14.8024014511951,-2.64274898995134,0.0116470062501653,0.313378264587782,-2.78033868532422
LAMP5,-0.793711700828369,9.44943931244585,-2.62419453377886,0.0122010276809059,0.317194628908216,-2.81724312956969
ATPAF1,-0.715544492047126,10.8977073636404,-2.62382026209761,0.0122124483379963,0.317194628908216,-2.81798576154282
ZNF276,1.00545471782645,8.55375621629922,2.6179731582454,0.0123921491872534,0.319351243039324,-2.82957840780494
SNX10,-0.665798399617748,11.2538261980776,-2.61591242968164,0.0124560589380162,0.320153493809486,-2.83365994003092
XRCC6,-0.859593292550129,9.27728189352255,-2.61157709738108,0.0125915009031396,0.321099711020794,-2.84223956885528
TMEM158,-1.07300860188456,8.68932853793966,-2.60807539864422,0.0127018848159958,0.321969989880301,-2.84916245561467
ST3GAL4,0.950666363690267,8.09291258808269,2.60610502425042,0.0127643867416809,0.321969989880301,-2.8530551553119
GLRA2,1.50987036167868,6.23783879304145,2.6052785077487,0.0127906884841389,0.321969989880301,-2.85468744368144
PCSK2,-0.778480849989912,9.39678525440167,-2.60146175286918,0.0129127932345214,0.321969989880301,-2.86222063416433
ACADSB,-0.733358096667696,8.64073960165744,-2.5998688915125,0.0129640673114164,0.321969989880301,-2.86536228903085
ARHGEF4,1.3692428114748,6.57068264089698,2.58513053209474,0.0134474300554632,0.328366369711011,-2.89436958598445
JUNB,0.593703620405134,11.3500213200918,2.58062555515848,0.0135984399437347,0.330387967488698,-2.90321377306168
RPL10A,-0.617520594389109,13.4515671021721,-2.57731425413042,0.0137104260769553,0.331459731419856,-2.90970785658026
CTPS2,0.954173655889164,8.93087024284924,2.56701549662754,0.0140641448528754,0.336677702887338,-2.92986941064912
ITGB3BP,1.00414915845468,7.98993258142276,2.55108162799825,0.0146278918345631,0.342703092464304,-2.96095408823582
RPH3A,-0.608066572982596,10.6791394107156,-2.54980970835244,0.0146737717968581,0.342703092464304,-2.96342971317501
DSTYK,-0.59992173622478,10.5715120903568,-2.54449179644745,0.0148670248508177,0.342703092464304,-2.97377116343065
ACTR6,0.895954758960416,8.86802350749103,2.54414701229814,0.0148796342557605,0.342703092464304,-2.97444113484686
KANK2,0.714051565106541,9.54508852279951,2.54155336693186,0.0149748024831072,0.342703092464304,-2.97947900930281
TMEM260,0.942096184057378,8.25407432905115,2.54082832266568,0.0150015057113504,0.342703092464304,-2.98088669778853
ASNS,-0.938139554698651,8.71404442992555,-2.53685957924087,0.0151484460683496,0.342703092464304,-2.98858720315362
IFI27L2,0.857004162167139,9.14748619944818,2.53436541475206,0.0152414625098389,0.343483972257376,-2.99342236279091
S100A16,1.19410108355651,8.74820403882908,2.53379447134228,0.0152628282952494,0.343483972257376,-2.99452872680713
DDA1,-0.665316603343793,9.68970097763359,-2.53051944355393,0.0153859153352315,0.345458011676336,-3.00087169971425
B4GALT3,-0.86683185261104,8.0802177580553,-2.52767225811906,0.0154936582349882,0.345464541613553,-3.00638144468372
KSR2,-0.591143445613476,12.0066145931785,-2.5243106793786,0.0156217530702049,0.345464541613553,-3.01288110970933
LY86-AS1,-1.06273667904127,8.78487902878762,-2.51810779158365,0.0158606573476288,0.345464541613553,-3.02485879767908
EYA1,0.668780559857696,8.91292379538512,2.51612562980204,0.015937700086189,0.345464541613553,-3.02868202528568
PLK5,1.52003083326868,5.23110929536677,2.50583942010405,0.0163430132044816,0.350436364572728,-3.04848871840684
TRUB2,-1.04124596934459,8.9860095343035,-2.50206216976341,0.0164941930865213,0.352513750275829,-3.05574788840229
ZNF883,0.725336298864427,9.14642019779958,2.50056759395599,0.0165543626679867,0.353027205629315,-3.05861808143093
KAT2B,1.23983455459175,7.64563689447711,2.49335940494038,0.0168473714802283,0.3531370406069,-3.072443963553
ADAMTS1,0.634349795924596,11.1378466390033,2.49171821797445,0.0169147413242911,0.3531370406069,-3.07558800274689
PTGFR,-1.14641543457616,6.58726869666799,-2.4907017992459,0.0169565876476784,0.3531370406069,-3.07753444259594
UGT8,0.659611678202844,10.7146051488797,2.49018359100354,0.0169779587167267,0.3531370406069,-3.07852659703699
CLEC2D,0.728593787235525,8.44171878916188,2.48956843364911,0.0170033598212068,0.3531370406069,-3.0797041818574
MGRN1,1.04956263819255,9.18915990236936,2.48539292576999,0.0171766912459079,0.354295345185363,-3.08769191126419
CALCB,-1.69540801640986,4.85499842951473,-2.48218325952615,0.0173110203893269,0.354295345185363,-3.09382561737686
RBPMS,0.649403464600982,12.00035741483,2.47865899456818,0.0174596160769087,0.354295345185363,-3.10055413526424
LFNG,-1.16334695685713,8.52380024148485,-2.47815691450022,0.0174808797226267,0.354295345185363,-3.10151216043626
WDR78,0.670078309078788,9.73159334905529,2.4769193265334,0.017533393542242,0.354295345185363,-3.10387303660043
CMC1,-1.71096206404531,6.05441660518382,-2.47682621280855,0.0175373503769141,0.354295345185363,-3.10405063092786
DIS3L,0.715072842947367,8.53454914361607,2.47446209304786,0.0176380852045809,0.354295345185363,-3.10855811089208
CCDC85C,0.623596325681222,9.43564625535085,2.47393694788922,0.017660532851314,0.354295345185363,-3.10955895385265
GRB14,-0.888172902277685,8.66008369161927,-2.46984875769864,0.0178361749877222,0.355501926425705,-3.11734529455214
NISCH,-0.718190882806605,10.3875908704071,-2.45072586346507,0.0186790205844988,0.363292090707899,-3.15364625233857
DNAJC27-AS1,1.02125573086236,7.14452681202007,2.45004858191841,0.0187095240735204,0.363292090707899,-3.15492828541979
ELMOD3,1.30881563657504,5.40100715838213,2.44905640188418,0.0187542916101999,0.363438821739726,-3.15680594095797
GPR22,-0.607019835679111,10.5465099163095,-2.44721450429863,0.0188376564834379,0.364331467076708,-3.16029022289355
NIPSNAP3B,-0.690564358457388,10.0121768306744,-2.44247920527357,0.01905352284926,0.366330231631342,-3.16923938286275
STRAP,-0.580029895645342,10.7352787652584,-2.43948753256267,0.0191910569454345,0.366828132556745,-3.17488696627769
IP6K1,-1.19534115515637,6.85273633927842,-2.4327454108145,0.0195043131454362,0.369900245614515,-3.18759652775567
ATP6V0B,-1.11228911920473,7.27083920468511,-2.42594542912096,0.0198249437161131,0.371204857560612,-3.20038984710049
ARSG,1.12771960025174,7.53314203674218,2.41990871008738,0.0201135768378172,0.371204857560612,-3.21172582300885
LRRTM1,-0.787854349617733,8.28700012423067,-2.419526008474,0.0201320025061482,0.371204857560612,-3.21244379594928
SUGCT,-0.95223961921187,7.41111340204665,-2.41693377022225,0.0202572119463301,0.371204857560612,-3.21730487011221
USP40,0.698258928280654,8.30680987440144,2.41425635877339,0.0203872748230544,0.371748748116583,-3.2223217606418
GJB6,-0.984268093071274,8.96143240975574,-2.40646478137057,0.0207700824364704,0.374283016894845,-3.23689888197138
GRIP1,-1.04105322522494,8.14907333860044,-2.40313253608064,0.0209357739221136,0.375881808634712,-3.24312282493119
NFKBIB,0.717349255711117,10.2238735818751,2.40146039769576,0.0210193681934068,0.376539348749285,-3.24624370447809
BTBD10,-0.613605014039416,10.3048430362315,-2.3995175633809,0.0211168740110341,0.376539348749285,-3.24986785515957
CRELD2,-1.28168745912343,7.38004363872158,-2.39917671055839,0.0211340226151877,0.376539348749285,-3.25050346294661
SMAD9,0.642472733527193,10.3271471485483,2.3981761835114,0.0211844327143699,0.376539348749285,-3.25236882894559
FAM171A2,1.36256014192055,7.84454142737316,2.39049594153608,0.0215750223913252,0.376964657774728,-3.26666913702058
ACAD9,0.854205847634625,8.18254503578074,2.37607911355458,0.0223258118160006,0.383830293842508,-3.2934235115442
ATP8B4,1.40198314984308,6.34757809506858,2.37589163425972,0.02233572857048,0.383830293842508,-3.29377066185298
CEP41,-0.604438396032431,9.64947668621415,-2.36452740918851,0.0229443101593807,0.383830293842508,-3.31477649337076
ARHGAP42,0.801010215424015,8.91840521656703,2.36043757136134,0.0231669608552644,0.384815827675794,-3.32231837163857
PER3,0.632674803783794,9.93527530292648,2.35807005718509,0.0232967357858839,0.385659692238521,-3.32667986588397
XIST,2.77433981701397,13.4175872947627,2.35228281128989,0.0236167227533165,0.387021025388661,-3.33732789452032
ZNF302,0.695722106458744,12.8696619968632,2.34980368004387,0.0237550044261944,0.387985164265286,-3.34188346110741
PARP14,0.583649776051926,9.79915163178788,2.34745435110537,0.0238867178481748,0.388188973748957,-3.34619728184231
SYNGAP1,-0.803153021031695,9.64068428486071,-2.34326066411794,0.024123467927473,0.390089257032498,-3.35388988761576
ATP5D,-0.66072675898012,9.29222594464931,-2.33330293183356,0.0246940958671471,0.39159075220014,-3.37211544838288
KIF1BP,-0.650870316733623,11.4853937151125,-2.33327934339468,0.0246954618826895,0.39159075220014,-3.37215855481779
SLC27A4,-1.08168554119741,6.10430059312259,-2.33148778665201,0.0247994102355357,0.39159075220014,-3.37543158457254
CA8,0.676363470175812,8.30337750089687,2.3313258353367,0.0248088261979336,0.39159075220014,-3.37572736596865
RASGRP3,0.837036605333605,8.26984649557362,2.32468852898949,0.0251974974210442,0.392524453981174,-3.38783653787917
SLC39A1,1.47319776148784,6.15744340086366,2.32462411012925,0.0252012963391817,0.392524453981174,-3.38795394044202
SLC9A8,1.13400923925642,7.24137193527644,2.32347052817102,0.0252694126473154,0.392524453981174,-3.39005592543672
CD2AP,0.688506299024869,9.1370592099146,2.32280202545321,0.0253089617651616,0.392524453981174,-3.39127367934553
TF,0.594157533262705,13.4559598546955,2.32106591363272,0.0254119310823353,0.392524453981174,-3.39443500485687
P3H4,1.1715429493078,7.84380445356447,2.31888513041627,0.0255418067110907,0.392524453981174,-3.39840358563024
MYH9,1.16803074311285,8.68107590766052,2.31214677031834,0.0259468787017039,0.393744472895209,-3.41064871542674
KIF22,-1.04273248373748,8.10295024558263,-2.30902620020341,0.0261364141782219,0.393744472895209,-3.4163106238086
TIMM17B,0.793653927244508,8.29706218079025,2.30680915946933,0.026271824835484,0.393744472895209,-3.42032976470068
FGD2,0.710771564258421,14.0639020661519,2.30463037254087,0.0264055113900238,0.393744472895209,-3.42427678732501
PLTP,0.899721576890737,8.01760907456306,2.30307344299744,0.0265014150167733,0.39438192423807,-3.42709558884891
TIPIN,1.30239247785989,7.02521452336182,2.29725702454102,0.0268624611926018,0.395420486982043,-3.43761371227285
USP43,-0.750924846703778,8.93018301736565,-2.29722753300547,0.0268643030101715,0.395420486982043,-3.43766699329108
FKBP15,0.623898199560356,9.62758841021584,2.29661383623057,0.0269026555275158,0.395420486982043,-3.43877561678182
DYNLL1,-0.76134016534579,10.7904826198919,-2.29494732821249,0.0270070501723013,0.395556239159516,-3.44178500627142
RNF7,0.659163110169646,9.39403863231175,2.29389129134045,0.0270733908377837,0.395556239159516,-3.44369116815134
COA5,-0.635003712028856,10.0811787993823,-2.29356365593559,0.0270940026617913,0.395556239159516,-3.44428242303533
ZNF623,-1.02840678603477,6.78148106886877,-2.29249851646482,0.0271611086125536,0.39561599074908,-3.44620415547344
SERPINI1,-0.770347112171289,10.1138693659063,-2.28995162954482,0.0273221712643103,0.39561599074908,-3.45079659121411
CNTNAP5,-0.604668907285433,9.59896723859093,-2.28958242080191,0.0273455904716438,0.39561599074908,-3.45146201898284
TMC7,0.708870063019887,9.00502787005707,2.28952688626087,0.027349114626152,0.39561599074908,-3.45156210244664
RTTN,0.739839910096042,8.87401958689272,2.28760132849854,0.0274715598316398,0.39561599074908,-3.45503120080555
FAM214B,0.961056082976324,8.33805942305189,2.28257433298907,0.0277935388367591,0.3960308729847,-3.46407768180774
SLC35A5,-0.632154338015988,8.88114547126449,-2.28213619915656,0.0278217605846521,0.3960308729847,-3.46486543998683
LHFPL3,1.10186164997927,7.84993391553408,2.28150445250829,0.0278624987375111,0.3960308729847,-3.46600111376586
FGF13,-0.60218367261227,10.9590666850493,-2.28097127210269,0.0278969223521525,0.3960308729847,-3.46695941625757
TAGLN,0.672211267371318,9.62009748068922,2.27402608439022,0.0283488097436863,0.398946153598255,-3.47942704062342
GTF2IRD1,0.645513056976931,8.63390205700244,2.27350776498502,0.0283827949974074,0.398946153598255,-3.4803563671557
SH3TC1,0.613548154297251,9.61323036749183,2.27164995824625,0.0285049072928128,0.398946153598255,-3.48368604867281
LINC00645,-1.54699298353024,6.05677616993794,-2.26877678640112,0.0286946832386318,0.39975663076822,-3.4888315469722
SLC29A4,0.723664836122516,8.55481666803444,2.26375332927239,0.0290292006739421,0.401380524327257,-3.49781629457118
SRPX2,1.05185896066756,7.72397159402166,2.25509742053245,0.029613782088381,0.405558059677885,-3.51326305299396
TUBGCP6,0.660702978019489,9.1077501572844,2.25097733512102,0.0298957056202099,0.405558059677885,-3.52059995882066
FUNDC1,-1.36460990607072,6.57331993800048,-2.25029640698074,0.0299425289989738,0.405558059677885,-3.52181156633319
EPB42,1.40470670970453,5.60493220541355,2.24895594281757,0.0300348958525449,0.405558059677885,-3.5241959162299
GATSL2,0.977501193020801,8.2496097555431,2.24692300127839,0.0301754637765755,0.405558059677885,-3.52780998120477
MAST1,1.21807320554058,7.35976495515182,2.24217076799094,0.0305063473188427,0.406487713865125,-3.53624872299904
VWA3A,0.71458386702564,8.74268376148315,2.24015865258973,0.0306474162145286,0.407811054723843,-3.53981768659857
SDHAF3,-1.23940518418981,5.86735884352459,-2.2395025372067,0.0306935417702127,0.407869146217235,-3.54098094327618
CALB1,-0.582858643998797,11.8249288728323,-2.23484487417046,0.0310227612792437,0.409223476136574,-3.54923137421309
ZNF83,0.616561336763982,8.99490344326565,2.23464007355701,0.0310373091779895,0.409223476136574,-3.54959385530195
TH2LCRR,0.890387170855878,7.95338979264309,2.23346821949055,0.0311206680477302,0.409223476136574,-3.5516674656269
COMMD8,-1.07387402633315,7.42792543140063,-2.22533314419446,0.0317048638993717,0.411236926567282,-3.56604003552423
RCAN2,-0.659917789911292,11.8411959696777,-2.22455375016723,0.0317613426003468,0.411423120925182,-3.56741495111551
TALDO1,1.16150766756484,6.99461788317551,2.22371904547947,0.0318219286003442,0.411596048935327,-3.5688870370695
DYNC2H1,-0.63551210222136,8.96701167640232,-2.22046721931126,0.0320589396326791,0.411596048935327,-3.57461799105584
ECI1,1.14582528448491,7.5688221406598,2.21884115111844,0.0321780440369584,0.411596048935327,-3.57748137030621
HEXDC,0.654194567575726,8.36370111225775,2.21742732547122,0.032281921844296,0.411596048935327,-3.57996972118106
B3GNTL1,-0.843311978310054,8.96788713205519,-2.2077429362091,0.0330015085207763,0.414300428949128,-3.59698216160778
ZMYND19,0.795534893998556,8.65335220015964,2.20353603554398,0.0333185098370438,0.41630113309785,-3.60435482438498
CDH1,1.00871501180571,7.3873716158152,2.20336612671472,0.0333313695180218,0.41630113309785,-3.60465236875486
LLGL2,0.722874906007679,9.55301570787971,2.19964082323609,0.0336144312208606,0.416382211841661,-3.61117175229552
RCN1,-0.627609003622623,9.12060059326828,-2.19922013293062,0.033646530400713,0.416382211841661,-3.61190744652876
USP9Y,-1.6534809269523,6.92323376636515,-2.1966218282785,0.0338453874933135,0.416382211841661,-3.61644894150265
AP1G2,0.803034530563846,7.92803027084694,2.19660717990545,0.0338465115318123,0.416382211841661,-3.61647453339002
SLIT2,-0.648455719193824,12.1917866589159,-2.19401405865219,0.0340460163617379,0.416382211841661,-3.6210028843723
USH1C,0.695850453332113,9.47989228657886,2.1918287261583,0.0342149564014606,0.416382211841661,-3.62481596331188
THOP1,-1.19175084698613,6.39592397211064,-2.19158757348783,0.0342336444833992,0.416382211841661,-3.62523656191972
KIAA1161,0.658778277279714,8.49174540232162,2.19068415525103,0.0343037351819004,0.416382211841661,-3.62681191698246
PCBP4,0.670023042528889,8.87998580610313,2.18901401322288,0.0344336462971997,0.416382211841661,-3.62972296356309
PRKX,1.19297717894754,6.85151278824479,2.18885187829903,0.0344462810656355,0.416382211841661,-3.63000547381249
RXFP1,-0.766161614309828,8.77111487802002,-2.1845094513873,0.0347862075589387,0.417815855780072,-3.6375659676482
C1S,0.781705647668206,8.98987878546564,2.18406008959457,0.0348215528417097,0.417815855780072,-3.63834768833776
FCF1,0.650419104345219,8.9226327970015,2.17899702169037,0.0352220004310543,0.417911458958068,-3.64714706041529
HTR2C,-0.893492301749067,8.76019371841724,-2.17758385699455,0.0353344956670107,0.417911458958068,-3.6496002959226
KPTN,0.65531860182742,8.99430205739754,2.17569924535657,0.035485015368933,0.417911458958068,-3.65287006888895
VLDLR,-1.14656201674492,6.81301386991774,-2.17454998378462,0.0355770825992542,0.417911458958068,-3.65486296056815
UBE2M,-1.03329854308501,7.24092907445819,-2.17273944351252,0.0357225536384879,0.417911458958068,-3.65800092099022
WFDC1,-0.926291738362308,8.2728774717979,-2.17111204943724,0.0358537583187843,0.417911458958068,-3.66081975653144
ZNF133,-0.765051123560848,8.36024531610185,-2.16902267022683,0.0360228342974961,0.417911458958068,-3.66443643891829
CFH,1.10122515325695,7.39179969670911,2.1689640556531,0.0360275876361926,0.417911458958068,-3.66453786145715
CCDC30,-0.589124751464626,8.50612030956572,-2.16241394698607,0.0365622743634775,0.420680485595665,-3.67585850568663
PACRG-AS3,1.02260697551013,7.70295298980378,2.15186185391056,0.03743839982693,0.423627032720677,-3.69404067583824
NUP35,0.676206842163902,8.71778806933789,2.14988415924606,0.0376046521315477,0.423627032720677,-3.69744082327557
DDX31,0.862095172524566,7.82418749271291,2.14651405748353,0.0378894569134,0.424957680272051,-3.70322933158056
GPR37,0.704381857134656,9.64896744086869,2.14443509542726,0.038066096058603,0.425390801149171,-3.70679668964421
TDP2,-0.914558596818915,8.35021171258499,-2.14300475026597,0.0381880468543639,0.426265889858939,-3.70924952161555
KLHDC3,-0.728074764601403,8.97017539383315,-2.13732603396403,0.0386756185464822,0.426709165303758,-3.7189752592929
SCG2,-0.580981405193461,9.98559579014623,-2.13706957844699,0.0386977666121061,0.426709165303758,-3.71941401267333
TSSC1,1.28077057884173,5.81820293217762,2.13532105164263,0.0388490714144657,0.426709165303758,-3.72240437448371
LINC00877,-1.50362515193676,5.00411784393955,-2.13439734615421,0.0389292124316094,0.426709165303758,-3.72398335065316
HS6ST2,-0.686506959168261,10.6512855334897,-2.13370160316217,0.0389896714883144,0.426709165303758,-3.72517230148175
SPSB3,0.649561507731163,9.63926323345721,2.13228334477897,0.0391131723438979,0.426836150036704,-3.72759502868099
CTNNA2,-0.614132973635875,10.2292445601082,-2.13153728137022,0.0391782771965603,0.426958044946263,-3.72886898613815
ZDHHC22,-0.74698084383938,8.8465545968754,-2.13115388860065,0.0392117708934983,0.426958044946263,-3.72952352336216
PTDSS1,-0.581491688510915,10.3148653665213,-2.12547269754895,0.0397110511724707,0.428099157617574,-3.73921193468751
HPCA,-1.03518928801206,8.91381260024163,-2.11975346043248,0.0402193191603196,0.429290020393975,-3.74894503990204
POU6F2,-1.25832486235483,7.28429289031139,-2.1190410815396,0.0402830273480987,0.429290020393975,-3.75015595902443
CAPRIN2,-0.638648133665184,8.61912507300861,-2.11883310732706,0.040301643257311,0.429290020393975,-3.75050941929654
FGFRL1,0.853470877820264,8.96678440300732,2.11807556629547,0.0403695152544774,0.429290020393975,-3.75179666275975
B4GALNT4,0.854814480151344,8.91390916018435,2.11805561715082,0.0403713039587936,0.429290020393975,-3.75183055631495
ERMARD,0.996745715338218,6.93510725229136,2.11720604106522,0.0404475444037127,0.429291761645939,-3.75327375495788
PIANP,-0.680562300351518,10.0581159138463,-2.11634512848315,0.0405249313235954,0.429291761645939,-3.75473575392977
SLC14A1,0.673488826098629,10.3111916345599,2.1137176907224,0.0407619157759007,0.430867566432058,-3.75919481257049
KDM5D,-2.72862459244452,7.03141222171605,-2.1110272143282,0.0410058477826619,0.432509843729221,-3.76375640621579
SKIV2L,1.06107183827593,8.29986825668912,2.10982369321557,0.0411153796990994,0.43273051025981,-3.76579546916926
CKMT2,-0.760416129146135,7.88983931039677,-2.10871903014261,0.0412161407987595,0.43294703336377,-3.76766624822981
DHX57,-0.695174171602367,8.89643126080022,-2.10602738519413,0.0414625662980031,0.43358124735824,-3.7722214438764
NUP50-AS1,-1.21783733567337,7.24849103113084,-2.10488872276507,0.0415672020767093,0.434210548324299,-3.77414709559291
PDGFRB,0.964849603524143,8.02809549761969,2.10236830665148,0.041799637331735,0.436172070319504,-3.77840662640847
CCDC184,-1.01724828035282,9.08641040443382,-2.10111004550461,0.0419161019154029,0.436637960650772,-3.78053161744064
SCRIB,0.813222342066323,9.52104398741973,2.0974424630581,0.0422572000152787,0.438339476752391,-3.78671990210533
NDUFAF2,-0.581252527878214,10.8085085668363,-2.09257024615017,0.0427140993134736,0.439896094305601,-3.79492774375583
ASAP3,0.801650522287127,8.55104598989981,2.09158822068694,0.042806713112068,0.439896094305601,-3.79658028486531
DDX3Y,-0.949118924736122,9.66249062448702,-2.09036643041089,0.0429221846906151,0.439896094305601,-3.79863545561096
SCFD2,-0.630360936058167,8.96703871497774,-2.08811236861619,0.0431359332951862,0.440029414357487,-3.80242455142031
PI4KA,-1.41675924870189,7.17491180686,-2.0858099553288,0.0433552297786169,0.440029414357487,-3.80629163482431
TAC1,-0.897167543243555,8.47670682014604,-2.07949430645499,0.0439617955294056,0.441743679975004,-3.81688216218002
PCDH8,-0.740007219701736,11.7862960189188,-2.07736270397641,0.0441681892642728,0.442882223730006,-3.82045092019451
TRMT10C,-0.607742031306592,8.52526401327284,-2.07645350265533,0.0442564810443827,0.442882223730006,-3.82197224686511
PPP2R2B,-0.596429628730081,11.6478814983505,-2.07521107996243,0.044377381487302,0.442986064425006,-3.82405029600666
ACSS2,0.899031958413844,7.59186430056469,2.07354507369049,0.0445399546418542,0.443447234441376,-3.82683529452688
KIAA1841,-0.683419603970291,8.67310202791736,-2.07163914534979,0.0447265790133363,0.443947659779731,-3.83001921448631
SHPRH,-1.10697277094778,6.6734220417417,-2.06712741718579,0.0451710866678462,0.446436844702282,-3.83754707393277
AEBP1,0.590518754811962,11.757890282372,2.06677569120601,0.0452059014447176,0.446436844702282,-3.83813339150782
STAB1,0.626224940665605,8.9355580110784,2.06390849692834,0.0454905802980617,0.448274066587966,-3.84291000748292
NDUFB6,-0.603603212858554,8.67334043565095,-2.05470321886198,0.0464151751350439,0.452664458934058,-3.8582103935065
HDAC7,0.825065400989858,8.37936067138183,2.0532756659133,0.046560021406973,0.452664458934058,-3.86057836064455
MGAT4B,-0.622034493914834,9.14196812869587,-2.05108058161135,0.0467835150071791,0.453436910665066,-3.86421695200089
DDIT4,0.678788414093155,12.874267852833,2.05037728221204,0.0468553195907078,0.453436910665066,-3.86538209958592
SMYD4,-1.05499727674022,8.83554016905505,-2.04311283337449,0.0476026416523474,0.456931021687292,-3.87739860848518
SLC25A39,-1.50185340679934,5.06155666372623,-2.042642092334,0.0476514252669505,0.456931021687292,-3.87817612650595
ANKUB1,0.687238897382172,8.52204760007976,2.03678222457362,0.0482623506469683,0.459534651794352,-3.88784297595724
DCTPP1,0.674131432206478,8.85930772467413,2.03677823277385,0.0482627691310154,0.459534651794352,-3.88784955363902
UBXN8,-1.11753853785226,6.93542196694685,-2.03585205406079,0.0483599514545695,0.459534651794352,-3.8893754343552
SHROOM4,0.67585086816651,8.96155563994004,2.03242294746814,0.0487212473407978,0.459534651794352,-3.89502011905662
HS3ST2,0.841584462216409,7.51645167777577,2.03096840013052,0.0488752093507269,0.459534651794352,-3.89741219134521
CRH,-0.820382829122694,7.89242193159492,-2.02880584354765,0.0491048963736705,0.459534651794352,-3.90096611485881
ZNF577,-0.601922844464449,9.82792620600222,-2.02872703090313,0.0491132848511108,0.459534651794352,-3.90109557819415
TMUB1,0.833142359715247,7.79271554342968,2.02754360772634,0.0492393933788978,0.459534651794352,-3.90303907597771
CHADL,0.749758030265536,8.62187271750472,2.02581167339279,0.0494244606667636,0.459534651794352,-3.90588175800658
OCRL,-0.613534857669531,9.09747426787327,-2.02422089163813,0.0495949780029718,0.46045071307512,-3.90849106694047
ALG6,1.22732739319476,7.04761854819149,2.0227880525013,0.0497490032402663,0.460678890652896,-3.91083991787537
NEK4,0.604525207516524,8.46211060960293,2.0205596448333,0.0499893761567999,0.460959332175009,-3.91449032434199
UBE2E2,-0.601442563763946,9.42449944304668,-2.02055696201521,0.0499896661535516,0.460959332175009,-3.91449471720676
