gene,logFC,logCPM,F,PValue,FDR
ZNF469,-1.47053678732974,1.94258871274011,36.2222287358016,2.5147239343896e-06,0.0369236915286425
SLC25A42,0.583309691274541,5.7007004086735,24.8584510314644,3.64548928966454e-05,0.267633596200722
PFKFB3,-1.40195553990171,6.43289026559843,21.4834506407834,9.13744265595621e-05,0.345543562513151
HPGD,-1.59836284695733,0.806824780986829,20.7534634066203,0.000112594426142485,0.345543562513151
LINC00330,-2.50517404237315,-0.215100195021412,20.4579558042616,0.000123387344219771,0.345543562513151
SLN,0.685205795204243,10.702202825284,19.3579011826999,0.000169173251805223,0.354852979465156
ADAM19,-0.59020342634742,3.84965260552588,17.6055101142451,0.000288061294716844,0.453302700633537
LINC02110,-1.13370794988971,-2.87480620288535,16.4500073988985,0.000418363995196819,0.496567619287184
EID3,0.781637810776092,-2.13413381022948,16.3465029133904,0.000439351767039532,0.496567619287184
ACTC1,3.89149387204269,8.19430621396371,15.8226580742146,0.000507641825619418,0.496567619287184
HOXA4,0.599199498820682,2.65820709769704,15.5748044925891,0.000550450055816048,0.496567619287184
NPR3,-2.24574246371371,1.2833382583398,15.1824010234883,0.000626662726560386,0.496567619287184
MLYCD,0.713965889069723,5.61778692686571,15.1583460218955,0.000631388124779952,0.496567619287184
ENSG00000248986,-1.07295010064861,-2.21047441995505,15.0544232292075,0.000671647429686958,0.496567619287184
SLC26A9,-1.57064563928107,0.950672185721317,14.9291149379041,0.00068165233963293,0.496567619287184
ANKRD2,2.16971030077043,8.89140449345765,14.9148694991154,0.000684631378030079,0.496567619287184
TNFRSF12A,2.26005599975506,4.74671787222848,14.4770880238848,0.000793021959630834,0.507602662989987
PRR11,-0.645946868797295,-0.930526101671599,13.5928450974828,0.00107574492228655,0.507602662989987
ADGRB2,1.2800521696898,0.575206348556935,13.5015690635523,0.00110825651654922,0.507602662989987
CLDND2,0.639312562924705,-1.20137649469843,13.4926114570828,0.00111536497909314,0.507602662989987
CCNA1,3.63197366509442,-1.1178034988963,13.1808688100534,0.00117437050156677,0.507602662989987
GRAMD1C,-1.24416676169906,0.65538569760596,12.2353155379316,0.00173522910293009,0.592619982383809
KLHL6,-0.667819008688385,0.0273536117267232,12.0042059888778,0.00188720770687019,0.592619982383809
VSIG10L,0.710987057810037,-1.55125998857431,11.7595355496463,0.00207474974146301,0.592619982383809
CSRNP1,0.741084226303016,3.47943523015913,11.7428949680386,0.00207503292846585,0.592619982383809
SNX20,-0.587388924410488,2.87013114094772,11.7279000325641,0.00208650918518725,0.592619982383809
CETP,-1.27481944852049,-1.10728801565262,11.5456843920952,0.00223999728537976,0.592619982383809
TOP2A,-1.86855197429502,-1.55648198818067,11.3722181698652,0.00241155063086584,0.592619982383809
LINC01219,-1.4615922302043,0.934391224845639,11.1955158659142,0.00254147999915997,0.592619982383809
GRHL1,0.843918511419195,0.326118081612494,11.0447234344528,0.0026893625736976,0.592619982383809
MKI67,-1.89086575085916,-1.17921757441362,11.0487947798759,0.00270484810379233,0.592619982383809
SMCR5,-0.915311858299202,-3.00300988830269,10.9755355020191,0.00277325813567136,0.592619982383809
STIMATE-MUSTN1,1.09781755734934,8.39032100550311,10.8602262777727,0.00288159922126486,0.592619982383809
ALOX15B,-1.09736395097456,-1.60938882319973,10.8204474991487,0.00294736509838534,0.592619982383809
TPPP3,1.38429092497626,4.97742624352719,10.8003122087857,0.00294757143303245,0.592619982383809
HRK,-1.02836122349639,-0.636438099867983,10.5152224928142,0.00328915904419362,0.592619982383809
CSRP3,1.17183078581063,9.88188320374534,10.4940717670643,0.0033114725169686,0.592619982383809
TNFRSF10C,-0.982998672245937,-0.559103629561994,10.4311745794683,0.00339589368391823,0.592619982383809
KLHL40,1.52559052434565,8.66101708382331,10.2259649763597,0.00367041699806063,0.592619982383809
CLEC18B,-1.8718313380593,-1.97065742138656,10.2506451602177,0.0036924166366658,0.592619982383809
MYBPH,2.80357941026968,5.37945661462657,10.153548026831,0.00377449191382952,0.592619982383809
RMI2,-1.25655251188776,-0.8186493045349,10.1531191922401,0.00378249430249934,0.592619982383809
MPZL3,-0.738011516024509,-1.69002473516063,10.1577393793546,0.00379169840153662,0.592619982383809
DNAH12,-0.869259558693577,1.589805489875,9.99165486061685,0.00401930068137159,0.592619982383809
NBPF3,-0.903796299654062,1.37881069396894,9.97071945793886,0.00405225402990427,0.592619982383809
GALNT12,-0.583541331535866,0.0584138958322565,9.94121511924693,0.00410026887146485,0.592619982383809
AC008676.1,-1.2055183404748,-2.24035467487889,9.8771245924649,0.00426739597477251,0.592619982383809
MIR503HG,1.59198721054033,0.649026200802066,9.73879469430952,0.00443756093718693,0.592619982383809
BMF,-0.592655640020498,1.33511679105646,9.61127266336458,0.00466449115297723,0.592619982383809
OTOF,0.953136344544649,-0.395731927115341,9.61280593824252,0.0046651249242205,0.592619982383809
PEG10,0.723324672302484,2.37240667375733,9.60105472217695,0.00468304744189393,0.592619982383809
RRAD,0.828268148144691,7.65225398518841,9.56257689620838,0.00475451213509725,0.592619982383809
ST8SIA2,1.93216154923385,0.167764883225302,9.47102862446571,0.00493398945802214,0.592619982383809
TPTEP1,0.839674907241434,3.8780854059627,9.42990832538255,0.00501073002090773,0.592619982383809
CCN4,-0.981569857451461,-0.60842877114913,9.43127226179482,0.00501319408436681,0.592619982383809
FXYD7,-1.07689708704856,0.502022159604548,9.38098094006642,0.00511035491017492,0.592619982383809
YY2,0.748499862773426,-0.0568994118628515,9.33487459839825,0.005205866532978,0.592619982383809
AC090192.2,3.48854039099129,1.41558243940626,9.32559693807802,0.0052278193144151,0.592619982383809
RRP12,0.982752140520703,5.28765649644086,9.23708095576906,0.00541036698772144,0.592619982383809
AEN,0.790208926831658,2.30154835844649,9.22827496290596,0.00542962585741897,0.592619982383809
ANKRD1,2.81233072282021,8.04196296887941,9.20881858208443,0.00547180809431426,0.592619982383809
TNFAIP6,0.867240157133393,-0.724601957400615,9.14649980345725,0.00561656702264775,0.592619982383809
AC006254.1,0.890218443057177,9.00270566573362,8.8886722924865,0.00622358513363917,0.592619982383809
GABBR2,-0.789897891330592,-1.68301692558985,8.88045911841168,0.00627718557586789,0.592619982383809
AC006372.3,-0.59644735945373,-1.24658585606834,8.86068763794802,0.00630782759034778,0.592619982383809
OSGIN1,0.603340096741583,3.66131478946059,8.84527968415886,0.00633388516766396,0.592619982383809
KRT80,2.61627503162385,-0.355282042823593,8.78606561964368,0.00651820219949399,0.592619982383809
UNC5B-AS1,2.22595759814611,-0.792407890801706,8.75907423819683,0.00659508304756483,0.592619982383809
AC091729.3,0.741609262650076,2.01321563111245,8.72115556359674,0.00666165654374012,0.592619982383809
FOSL1,2.88713673530842,-0.0710122433858054,8.72871374423588,0.00666960417298985,0.592619982383809
ASPM,-1.32794659323939,-2.44985824939621,8.73054189876526,0.00671917995838555,0.592619982383809
CTHRC1,-0.641502678177029,0.588954295821567,8.62759722317528,0.00692160551103032,0.592619982383809
GSDMC,-1.03955826637553,3.82498644116721,8.59342595235843,0.00701772949680372,0.592619982383809
IQGAP3,-1.66757040886299,-2.01633323783955,8.61666064687358,0.00703574625148638,0.592619982383809
DTL,-0.934444530295596,-2.17608258756195,8.52326799498522,0.00730391024514655,0.592619982383809
BCO2,0.765260828729597,4.5283446399378,8.47910631550003,0.00735441542466072,0.592619982383809
AL590705.1,-0.674920373754087,-2.91006019185923,8.46560175785377,0.00748624244623502,0.592619982383809
VDR,0.742892801659954,0.00368220297499232,8.40360156430721,0.00758918318634039,0.592619982383809
CHST3,0.69186589313847,4.44949109599982,8.38861202814126,0.00763346507661254,0.592619982383809
PKP1,-0.832281679882629,2.45563783312133,8.37470054142578,0.0076775544449931,0.592619982383809
AK3,0.618827009233122,7.59090799445511,8.3368011667843,0.007798424807651,0.592619982383809
ZC3H12A,0.615078442612495,2.13871693734442,8.33472249690221,0.00780540452836642,0.592619982383809
CDC45,-0.618732217606447,-2.22926560816348,8.35467277067196,0.00782405576086148,0.592619982383809
HSPB1,1.03795732519866,10.1615035986759,8.237819698904,0.00812452095747846,0.592619982383809
CDC37L1,0.706230107970448,5.85097561847908,8.22487063885518,0.00816827420342989,0.592619982383809
FAM124B,-0.869208980040323,0.0266656483048824,8.21141999600004,0.00821688195472815,0.592619982383809
TMEM70,-0.946402200560629,5.89469518048775,8.13848076033799,0.00846685362348124,0.592619982383809
SPECC1,-0.647285103759685,2.70111241612783,8.12370554875896,0.00851927870148513,0.592619982383809
MAFF,1.20223992893872,1.90220974254407,8.11373464712218,0.00855502991959928,0.592619982383809
CNTNAP3,-0.67048659973249,-0.747639408122985,8.11283483026376,0.00856525532292026,0.592619982383809
RCAN1,0.782499353554082,4.52365690980621,8.05277916090411,0.00877489658318966,0.592619982383809
CD300LF,-0.817499032734878,-2.78298520339059,7.93478349190042,0.00933017368966564,0.592619982383809
NKAIN3,-1.1638745895212,-2.43717701743897,7.89611633619387,0.00948037091386418,0.592619982383809
TNC,2.70382450609003,3.56626473282805,7.85859587528345,0.00951948713289936,0.592619982383809
NNMT,1.56234678248588,3.51761101493176,7.76481477665025,0.00990338426109379,0.592619982383809
SIK1,1.21162061166822,2.63911785583208,7.73991125799647,0.0100082182910525,0.592619982383809
ENPP2,-0.683152572676819,2.49339205287291,7.72717831247573,0.0100623316641618,0.592619982383809
ENSG00000230839,-1.25154649335314,-2.16175411079964,7.73164775367799,0.0101468809654988,0.592619982383809
FAM180A,-0.662371163729954,-2.11555038720027,7.72350600579513,0.0101604715328068,0.592619982383809
IL18,1.14267748266902,3.08207084814215,7.69821037654009,0.010186428926146,0.592619982383809
NPNT,1.13421588658026,2.37008711120891,7.69398935453918,0.0102047555615189,0.592619982383809
LOX,-0.676707481305543,0.707323745904199,7.69370240167911,0.0102070875363312,0.592619982383809
JUNB,0.641339979376445,3.06877126416723,7.68425468902077,0.010246778388119,0.592619982383809
PACSIN1,-0.7603595409627,-2.04744268104191,7.67446641758453,0.0103676936201228,0.592619982383809
NOTUM,-0.743884985838871,3.39610175890971,7.62011881444804,0.0105295135831604,0.592619982383809
FAM153CP,-0.860003364928935,-0.441853873465328,7.59320786451015,0.0106567647543209,0.592619982383809
KHDC1L,1.36170286997306,-0.702961597274282,7.56386907146914,0.0107989048517949,0.592619982383809
FAM222A,0.755147334713208,1.04056632744932,7.54792919237259,0.0108590683007883,0.592619982383809
CYP11A1,-0.770499073523515,0.851677349784413,7.53338430911513,0.0109268248350148,0.592619982383809
SLC25A33,0.66661798256953,3.33627794043742,7.50403154757458,0.0110633493960879,0.592619982383809
TFPI2,-0.715779973368587,0.279194832332322,7.49829066139672,0.0110928679256333,0.592619982383809
ENSG00000241978,-0.616330251900934,3.89421877779466,7.49197859204372,0.0111204473737043,0.592619982383809
MIDN,0.605847880289578,6.40428692655092,7.48229006451811,0.0111665789559367,0.592619982383809
NDC80,-0.794591567371518,-2.17391174575856,7.48319777134179,0.0112607895129015,0.592619982383809
ST6GALNAC4,0.582521341712444,3.73996289413923,7.40132807042295,0.0115604401126118,0.592619982383809
TMEM158,1.3262594146614,1.1283842988274,7.38671463890743,0.0116344280413818,0.592619982383809
AP000769.1,0.59326484287584,0.940513409565051,7.37183391498085,0.0117087681758772,0.592619982383809
EDNRB,-0.659551165314487,2.09667818874752,7.36902158318382,0.0117221815005151,0.592619982383809
SYT13,-1.23529071064805,-1.7015270010644,7.34013739924136,0.0119355471899541,0.592619982383809
KLRD1,-0.586101369505567,-1.78961316318476,7.33628162233225,0.0119378347922201,0.592619982383809
AC008040.1,0.664121944495142,-2.6700176580408,7.32710082852519,0.0120734046267717,0.592619982383809
GBP2,0.582701949689346,4.70958590340097,7.27088544790916,0.0122274412183201,0.592619982383809
MEST,0.672013717169176,0.88734465380891,7.2022492003754,0.0125964782647024,0.592619982383809
IRX5,-0.893176507688348,0.502658496517828,7.1694716613846,0.0127772825652551,0.592619982383809
TYMS,-0.695182155786566,1.33859129713026,7.16673887065376,0.0127910939053341,0.592619982383809
KCNC1,-1.11489934115779,-0.119864814529094,7.15037213903887,0.0128863873477669,0.592619982383809
ARHGEF28,-0.853044999750904,0.194758258035395,7.13915977039117,0.0129471412789397,0.592619982383809
CCDC3,-0.8658656217437,3.4347647783502,7.13521958094997,0.0129662717187078,0.592619982383809
SBK2,-1.36985511372342,-0.506280963473323,7.13156027397646,0.012996979484094,0.592619982383809
CDKN1A,1.59378357303617,3.88476191435551,7.12088322645003,0.0130471907055513,0.592619982383809
CLCN5,0.624791635513179,2.45858361787968,7.06113667608157,0.0133904990902871,0.593053418284604
PANX1,1.26249040605223,5.67850169210017,7.0162838784299,0.013654416906555,0.598471055041634
XIRP1,1.66128375422515,10.1148209430852,6.97788955925596,0.0138850546016086,0.599963686413994
HHEX,-0.591695664507064,1.1701896116791,6.94886952037667,0.0140632704729971,0.599963686413994
BRCA2,-0.631769718745326,-2.15647211389472,6.96450440486387,0.0140695683746731,0.599963686413994
NEK10,-0.633513538772012,4.69218932929393,6.91677042899612,0.014261087547373,0.603445384605409
TNFRSF4,-0.60277715908108,0.643163509929198,6.88382678159105,0.0144700639521303,0.607707376069591
ADRA1D,-0.637282792336005,-0.998048713502561,6.81774956752878,0.0149087484629681,0.609322095198618
AHRR,1.51008820406224,1.45959951827831,6.81521220934105,0.0149119607740303,0.609322095198618
AC016722.1,-0.927569976430091,-2.67210334544517,6.81396013113145,0.0150647175724234,0.609322095198618
ERRFI1,0.678523581301478,3.9313496279706,6.78661637109554,0.0150997189567621,0.609322095198618
MYBPHL,2.29656379720519,-0.121102404248454,6.7145533683753,0.0156089148540082,0.609322095198618
STIM2-AS1,-1.00200506416497,-2.25053711792569,6.68585179918251,0.015921423729201,0.609322095198618
LINC01424,0.591782679804938,-2.75356538969437,6.63993155737121,0.0162772424631359,0.609322095198618
MYC,0.93806851790713,2.727956184463,6.61526788659795,0.0162877567026311,0.609322095198618
FSCN1,-0.586353775614397,2.96562935436488,6.60043284282127,0.0163952112847761,0.609322095198618
VASH2,0.68600167747308,-0.0526570992798428,6.5657997778951,0.0166537314455001,0.609322095198618
THRSP,-0.91852828449475,1.96978132535942,6.55837956900388,0.0167049866506565,0.609322095198618
RUNX1,1.50297768123328,3.03019246172361,6.52820596642672,0.0169304341773705,0.609322095198618
ZNF439,-0.71559631390298,-0.160130772604783,6.52323690143154,0.016972776622328,0.609322095198618
AC007406.3,-0.609409506370212,-1.27914316519689,6.49374182830949,0.0172167945097713,0.609322095198618
CXCR6,-0.813104256816336,2.92813874455536,6.47014461466966,0.0173745280856351,0.609322095198618
LINCMD1,1.22027309937974,6.45483299746574,6.46952476523618,0.0173791707826477,0.609322095198618
ABHD2,0.885537578313226,5.07120103061776,6.46797661080782,0.0173911915632978,0.609322095198618
KIF26B,-0.621096875737733,-0.514352978981097,6.42970778158209,0.0176990326113235,0.609322095198618
DUSP4,1.13997421464032,1.36063115721997,6.41220481485993,0.0178313705935053,0.609322095198618
F2R,-0.705528269645744,2.40948924219597,6.41163032088477,0.0178352184920913,0.609322095198618
TLR1,-0.609632850214736,-1.1201299754095,6.39653618416886,0.0179746267728386,0.609322095198618
LINC01356,-0.612927893590476,2.19780377719188,6.37320827795691,0.0181450686390772,0.609322095198618
GTSE1,-1.00167096571217,-2.27380744125851,6.38005884728206,0.0182348658976599,0.609322095198618
JCHAIN,1.12256728485049,-0.387843716874422,6.34928730243194,0.0183495219993717,0.609322095198618
DCLK1,0.594860634296467,2.54140838555609,6.34442354550847,0.0183808162386597,0.609322095198618
PTPRD-AS1,0.987436042706057,-2.77431171916277,6.33148648707409,0.0185715896002949,0.609322095198618
INSYN1,0.877592051307353,0.96333900499803,6.31871610938412,0.0185956709999269,0.609322095198618
LIMK1,0.65599609703997,2.75126532816656,6.31066958976124,0.0186617724867641,0.609322095198618
LINC01679,0.677601305422407,-2.21239174257878,6.32530858679941,0.018666405374458,0.609322095198618
MDFI,0.720133910295113,-1.2507057197423,6.31041428075738,0.0186904524627627,0.609322095198618
AC011611.3,1.0545282989091,0.143157782959967,6.27950830646321,0.0189295285707733,0.609322095198618
CHRNA5,1.12093024542144,-0.0335512424206724,6.24833689616181,0.0191987236109337,0.609322095198618
MEDAG,0.580323837620036,1.98418408656971,6.24563975006493,0.0192168946695759,0.609322095198618
SOCS3,1.28101868591479,1.8972166147327,6.22878589615205,0.0193638800460083,0.609322095198618
STAP2,-0.714616768163335,-1.30700195606796,6.17445742551102,0.0198738041017637,0.609322095198618
SAMD5,-0.792792184033384,-1.21413690284044,6.16633868774069,0.0199432517517865,0.609322095198618
EN2,1.0270781670809,-1.2908329013989,6.14734742744316,0.0201274550320694,0.609322095198618
DNAJA4,0.964315528231207,7.78580090006544,6.1377084385808,0.0201777644704912,0.609322095198618
TCTEX1D4,0.770090731324688,-1.59011571793021,6.12609132498557,0.0203366941576774,0.609322095198618
DNAJB4,0.688354901055724,6.30830260935015,6.10248092236282,0.0205029419043402,0.610638328562731
AKR1B15,1.17410009279359,2.8565225911162,6.08858616159031,0.0206329759949885,0.610886928764893
TLR2,-0.620522949173259,-0.572652569935468,6.03351044442,0.0211656706736576,0.612611887942189
EXTL1,-0.677187320077841,4.61979642358129,6.00325104176266,0.0214504358037089,0.612611887942189
PLK4,-0.652842830808502,-1.89795741032791,5.92030235043387,0.0223643190084838,0.613441188242837
FAM118A,-0.607557277819939,5.26548457531868,5.90098558229573,0.022477789028513,0.613441188242837
TAS1R1,-0.896132274604838,0.589180146923737,5.86250644759742,0.0228808041743631,0.613441188242837
NPPA,-0.958462032261163,-1.89363286584286,5.86226299727391,0.0229825941389156,0.613441188242837
AC109361.2,1.04670392001038,-2.0882516494399,5.8127269551088,0.0235355948893641,0.613441188242837
LRRC4,1.55979660600072,0.101176300928326,5.79701711128699,0.0235856209517858,0.613441188242837
SLC22A3,0.791102563146044,5.36012267453184,5.79497286993989,0.0236005287058654,0.613441188242837
PRRT4,0.937517929911278,2.11198998931628,5.74954593078667,0.0241011374490283,0.615409355471791
EGR1,0.959056722451668,4.32826482983848,5.74819078138622,0.0241155905234429,0.615409355471791
IFNG-AS1,1.12302167862862,-2.34721940397257,5.730929200717,0.0244460198218878,0.615409355471791
RAB15,1.2925650360901,3.88952341145805,5.68519534601455,0.0248289150815961,0.616857800580499
EGR2,0.970234434102375,-1.09602674720445,5.65158930156142,0.0252478066082305,0.619671898536312
IGFBP3,-0.724513249806246,3.44384142494452,5.61310227683234,0.0256740490539465,0.619671898536312
C1orf105,0.966233332509387,-0.929398524613431,5.60883947622128,0.0257468204407423,0.619671898536312
HTR7,1.50112808618177,0.842629431348084,5.59651738594693,0.0258758379656203,0.619671898536312
ZNF711,-0.71755318624703,1.51485220472684,5.5890212341396,0.025964302833905,0.619671898536312
CNTNAP3B,-0.593501798643635,1.06872805835261,5.5765459031966,0.0261162912442407,0.619671898536312
GALNT6,-0.938495781241217,-1.67953820807542,5.56656025825179,0.0263098481133403,0.619671898536312
CCDC136,1.14549491769997,3.46510822852308,5.51234045676502,0.0269091883905798,0.619671898536312
HPD,-0.794371065168754,-0.366506484569842,5.47682358227119,0.0273682852348731,0.619671898536312
PTPRR,-0.621170493427973,-0.597335807399864,5.474325527715,0.027402692681274,0.619671898536312
ITIH4,0.71314241754841,7.85577401222357,5.43893802281535,0.0278502908198633,0.619671898536312
ENAH,0.957214666883931,6.44650271624611,5.41194733186037,0.028205501314605,0.619671898536312
CENPF,-0.760731998211885,-1.27057327125733,5.41316774677487,0.0282214519147868,0.619671898536312
KIF18B,-0.883583661863841,-2.18996105073266,5.4092250038787,0.0284009913727364,0.619671898536312
BRINP1,-0.883871414033681,-1.90776810775376,5.39442512983764,0.0285477401778007,0.619671898536312
ARRDC2,-0.700504631341381,5.70344573017947,5.38168668124452,0.0286097334071777,0.619671898536312
CSPG4,1.07266683654569,5.46500223938316,5.35684398247753,0.0289463975253001,0.619671898536312
MYL4,1.30803077357491,-0.240417462843399,5.35530289399947,0.0289778032181883,0.619671898536312
LINC01497,1.23837105053433,-0.128800205543328,5.35362030000678,0.0289987592231891,0.619671898536312
CCN1,1.01130191373767,4.50661214365749,5.31200973355244,0.0295651702583911,0.619671898536312
CLEC18A,-0.905928199549011,-1.98849193018499,5.30397641231604,0.0298053678072344,0.619671898536312
C3orf52,1.92846430526171,-1.02309994157735,5.24205646942995,0.0306369855004827,0.619671898536312
FAM83G,1.30020054517577,1.27489214981124,5.2214036685669,0.030862538840811,0.619671898536312
CLEC18C,-1.00661732790534,-2.25307204258652,5.22491944152565,0.0309927306220771,0.619671898536312
MAP3K7CL,0.794188064042034,4.29854138412522,5.19307320769435,0.0312790041024288,0.619671898536312
PIK3AP1,-0.586815476014308,-0.296067857082876,5.18719493079341,0.0313739613149,0.619671898536312
ARID5A,0.692713449065781,4.23326477084486,5.17052462721142,0.031616212255934,0.619671898536312
CHD5,-0.920067242942526,-2.45871904457667,5.14535531815728,0.0322080309053295,0.619671898536312
C14orf132,1.02623451451691,2.64359906179131,5.12753972719666,0.0322705238037131,0.619671898536312
FLNC,0.859357993410114,12.5943728560514,5.11349768864046,0.0324872050605636,0.619671898536312
COL4A2,-0.612296702070776,6.58739618498243,5.10731937127534,0.0325831603630773,0.619671898536312
ESPL1,-1.07341630483342,-2.33542340917661,5.0760621951616,0.0332715105391512,0.621772901263929
IGFN1,-1.67103510657447,7.6442420871162,5.05713840930261,0.0333743001475372,0.621772901263929
ITIH3,1.342836430986,2.5606170841659,5.0390363965683,0.0336652434818392,0.621772901263929
CRABP2,1.24174336434377,0.948372108757631,5.01963950679534,0.0339818789075972,0.621772901263929
SERPINE2,-0.681899422898214,2.48480295989152,4.99982293274172,0.0343045321620715,0.621772901263929
MGST1,0.785710292235076,0.94498775328332,4.93568841860829,0.0353809199201253,0.624782517551088
PDCD1,1.01130681100569,-2.97188941205136,4.92638763836685,0.0355019554567284,0.624867879608606
ISLR2,0.595267776276711,1.52444328061994,4.8992980063794,0.0360065051360728,0.624867879608606
NKD1,-0.645503962299496,-2.1510770538342,4.90238996885429,0.036106060215181,0.624867879608606
ADGRG6,-0.623125481535876,0.210767531380587,4.89358316864025,0.0361093131750908,0.624867879608606
EFNB3,-0.721460186808692,-1.49478922357511,4.8920825069774,0.0361834679585892,0.624867879608606
SLC14A2,-0.642310230105418,-1.94640435817002,4.86084668775353,0.0367929288750871,0.624867879608606
CSF1R,-0.612297708402124,2.40922309725219,4.80389147745644,0.0377080787068917,0.624867879608606
RFX8,-0.916994270477104,-1.96371541464889,4.78637944254045,0.0381654960418804,0.624867879608606
AREG,1.61952599682611,-2.07881817036291,4.76779736772692,0.0384762276587438,0.625124239591462
GREB1,-0.723942877361048,3.18701254893576,4.74101449731555,0.0388784919837935,0.626776336072286
PENK,0.854480460208147,0.843465582940393,4.73579607633035,0.0389796943212034,0.626776336072286
POU3F1,0.659303001308792,-1.21743580346953,4.6896738055382,0.039897936509661,0.627217774915795
PPP1R27,0.61480112812459,7.7931083135432,4.67675587173843,0.040117055854768,0.628897918417021
SLC4A3,0.627440574411502,1.03977151153611,4.66440157904573,0.0403619719412926,0.630462589376595
LIPG,1.1052844478928,-1.45841027321317,4.63916805147688,0.0409354933603314,0.630472687069984
FOXO6,0.698954663779823,2.18781305506454,4.63474770416148,0.0409511775231752,0.630472687069984
LOXL4,-0.861319962591652,3.00652526685326,4.62556953782896,0.0411354164530495,0.630472687069984
PKP2,-0.580814226552663,3.14737137460229,4.57540701348979,0.0421611984624416,0.630472687069984
KCNC4,0.858668622988224,3.93904327748389,4.56098537647495,0.0424614043563256,0.630472687069984
TNNT2,1.1880668253319,3.10667552937814,4.49009217910519,0.043972659848211,0.630472687069984
DDN-AS1,0.827533633775347,4.49768108174118,4.4885010112356,0.0440070272270811,0.630472687069984
BUB1,-0.636997051266922,-2.16505341213926,4.4671619230229,0.0446446235519201,0.630472687069984
LMCD1-AS1,1.42630774257119,-1.45217664821309,4.45172741147203,0.0449140353846887,0.630472687069984
ANLN,-0.974231337946052,-1.66132908419124,4.44660788160863,0.0450167419770011,0.630472687069984
SHANK1,0.88740386654877,-1.19922007497617,4.43190954750292,0.0452955137891693,0.630472687069984
COL4A1,-0.635557885005829,6.65720509076204,4.41154420475786,0.0457173170663044,0.630472687069984
SGSM1,-0.706788618769826,0.409835049478394,4.38328279236917,0.0463678166388112,0.630472687069984
TNFSF9,0.644974355850069,-1.16925329639716,4.38254073046296,0.0464130185931675,0.630472687069984
ELMOD1,0.646393051078463,1.25413667770912,4.3770755987922,0.0465090654571631,0.630472687069984
APOL5,-0.895318858200825,0.366938286051325,4.37433564716957,0.0465752873418577,0.630472687069984
LIMS3,0.584187023374633,0.138561874774332,4.34479571132646,0.0472662285919801,0.630472687069984
DDX43,-0.686306619083925,-1.9721423981169,4.34437740246079,0.0474038151034376,0.630472687069984
EGLN3,0.716056954961673,3.30420205391324,4.30967814939729,0.0480969164887398,0.630472687069984
BLM,-0.660100515783373,-2.46570576358376,4.31238705890889,0.0482792997686221,0.630472687069984
CHAC1,1.48390201609497,0.0311751348241817,4.30202340118213,0.0482911615665854,0.630472687069984
TCAF2,1.03264071355551,0.0918824433906585,4.2595221614738,0.0493259715878695,0.630472687069984
